Designator,Mid X,Mid Y,Rotation,Layer
C1,157.5,-78.0,90.0,bottom
GND,159.075,-88.5,90.0,bottom
Q1,141.0,-78.0,270.0,bottom
R1,143.0,-87.0,0.0,bottom
R2,143.0,-83.0,0.0,bottom
SW1,150.0,-102.5,0.0,top
SW2,163.5,-102.5,0.0,top
SW3,136.5,-102.5,0.0,top
TEMP,159.543279,-64.367474,270.0,top
TP1,143.5,-94.5,0.0,bottom
TP2,156.5,-94.5,0.0,bottom
U1,150.12,-107.38,270.0,bottom
U2,150.0,-82.3775,0.0,top
VCC,154.425,-88.5,90.0,bottom
