ISO-10303-21;
HEADER;
/* Generated by software containing ST-Developer
 * from STEP Tools, Inc. (www.steptools.com) 
 */

FILE_DESCRIPTION(
/* description */ (''),
/* implementation_level */ '2;1');

FILE_NAME(
/* name */ 'top-part.step',
/* time_stamp */ '2026-05-28T21:48:32+02:00',
/* author */ (''),
/* organization */ (''),
/* preprocessor_version */ 'ST-DEVELOPER v20.1',
/* originating_system */ 'Autodesk Translation Framework v15.8.0.0',
/* authorisation */ '');

FILE_SCHEMA (('AUTOMOTIVE_DESIGN { 1 0 10303 214 3 1 1 }'));
ENDSEC;

DATA;
#10=MECHANICAL_DESIGN_GEOMETRIC_PRESENTATION_REPRESENTATION('',(#13),#12915);
#11=SHAPE_REPRESENTATION_RELATIONSHIP('SRR','None',#12922,#12);
#12=ADVANCED_BREP_SHAPE_REPRESENTATION('',(#14),#12914);
#13=STYLED_ITEM('',(#12932),#14);
#14=MANIFOLD_SOLID_BREP('top',#7712);
#15=B_SPLINE_CURVE_WITH_KNOTS('',3,(#11525,#11526,#11527,#11528,#11529,
#11530),.UNSPECIFIED.,.F.,.F.,(4,2,4),(0.0778461876840434,0.120460336328257,
0.121101597549772),.UNSPECIFIED.);
#16=B_SPLINE_CURVE_WITH_KNOTS('',3,(#11535,#11536,#11537,#11538,#11539,
#11540),.UNSPECIFIED.,.F.,.F.,(4,2,4),(-0.000639204310064806,0.,0.0332643936987389),
 .UNSPECIFIED.);
#17=B_SPLINE_CURVE_WITH_KNOTS('',3,(#11542,#11543,#11544,#11545,#11546,
#11547),.UNSPECIFIED.,.F.,.F.,(4,2,4),(0.0311733885058761,0.325283051157514,
0.502029362593823),.UNSPECIFIED.);
#18=B_SPLINE_CURVE_WITH_KNOTS('',3,(#11548,#11549,#11550,#11551,#11552,
#11553,#11554,#11555),.UNSPECIFIED.,.F.,.F.,(4,2,2,4),(0.0203871665920177,
0.115754779205812,0.189325676058934,0.257184035972315),.UNSPECIFIED.);
#19=B_SPLINE_CURVE_WITH_KNOTS('',3,(#11558,#11559,#11560,#11561,#11562,
#11563,#11564,#11565,#11566,#11567,#11568,#11569,#11570,#11571,#11572,#11573,
#11574,#11575,#11576,#11577,#11578,#11579,#11580,#11581,#11582,#11583,#11584,
#11585,#11586,#11587,#11588,#11589,#11590,#11591,#11592,#11593,#11594,#11595,
#11596,#11597),.UNSPECIFIED.,.F.,.F.,(4,3,3,3,3,3,3,3,3,3,3,3,3,4),(0.,
0.118308467502451,0.236613164759408,0.354914415366666,0.473212542820419,
0.593934061830005,0.71225160422453,0.830560555446864,0.948862210447563,
1.07139283155995,1.18970235346012,1.30799839180402,1.42629562867544,1.4389846948971),
 .UNSPECIFIED.);
#20=B_SPLINE_CURVE_WITH_KNOTS('',3,(#11600,#11601,#11602,#11603,#11604,
#11605,#11606,#11607,#11608,#11609,#11610,#11611,#11612,#11613,#11614,#11615,
#11616,#11617,#11618,#11619,#11620,#11621,#11622,#11623,#11624,#11625,#11626,
#11627,#11628,#11629,#11630,#11631,#11632,#11633,#11634,#11635,#11636,#11637,
#11638,#11639,#11640,#11641,#11642),.UNSPECIFIED.,.F.,.F.,(4,3,3,3,3,3,
3,3,3,3,3,3,3,3,4),(0.,0.118316810592278,0.236629488662363,0.354938357938665,
0.473243742039625,0.591545964482982,0.714027043128666,0.832349293865107,
0.950662818596207,1.0689689124106,1.18726886952806,1.30558442778906,1.42388577906265,
1.54219015633681,1.57139459364846),.UNSPECIFIED.);
#21=B_SPLINE_CURVE_WITH_KNOTS('',3,(#11653,#11654,#11655,#11656,#11657,
#11658),.UNSPECIFIED.,.F.,.F.,(4,2,4),(0.0529730285116238,0.0865706776222613,
0.0872111014555809),.UNSPECIFIED.);
#22=B_SPLINE_CURVE_WITH_KNOTS('',3,(#11660,#11661,#11662,#11663,#11664,
#11665),.UNSPECIFIED.,.F.,.F.,(4,2,4),(-0.000638515561341236,0.,0.0420694220050224),
 .UNSPECIFIED.);
#23=B_SPLINE_CURVE_WITH_KNOTS('',3,(#11667,#11668,#11669,#11670,#11671,
#11672,#11673,#11674),.UNSPECIFIED.,.F.,.F.,(4,2,2,4),(0.0246194887710729,
0.177928870435569,0.329638281197563,0.433907185608682),.UNSPECIFIED.);
#24=B_SPLINE_CURVE_WITH_KNOTS('',3,(#11676,#11677,#11678,#11679),
 .UNSPECIFIED.,.F.,.F.,(4,4),(0.0260853127779005,0.119569496161426),
 .UNSPECIFIED.);
#25=B_SPLINE_CURVE_WITH_KNOTS('',3,(#11683,#11684,#11685,#11686,#11687,
#11688),.UNSPECIFIED.,.F.,.F.,(4,2,4),(0.119569496161426,0.125105132108329,
0.289727132598661),.UNSPECIFIED.);
#26=B_SPLINE_CURVE_WITH_KNOTS('',3,(#11691,#11692,#11693,#11694,#11695,
#11696,#11697,#11698,#11699,#11700,#11701,#11702,#11703,#11704,#11705,#11706,
#11707,#11708,#11709,#11710,#11711,#11712,#11713,#11714,#11715,#11716,#11717,
#11718,#11719,#11720,#11721,#11722,#11723,#11724,#11725,#11726,#11727,#11728,
#11729,#11730),.UNSPECIFIED.,.F.,.F.,(4,3,3,3,3,3,3,3,3,3,3,3,3,4),(0.,
0.11830459409954,0.236605346294852,0.354902580192057,0.473196619295657,
0.597194089113005,0.715508694990256,0.833814458589322,0.952112674991551,
1.07040463839611,1.18871323746611,1.30700716343598,1.42530545661204,1.46517637783444),
 .UNSPECIFIED.);
#27=B_SPLINE_CURVE_WITH_KNOTS('',3,(#11733,#11734,#11735,#11736,#11737,
#11738,#11739,#11740,#11741,#11742,#11743,#11744,#11745,#11746,#11747,#11748,
#11749,#11750,#11751,#11752,#11753,#11754,#11755,#11756,#11757,#11758,#11759,
#11760,#11761,#11762,#11763,#11764,#11765,#11766,#11767,#11768,#11769,#11770,
#11771,#11772,#11773,#11774,#11775),.UNSPECIFIED.,.F.,.F.,(4,3,3,3,3,3,
3,3,3,3,3,3,3,3,4),(0.,0.118306985778033,0.236609839377041,0.354908884498521,
0.473204444734068,0.591496843574596,0.713967751612739,0.832280177083204,
0.950583877272919,1.06888014716297,1.18717028086568,1.30547601441644,1.42376754215949,
1.54206209565186,1.57126410787974),.UNSPECIFIED.);
#28=B_SPLINE_CURVE_WITH_KNOTS('',3,(#11786,#11787,#11788,#11789,#11790,
#11791),.UNSPECIFIED.,.F.,.F.,(4,2,4),(0.0206310886506144,0.125741045607447,
0.126390841248979),.UNSPECIFIED.);
#29=B_SPLINE_CURVE_WITH_KNOTS('',3,(#11796,#11797,#11798,#11799,#11800,
#11801),.UNSPECIFIED.,.F.,.F.,(4,2,4),(-0.000646595288269902,0.,0.103736864070671),
 .UNSPECIFIED.);
#30=B_SPLINE_CURVE_WITH_KNOTS('',3,(#11803,#11804,#11805,#11806,#11807,
#11808),.UNSPECIFIED.,.F.,.F.,(4,2,4),(0.0130309594172596,0.191654300948303,
0.344937758205304),.UNSPECIFIED.);
#31=B_SPLINE_CURVE_WITH_KNOTS('',3,(#11809,#11810,#11811,#11812,#11813,
#11814),.UNSPECIFIED.,.F.,.F.,(4,2,4),(0.00048272642694479,0.0837621828128279,
0.15309492280227),.UNSPECIFIED.);
#32=B_SPLINE_CURVE_WITH_KNOTS('',3,(#11817,#11818,#11819,#11820,#11821,
#11822,#11823,#11824,#11825,#11826,#11827,#11828,#11829,#11830,#11831,#11832,
#11833,#11834,#11835,#11836,#11837,#11838,#11839,#11840,#11841,#11842,#11843,
#11844,#11845,#11846,#11847,#11848,#11849,#11850),.UNSPECIFIED.,.F.,.F.,
(4,3,3,3,3,3,3,3,3,3,3,4),(0.,0.118309472568805,0.23661565894774,0.354918882604811,
0.473247970759242,0.591567788500001,0.70987963135533,0.828184793922379,
0.94651064757948,1.06482011910132,1.18313993495901,1.26200222145581),
 .UNSPECIFIED.);
#33=B_SPLINE_CURVE_WITH_KNOTS('',3,(#11853,#11854,#11855,#11856,#11857,
#11858,#11859,#11860,#11861,#11862,#11863,#11864,#11865,#11866,#11867,#11868,
#11869,#11870,#11871,#11872,#11873,#11874,#11875,#11876,#11877,#11878,#11879,
#11880,#11881,#11882,#11883,#11884,#11885,#11886,#11887,#11888,#11889,#11890,
#11891,#11892,#11893,#11894,#11895),.UNSPECIFIED.,.F.,.F.,(4,3,3,3,3,3,
3,3,3,3,3,3,3,3,4),(0.,0.118334386938166,0.236664640740245,0.354991085182713,
0.473314043932139,0.591633840554308,0.714133114161405,0.832472942051887,
0.95080404264075,1.06912771120903,1.18744524216876,1.30577837658962,1.42409730191254,
1.5424192536856,1.57162802941108),.UNSPECIFIED.);
#34=B_SPLINE_CURVE_WITH_KNOTS('',3,(#11982,#11983,#11984,#11985,#11986,
#11987,#11988,#11989,#11990,#11991,#11992,#11993,#11994,#11995,#11996,#11997,
#11998,#11999,#12000,#12001,#12002,#12003,#12004,#12005,#12006,#12007,#12008,
#12009,#12010,#12011,#12012,#12013,#12014,#12015,#12016,#12017,#12018,#12019,
#12020,#12021,#12022,#12023,#12024),.UNSPECIFIED.,.F.,.F.,(4,3,3,3,3,3,
3,3,3,3,3,3,3,3,4),(0.,0.118272308483252,0.236540485998655,0.354804856152868,
0.47306574244258,0.591323468263913,0.71375847850825,0.832036225089471,0.950305248947421,
1.06856684468367,1.18682230603113,1.30509336265415,1.42335021763335,1.54161009747499,
1.57080355021861),.UNSPECIFIED.);
#35=ELLIPSE('',#7891,2.26274169979694,1.60000000000001);
#36=ELLIPSE('',#7892,2.26274169979696,1.60000000000001);
#37=ELLIPSE('',#7894,2.26274169979694,1.6);
#38=ELLIPSE('',#7896,2.26274169979695,1.60000000000001);
#39=ELLIPSE('',#7939,1.60128992348091,1.6);
#40=ELLIPSE('',#7947,1.6012899234809,1.6);
#41=ELLIPSE('',#7955,1.60130373484705,1.6);
#42=ELLIPSE('',#7959,1.60115179355333,1.6);
#43=ELLIPSE('',#7960,1.60113848501959,1.6);
#44=ELLIPSE('',#7962,1.60117886338239,1.6);
#45=ELLIPSE('',#7964,1.60122349053328,1.6);
#46=ELLIPSE('',#7966,1.6012899234809,1.6);
#47=ELLIPSE('',#7968,1.60138313493797,1.6);
#48=ELLIPSE('',#7970,1.60150886444402,1.6);
#49=ELLIPSE('',#7972,1.60115834966466,1.6);
#50=ELLIPSE('',#7974,1.60081410980922,1.6);
#51=ELLIPSE('',#7976,1.60085816925785,1.6);
#52=ELLIPSE('',#7978,1.60088814303825,1.6);
#53=ELLIPSE('',#7980,1.60090158116631,1.6);
#54=ELLIPSE('',#7982,1.60089719645513,1.6);
#55=ELLIPSE('',#7984,1.6008751669691,1.6);
#56=ELLIPSE('',#7986,1.60083732214844,1.6);
#57=ELLIPSE('',#7988,1.60078644921819,1.6);
#58=ELLIPSE('',#7990,1.60072619254947,1.6);
#59=ELLIPSE('',#7992,1.60143694236772,1.6);
#60=ELLIPSE('',#7994,1.60160253671485,1.6);
#61=ELLIPSE('',#7996,1.60069950238885,1.6);
#62=ELLIPSE('',#7998,1.60210046870908,1.6);
#63=ELLIPSE('',#8000,1.60143694539658,1.6);
#64=ELLIPSE('',#8002,1.60072619948807,1.6);
#65=ELLIPSE('',#8004,1.60078644199717,1.6);
#66=ELLIPSE('',#8006,1.60083731245595,1.6);
#67=ELLIPSE('',#8008,1.60087517687854,1.6);
#68=ELLIPSE('',#8010,1.60089719645514,1.6);
#69=ELLIPSE('',#8012,1.60090158116629,1.6);
#70=ELLIPSE('',#8014,1.60088815647446,1.6);
#71=ELLIPSE('',#8016,1.60085814237454,1.6);
#72=ELLIPSE('',#8018,1.60081412312946,1.6);
#73=ELLIPSE('',#8020,1.60115835797698,1.6);
#74=ELLIPSE('',#8022,1.6015088452202,1.6);
#75=ELLIPSE('',#8024,1.601383144257,1.6);
#76=ELLIPSE('',#8026,1.6012899234809,1.6);
#77=ELLIPSE('',#8028,1.60122349053327,1.6);
#78=ELLIPSE('',#8030,1.60117887209332,1.6);
#79=ELLIPSE('',#8032,1.60115177644168,1.6);
#80=ELLIPSE('',#8034,1.60113849347183,1.6);
#81=ELLIPSE('',#8036,1.6011260511782,1.6);
#82=ELLIPSE('',#8038,1.60113849347183,1.6);
#83=ELLIPSE('',#8040,1.60115177644169,1.6);
#84=ELLIPSE('',#8043,1.60138314425699,1.6);
#85=ELLIPSE('',#8045,1.6015088452202,1.6);
#86=ELLIPSE('',#8047,1.60158886776405,1.6);
#87=ELLIPSE('',#8049,1.60172858371466,1.6);
#88=ELLIPSE('',#8051,1.60188890586993,1.6);
#89=ELLIPSE('',#8053,1.60194777467439,1.6);
#90=ELLIPSE('',#8055,1.60188512511279,1.6);
#91=ELLIPSE('',#8057,1.60170899127815,1.6);
#92=ELLIPSE('',#8059,1.6014524857551,1.6);
#93=ELLIPSE('',#8061,1.60116022560631,1.6);
#94=ELLIPSE('',#8063,1.60176911296126,1.6);
#95=ELLIPSE('',#8065,1.60163456905624,1.6);
#96=ELLIPSE('',#8067,1.60069950301064,1.6);
#97=ELLIPSE('',#8070,1.60163457225858,1.6);
#98=ELLIPSE('',#8072,1.6017691105851,1.6);
#99=ELLIPSE('',#8074,1.60116021745011,1.6);
#100=ELLIPSE('',#8077,1.60145250624583,1.6);
#101=ELLIPSE('',#8079,1.60170896426065,1.6);
#102=ELLIPSE('',#8081,1.60188514054324,1.6);
#103=ELLIPSE('',#8083,1.60194777467442,1.6);
#104=ELLIPSE('',#8085,1.60188890586991,1.6);
#105=ELLIPSE('',#8087,1.60172860371398,1.6);
#106=ELLIPSE('',#8089,1.60158883885378,1.6);
#107=ELLIPSE('',#8092,1.60122349053327,1.6);
#108=ELLIPSE('',#8094,1.60117886338239,1.6);
#109=ELLIPSE('',#8096,1.60115179355333,1.6);
#110=ELLIPSE('',#8098,1.60113848501959,1.6);
#111=ELLIPSE('',#8100,1.6011260511782,1.6);
#112=TOROIDAL_SURFACE('',#7850,3.4,1.);
#113=TOROIDAL_SURFACE('',#7856,3.4,1.);
#114=TOROIDAL_SURFACE('',#7862,3.4,1.);
#115=TOROIDAL_SURFACE('',#7868,3.40000000000005,1.);
#116=TOROIDAL_SURFACE('',#7911,5.,1.6);
#117=TOROIDAL_SURFACE('',#7916,5.,1.6);
#118=TOROIDAL_SURFACE('',#7921,5.,1.6);
#119=TOROIDAL_SURFACE('',#7926,5.00000000000003,1.6);
#120=TOROIDAL_SURFACE('',#7934,4.35,1.6);
#121=TOROIDAL_SURFACE('',#7942,4.34999999999999,1.6);
#122=TOROIDAL_SURFACE('',#7950,4.35,1.6);
#123=CIRCLE('',#7848,1.);
#124=CIRCLE('',#7849,1.00000000000001);
#125=CIRCLE('',#7851,0.999999999999996);
#126=CIRCLE('',#7852,3.4);
#127=CIRCLE('',#7853,4.4);
#128=CIRCLE('',#7855,0.999999999999996);
#129=CIRCLE('',#7857,0.999999999999996);
#130=CIRCLE('',#7858,3.4);
#131=CIRCLE('',#7859,4.4);
#132=CIRCLE('',#7861,0.999999999999996);
#133=CIRCLE('',#7863,0.999999999999996);
#134=CIRCLE('',#7864,3.4);
#135=CIRCLE('',#7865,4.4);
#136=CIRCLE('',#7867,1.00000000000001);
#137=CIRCLE('',#7869,3.40000000000005);
#138=CIRCLE('',#7870,4.40000000000005);
#139=CIRCLE('',#7872,4.4);
#140=CIRCLE('',#7875,4.4);
#141=CIRCLE('',#7878,0.600000000000023);
#142=CIRCLE('',#7879,0.599999999999987);
#143=CIRCLE('',#7880,0.600000000000023);
#144=CIRCLE('',#7881,0.599999999999987);
#145=CIRCLE('',#7882,0.599999999999987);
#146=CIRCLE('',#7883,0.599999999999987);
#147=CIRCLE('',#7884,0.599999999999987);
#148=CIRCLE('',#7885,0.599999999999987);
#149=CIRCLE('',#7886,0.599999999999987);
#150=CIRCLE('',#7887,0.599999999999987);
#151=CIRCLE('',#7888,0.599999999999987);
#152=CIRCLE('',#7889,0.599999999999987);
#153=CIRCLE('',#7899,4.35);
#154=CIRCLE('',#7900,4.34999999999998);
#155=CIRCLE('',#7901,4.35);
#156=CIRCLE('',#7902,4.35);
#157=CIRCLE('',#7903,4.35);
#158=CIRCLE('',#7904,5.);
#159=CIRCLE('',#7905,5.);
#160=CIRCLE('',#7906,5.);
#161=CIRCLE('',#7907,5.00000000000003);
#162=CIRCLE('',#7909,1.6);
#163=CIRCLE('',#7910,1.6);
#164=CIRCLE('',#7912,1.6);
#165=CIRCLE('',#7913,3.4);
#166=CIRCLE('',#7915,1.6);
#167=CIRCLE('',#7917,1.6);
#168=CIRCLE('',#7918,3.4);
#169=CIRCLE('',#7920,1.6);
#170=CIRCLE('',#7922,1.6);
#171=CIRCLE('',#7923,3.4);
#172=CIRCLE('',#7925,1.6);
#173=CIRCLE('',#7927,3.40000000000003);
#174=CIRCLE('',#7929,3.4);
#175=CIRCLE('',#7932,3.4);
#176=CIRCLE('',#7935,1.6);
#177=CIRCLE('',#7936,2.75);
#178=CIRCLE('',#7941,2.75);
#179=CIRCLE('',#7943,1.6);
#180=CIRCLE('',#7944,2.74999999999999);
#181=CIRCLE('',#7949,2.74999999999999);
#182=CIRCLE('',#7951,1.6);
#183=CIRCLE('',#7952,2.75);
#184=CIRCLE('',#7957,2.75);
#185=CIRCLE('',#8144,1.7);
#186=CIRCLE('',#8146,1.70000000000002);
#187=CIRCLE('',#8148,1.7);
#188=CIRCLE('',#8150,1.7);
#189=CIRCLE('',#8152,1.70000000000002);
#190=CIRCLE('',#8154,1.7);
#191=CIRCLE('',#8237,0.599999999999987);
#192=CIRCLE('',#8240,0.599999999999987);
#193=CIRCLE('',#8243,0.599999999999987);
#194=CIRCLE('',#8246,0.599999999999987);
#195=CIRCLE('',#8249,0.599999999999987);
#196=CIRCLE('',#8252,0.599999999999987);
#197=CIRCLE('',#8255,0.599999999999987);
#198=CIRCLE('',#8258,0.599999999999987);
#199=CIRCLE('',#8261,0.599999999999987);
#200=CIRCLE('',#8264,0.600000000000023);
#201=CIRCLE('',#8267,0.600000000000023);
#202=CIRCLE('',#8270,0.599999999999987);
#203=CIRCLE('',#8272,3.4);
#204=CIRCLE('',#8273,3.40000000000003);
#205=CIRCLE('',#8278,4.40000000000005);
#206=CIRCLE('',#8282,4.4);
#207=CYLINDRICAL_SURFACE('',#7847,1.);
#208=CYLINDRICAL_SURFACE('',#7854,1.);
#209=CYLINDRICAL_SURFACE('',#7860,1.);
#210=CYLINDRICAL_SURFACE('',#7866,1.);
#211=CYLINDRICAL_SURFACE('',#7871,4.4);
#212=CYLINDRICAL_SURFACE('',#7874,4.4);
#213=CYLINDRICAL_SURFACE('',#7890,1.60000000000001);
#214=CYLINDRICAL_SURFACE('',#7893,1.59999999999999);
#215=CYLINDRICAL_SURFACE('',#7895,1.60000000000001);
#216=CYLINDRICAL_SURFACE('',#7897,1.6);
#217=CYLINDRICAL_SURFACE('',#7908,1.6);
#218=CYLINDRICAL_SURFACE('',#7914,1.6);
#219=CYLINDRICAL_SURFACE('',#7919,1.6);
#220=CYLINDRICAL_SURFACE('',#7924,1.6);
#221=CYLINDRICAL_SURFACE('',#7928,3.4);
#222=CYLINDRICAL_SURFACE('',#7931,3.4);
#223=CYLINDRICAL_SURFACE('',#7937,1.6);
#224=CYLINDRICAL_SURFACE('',#7938,1.6);
#225=CYLINDRICAL_SURFACE('',#7940,2.75);
#226=CYLINDRICAL_SURFACE('',#7945,1.6);
#227=CYLINDRICAL_SURFACE('',#7946,1.6);
#228=CYLINDRICAL_SURFACE('',#7948,2.74999999999999);
#229=CYLINDRICAL_SURFACE('',#7953,1.6);
#230=CYLINDRICAL_SURFACE('',#7954,1.6);
#231=CYLINDRICAL_SURFACE('',#7956,2.75);
#232=CYLINDRICAL_SURFACE('',#7958,1.6);
#233=CYLINDRICAL_SURFACE('',#7961,1.6);
#234=CYLINDRICAL_SURFACE('',#7963,1.6);
#235=CYLINDRICAL_SURFACE('',#7965,1.6);
#236=CYLINDRICAL_SURFACE('',#7967,1.6);
#237=CYLINDRICAL_SURFACE('',#7969,1.6);
#238=CYLINDRICAL_SURFACE('',#7971,1.6);
#239=CYLINDRICAL_SURFACE('',#7973,1.6);
#240=CYLINDRICAL_SURFACE('',#7975,1.6);
#241=CYLINDRICAL_SURFACE('',#7977,1.6);
#242=CYLINDRICAL_SURFACE('',#7979,1.6);
#243=CYLINDRICAL_SURFACE('',#7981,1.6);
#244=CYLINDRICAL_SURFACE('',#7983,1.6);
#245=CYLINDRICAL_SURFACE('',#7985,1.6);
#246=CYLINDRICAL_SURFACE('',#7987,1.6);
#247=CYLINDRICAL_SURFACE('',#7989,1.6);
#248=CYLINDRICAL_SURFACE('',#7991,1.6);
#249=CYLINDRICAL_SURFACE('',#7993,1.6);
#250=CYLINDRICAL_SURFACE('',#7995,1.6);
#251=CYLINDRICAL_SURFACE('',#7997,1.6);
#252=CYLINDRICAL_SURFACE('',#7999,1.6);
#253=CYLINDRICAL_SURFACE('',#8001,1.6);
#254=CYLINDRICAL_SURFACE('',#8003,1.6);
#255=CYLINDRICAL_SURFACE('',#8005,1.6);
#256=CYLINDRICAL_SURFACE('',#8007,1.6);
#257=CYLINDRICAL_SURFACE('',#8009,1.6);
#258=CYLINDRICAL_SURFACE('',#8011,1.6);
#259=CYLINDRICAL_SURFACE('',#8013,1.6);
#260=CYLINDRICAL_SURFACE('',#8015,1.6);
#261=CYLINDRICAL_SURFACE('',#8017,1.6);
#262=CYLINDRICAL_SURFACE('',#8019,1.6);
#263=CYLINDRICAL_SURFACE('',#8021,1.6);
#264=CYLINDRICAL_SURFACE('',#8023,1.6);
#265=CYLINDRICAL_SURFACE('',#8025,1.6);
#266=CYLINDRICAL_SURFACE('',#8027,1.6);
#267=CYLINDRICAL_SURFACE('',#8029,1.6);
#268=CYLINDRICAL_SURFACE('',#8031,1.6);
#269=CYLINDRICAL_SURFACE('',#8033,1.6);
#270=CYLINDRICAL_SURFACE('',#8035,1.6);
#271=CYLINDRICAL_SURFACE('',#8037,1.6);
#272=CYLINDRICAL_SURFACE('',#8039,1.6);
#273=CYLINDRICAL_SURFACE('',#8041,1.6);
#274=CYLINDRICAL_SURFACE('',#8042,1.6);
#275=CYLINDRICAL_SURFACE('',#8044,1.6);
#276=CYLINDRICAL_SURFACE('',#8046,1.6);
#277=CYLINDRICAL_SURFACE('',#8048,1.6);
#278=CYLINDRICAL_SURFACE('',#8050,1.6);
#279=CYLINDRICAL_SURFACE('',#8052,1.6);
#280=CYLINDRICAL_SURFACE('',#8054,1.6);
#281=CYLINDRICAL_SURFACE('',#8056,1.6);
#282=CYLINDRICAL_SURFACE('',#8058,1.6);
#283=CYLINDRICAL_SURFACE('',#8060,1.6);
#284=CYLINDRICAL_SURFACE('',#8062,1.6);
#285=CYLINDRICAL_SURFACE('',#8064,1.6);
#286=CYLINDRICAL_SURFACE('',#8066,1.6);
#287=CYLINDRICAL_SURFACE('',#8068,1.6);
#288=CYLINDRICAL_SURFACE('',#8069,1.6);
#289=CYLINDRICAL_SURFACE('',#8071,1.6);
#290=CYLINDRICAL_SURFACE('',#8073,1.6);
#291=CYLINDRICAL_SURFACE('',#8075,1.6);
#292=CYLINDRICAL_SURFACE('',#8076,1.6);
#293=CYLINDRICAL_SURFACE('',#8078,1.6);
#294=CYLINDRICAL_SURFACE('',#8080,1.6);
#295=CYLINDRICAL_SURFACE('',#8082,1.6);
#296=CYLINDRICAL_SURFACE('',#8084,1.6);
#297=CYLINDRICAL_SURFACE('',#8086,1.6);
#298=CYLINDRICAL_SURFACE('',#8088,1.6);
#299=CYLINDRICAL_SURFACE('',#8090,1.6);
#300=CYLINDRICAL_SURFACE('',#8091,1.6);
#301=CYLINDRICAL_SURFACE('',#8093,1.6);
#302=CYLINDRICAL_SURFACE('',#8095,1.6);
#303=CYLINDRICAL_SURFACE('',#8097,1.6);
#304=CYLINDRICAL_SURFACE('',#8099,1.6);
#305=CYLINDRICAL_SURFACE('',#8101,1.6);
#306=CYLINDRICAL_SURFACE('',#8149,1.7);
#307=CYLINDRICAL_SURFACE('',#8151,1.70000000000002);
#308=CYLINDRICAL_SURFACE('',#8153,1.7);
#309=CYLINDRICAL_SURFACE('',#8236,0.599999999999987);
#310=CYLINDRICAL_SURFACE('',#8239,0.599999999999987);
#311=CYLINDRICAL_SURFACE('',#8242,0.599999999999987);
#312=CYLINDRICAL_SURFACE('',#8245,0.599999999999987);
#313=CYLINDRICAL_SURFACE('',#8248,0.599999999999987);
#314=CYLINDRICAL_SURFACE('',#8251,0.599999999999987);
#315=CYLINDRICAL_SURFACE('',#8254,0.599999999999987);
#316=CYLINDRICAL_SURFACE('',#8257,0.599999999999987);
#317=CYLINDRICAL_SURFACE('',#8260,0.599999999999987);
#318=CYLINDRICAL_SURFACE('',#8263,0.600000000000023);
#319=CYLINDRICAL_SURFACE('',#8266,0.600000000000023);
#320=CYLINDRICAL_SURFACE('',#8269,0.599999999999987);
#321=CYLINDRICAL_SURFACE('',#8275,3.4);
#322=CYLINDRICAL_SURFACE('',#8277,4.40000000000005);
#323=CYLINDRICAL_SURFACE('',#8280,3.40000000000003);
#324=CYLINDRICAL_SURFACE('',#8281,4.4);
#325=FACE_BOUND('',#834,.T.);
#326=FACE_BOUND('',#888,.T.);
#327=FACE_BOUND('',#889,.T.);
#328=FACE_BOUND('',#890,.T.);
#329=FACE_BOUND('',#896,.T.);
#330=FACE_BOUND('',#897,.T.);
#331=FACE_BOUND('',#1038,.T.);
#332=FACE_BOUND('',#1040,.T.);
#333=FACE_BOUND('',#1042,.T.);
#334=FACE_BOUND('',#1126,.T.);
#335=FACE_BOUND('',#1127,.T.);
#336=FACE_BOUND('',#1128,.T.);
#337=FACE_BOUND('',#1129,.T.);
#338=FACE_BOUND('',#1155,.T.);
#339=FACE_BOUND('',#1156,.T.);
#340=FACE_BOUND('',#1157,.T.);
#341=FACE_BOUND('',#1167,.T.);
#342=FACE_BOUND('',#1168,.T.);
#343=FACE_BOUND('',#1178,.T.);
#344=FACE_BOUND('',#1180,.T.);
#345=FACE_OUTER_BOUND('',#753,.T.);
#346=FACE_OUTER_BOUND('',#754,.T.);
#347=FACE_OUTER_BOUND('',#755,.T.);
#348=FACE_OUTER_BOUND('',#756,.T.);
#349=FACE_OUTER_BOUND('',#757,.T.);
#350=FACE_OUTER_BOUND('',#758,.T.);
#351=FACE_OUTER_BOUND('',#759,.T.);
#352=FACE_OUTER_BOUND('',#760,.T.);
#353=FACE_OUTER_BOUND('',#761,.T.);
#354=FACE_OUTER_BOUND('',#762,.T.);
#355=FACE_OUTER_BOUND('',#763,.T.);
#356=FACE_OUTER_BOUND('',#764,.T.);
#357=FACE_OUTER_BOUND('',#765,.T.);
#358=FACE_OUTER_BOUND('',#766,.T.);
#359=FACE_OUTER_BOUND('',#767,.T.);
#360=FACE_OUTER_BOUND('',#768,.T.);
#361=FACE_OUTER_BOUND('',#769,.T.);
#362=FACE_OUTER_BOUND('',#770,.T.);
#363=FACE_OUTER_BOUND('',#771,.T.);
#364=FACE_OUTER_BOUND('',#772,.T.);
#365=FACE_OUTER_BOUND('',#773,.T.);
#366=FACE_OUTER_BOUND('',#774,.T.);
#367=FACE_OUTER_BOUND('',#775,.T.);
#368=FACE_OUTER_BOUND('',#776,.T.);
#369=FACE_OUTER_BOUND('',#777,.T.);
#370=FACE_OUTER_BOUND('',#778,.T.);
#371=FACE_OUTER_BOUND('',#779,.T.);
#372=FACE_OUTER_BOUND('',#780,.T.);
#373=FACE_OUTER_BOUND('',#781,.T.);
#374=FACE_OUTER_BOUND('',#782,.T.);
#375=FACE_OUTER_BOUND('',#783,.T.);
#376=FACE_OUTER_BOUND('',#784,.T.);
#377=FACE_OUTER_BOUND('',#785,.T.);
#378=FACE_OUTER_BOUND('',#786,.T.);
#379=FACE_OUTER_BOUND('',#787,.T.);
#380=FACE_OUTER_BOUND('',#788,.T.);
#381=FACE_OUTER_BOUND('',#789,.T.);
#382=FACE_OUTER_BOUND('',#790,.T.);
#383=FACE_OUTER_BOUND('',#791,.T.);
#384=FACE_OUTER_BOUND('',#792,.T.);
#385=FACE_OUTER_BOUND('',#793,.T.);
#386=FACE_OUTER_BOUND('',#794,.T.);
#387=FACE_OUTER_BOUND('',#795,.T.);
#388=FACE_OUTER_BOUND('',#796,.T.);
#389=FACE_OUTER_BOUND('',#797,.T.);
#390=FACE_OUTER_BOUND('',#798,.T.);
#391=FACE_OUTER_BOUND('',#799,.T.);
#392=FACE_OUTER_BOUND('',#800,.T.);
#393=FACE_OUTER_BOUND('',#801,.T.);
#394=FACE_OUTER_BOUND('',#802,.T.);
#395=FACE_OUTER_BOUND('',#803,.T.);
#396=FACE_OUTER_BOUND('',#804,.T.);
#397=FACE_OUTER_BOUND('',#805,.T.);
#398=FACE_OUTER_BOUND('',#806,.T.);
#399=FACE_OUTER_BOUND('',#807,.T.);
#400=FACE_OUTER_BOUND('',#808,.T.);
#401=FACE_OUTER_BOUND('',#809,.T.);
#402=FACE_OUTER_BOUND('',#810,.T.);
#403=FACE_OUTER_BOUND('',#811,.T.);
#404=FACE_OUTER_BOUND('',#812,.T.);
#405=FACE_OUTER_BOUND('',#813,.T.);
#406=FACE_OUTER_BOUND('',#814,.T.);
#407=FACE_OUTER_BOUND('',#815,.T.);
#408=FACE_OUTER_BOUND('',#816,.T.);
#409=FACE_OUTER_BOUND('',#817,.T.);
#410=FACE_OUTER_BOUND('',#818,.T.);
#411=FACE_OUTER_BOUND('',#819,.T.);
#412=FACE_OUTER_BOUND('',#820,.T.);
#413=FACE_OUTER_BOUND('',#821,.T.);
#414=FACE_OUTER_BOUND('',#822,.T.);
#415=FACE_OUTER_BOUND('',#823,.T.);
#416=FACE_OUTER_BOUND('',#824,.T.);
#417=FACE_OUTER_BOUND('',#825,.T.);
#418=FACE_OUTER_BOUND('',#826,.T.);
#419=FACE_OUTER_BOUND('',#827,.T.);
#420=FACE_OUTER_BOUND('',#828,.T.);
#421=FACE_OUTER_BOUND('',#829,.T.);
#422=FACE_OUTER_BOUND('',#830,.T.);
#423=FACE_OUTER_BOUND('',#831,.T.);
#424=FACE_OUTER_BOUND('',#832,.T.);
#425=FACE_OUTER_BOUND('',#833,.T.);
#426=FACE_OUTER_BOUND('',#835,.T.);
#427=FACE_OUTER_BOUND('',#836,.T.);
#428=FACE_OUTER_BOUND('',#837,.T.);
#429=FACE_OUTER_BOUND('',#838,.T.);
#430=FACE_OUTER_BOUND('',#839,.T.);
#431=FACE_OUTER_BOUND('',#840,.T.);
#432=FACE_OUTER_BOUND('',#841,.T.);
#433=FACE_OUTER_BOUND('',#842,.T.);
#434=FACE_OUTER_BOUND('',#843,.T.);
#435=FACE_OUTER_BOUND('',#844,.T.);
#436=FACE_OUTER_BOUND('',#845,.T.);
#437=FACE_OUTER_BOUND('',#846,.T.);
#438=FACE_OUTER_BOUND('',#847,.T.);
#439=FACE_OUTER_BOUND('',#848,.T.);
#440=FACE_OUTER_BOUND('',#849,.T.);
#441=FACE_OUTER_BOUND('',#850,.T.);
#442=FACE_OUTER_BOUND('',#851,.T.);
#443=FACE_OUTER_BOUND('',#852,.T.);
#444=FACE_OUTER_BOUND('',#853,.T.);
#445=FACE_OUTER_BOUND('',#854,.T.);
#446=FACE_OUTER_BOUND('',#855,.T.);
#447=FACE_OUTER_BOUND('',#856,.T.);
#448=FACE_OUTER_BOUND('',#857,.T.);
#449=FACE_OUTER_BOUND('',#858,.T.);
#450=FACE_OUTER_BOUND('',#859,.T.);
#451=FACE_OUTER_BOUND('',#860,.T.);
#452=FACE_OUTER_BOUND('',#861,.T.);
#453=FACE_OUTER_BOUND('',#862,.T.);
#454=FACE_OUTER_BOUND('',#863,.T.);
#455=FACE_OUTER_BOUND('',#864,.T.);
#456=FACE_OUTER_BOUND('',#865,.T.);
#457=FACE_OUTER_BOUND('',#866,.T.);
#458=FACE_OUTER_BOUND('',#867,.T.);
#459=FACE_OUTER_BOUND('',#868,.T.);
#460=FACE_OUTER_BOUND('',#869,.T.);
#461=FACE_OUTER_BOUND('',#870,.T.);
#462=FACE_OUTER_BOUND('',#871,.T.);
#463=FACE_OUTER_BOUND('',#872,.T.);
#464=FACE_OUTER_BOUND('',#873,.T.);
#465=FACE_OUTER_BOUND('',#874,.T.);
#466=FACE_OUTER_BOUND('',#875,.T.);
#467=FACE_OUTER_BOUND('',#876,.T.);
#468=FACE_OUTER_BOUND('',#877,.T.);
#469=FACE_OUTER_BOUND('',#878,.T.);
#470=FACE_OUTER_BOUND('',#879,.T.);
#471=FACE_OUTER_BOUND('',#880,.T.);
#472=FACE_OUTER_BOUND('',#881,.T.);
#473=FACE_OUTER_BOUND('',#882,.T.);
#474=FACE_OUTER_BOUND('',#883,.T.);
#475=FACE_OUTER_BOUND('',#884,.T.);
#476=FACE_OUTER_BOUND('',#885,.T.);
#477=FACE_OUTER_BOUND('',#886,.T.);
#478=FACE_OUTER_BOUND('',#887,.T.);
#479=FACE_OUTER_BOUND('',#891,.T.);
#480=FACE_OUTER_BOUND('',#892,.T.);
#481=FACE_OUTER_BOUND('',#893,.T.);
#482=FACE_OUTER_BOUND('',#894,.T.);
#483=FACE_OUTER_BOUND('',#895,.T.);
#484=FACE_OUTER_BOUND('',#898,.T.);
#485=FACE_OUTER_BOUND('',#899,.T.);
#486=FACE_OUTER_BOUND('',#900,.T.);
#487=FACE_OUTER_BOUND('',#901,.T.);
#488=FACE_OUTER_BOUND('',#902,.T.);
#489=FACE_OUTER_BOUND('',#903,.T.);
#490=FACE_OUTER_BOUND('',#904,.T.);
#491=FACE_OUTER_BOUND('',#905,.T.);
#492=FACE_OUTER_BOUND('',#906,.T.);
#493=FACE_OUTER_BOUND('',#907,.T.);
#494=FACE_OUTER_BOUND('',#908,.T.);
#495=FACE_OUTER_BOUND('',#909,.T.);
#496=FACE_OUTER_BOUND('',#910,.T.);
#497=FACE_OUTER_BOUND('',#911,.T.);
#498=FACE_OUTER_BOUND('',#912,.T.);
#499=FACE_OUTER_BOUND('',#913,.T.);
#500=FACE_OUTER_BOUND('',#914,.T.);
#501=FACE_OUTER_BOUND('',#915,.T.);
#502=FACE_OUTER_BOUND('',#916,.T.);
#503=FACE_OUTER_BOUND('',#917,.T.);
#504=FACE_OUTER_BOUND('',#918,.T.);
#505=FACE_OUTER_BOUND('',#919,.T.);
#506=FACE_OUTER_BOUND('',#920,.T.);
#507=FACE_OUTER_BOUND('',#921,.T.);
#508=FACE_OUTER_BOUND('',#922,.T.);
#509=FACE_OUTER_BOUND('',#923,.T.);
#510=FACE_OUTER_BOUND('',#924,.T.);
#511=FACE_OUTER_BOUND('',#925,.T.);
#512=FACE_OUTER_BOUND('',#926,.T.);
#513=FACE_OUTER_BOUND('',#927,.T.);
#514=FACE_OUTER_BOUND('',#928,.T.);
#515=FACE_OUTER_BOUND('',#929,.T.);
#516=FACE_OUTER_BOUND('',#930,.T.);
#517=FACE_OUTER_BOUND('',#931,.T.);
#518=FACE_OUTER_BOUND('',#932,.T.);
#519=FACE_OUTER_BOUND('',#933,.T.);
#520=FACE_OUTER_BOUND('',#934,.T.);
#521=FACE_OUTER_BOUND('',#935,.T.);
#522=FACE_OUTER_BOUND('',#936,.T.);
#523=FACE_OUTER_BOUND('',#937,.T.);
#524=FACE_OUTER_BOUND('',#938,.T.);
#525=FACE_OUTER_BOUND('',#939,.T.);
#526=FACE_OUTER_BOUND('',#940,.T.);
#527=FACE_OUTER_BOUND('',#941,.T.);
#528=FACE_OUTER_BOUND('',#942,.T.);
#529=FACE_OUTER_BOUND('',#943,.T.);
#530=FACE_OUTER_BOUND('',#944,.T.);
#531=FACE_OUTER_BOUND('',#945,.T.);
#532=FACE_OUTER_BOUND('',#946,.T.);
#533=FACE_OUTER_BOUND('',#947,.T.);
#534=FACE_OUTER_BOUND('',#948,.T.);
#535=FACE_OUTER_BOUND('',#949,.T.);
#536=FACE_OUTER_BOUND('',#950,.T.);
#537=FACE_OUTER_BOUND('',#951,.T.);
#538=FACE_OUTER_BOUND('',#952,.T.);
#539=FACE_OUTER_BOUND('',#953,.T.);
#540=FACE_OUTER_BOUND('',#954,.T.);
#541=FACE_OUTER_BOUND('',#955,.T.);
#542=FACE_OUTER_BOUND('',#956,.T.);
#543=FACE_OUTER_BOUND('',#957,.T.);
#544=FACE_OUTER_BOUND('',#958,.T.);
#545=FACE_OUTER_BOUND('',#959,.T.);
#546=FACE_OUTER_BOUND('',#960,.T.);
#547=FACE_OUTER_BOUND('',#961,.T.);
#548=FACE_OUTER_BOUND('',#962,.T.);
#549=FACE_OUTER_BOUND('',#963,.T.);
#550=FACE_OUTER_BOUND('',#964,.T.);
#551=FACE_OUTER_BOUND('',#965,.T.);
#552=FACE_OUTER_BOUND('',#966,.T.);
#553=FACE_OUTER_BOUND('',#967,.T.);
#554=FACE_OUTER_BOUND('',#968,.T.);
#555=FACE_OUTER_BOUND('',#969,.T.);
#556=FACE_OUTER_BOUND('',#970,.T.);
#557=FACE_OUTER_BOUND('',#971,.T.);
#558=FACE_OUTER_BOUND('',#972,.T.);
#559=FACE_OUTER_BOUND('',#973,.T.);
#560=FACE_OUTER_BOUND('',#974,.T.);
#561=FACE_OUTER_BOUND('',#975,.T.);
#562=FACE_OUTER_BOUND('',#976,.T.);
#563=FACE_OUTER_BOUND('',#977,.T.);
#564=FACE_OUTER_BOUND('',#978,.T.);
#565=FACE_OUTER_BOUND('',#979,.T.);
#566=FACE_OUTER_BOUND('',#980,.T.);
#567=FACE_OUTER_BOUND('',#981,.T.);
#568=FACE_OUTER_BOUND('',#982,.T.);
#569=FACE_OUTER_BOUND('',#983,.T.);
#570=FACE_OUTER_BOUND('',#984,.T.);
#571=FACE_OUTER_BOUND('',#985,.T.);
#572=FACE_OUTER_BOUND('',#986,.T.);
#573=FACE_OUTER_BOUND('',#987,.T.);
#574=FACE_OUTER_BOUND('',#988,.T.);
#575=FACE_OUTER_BOUND('',#989,.T.);
#576=FACE_OUTER_BOUND('',#990,.T.);
#577=FACE_OUTER_BOUND('',#991,.T.);
#578=FACE_OUTER_BOUND('',#992,.T.);
#579=FACE_OUTER_BOUND('',#993,.T.);
#580=FACE_OUTER_BOUND('',#994,.T.);
#581=FACE_OUTER_BOUND('',#995,.T.);
#582=FACE_OUTER_BOUND('',#996,.T.);
#583=FACE_OUTER_BOUND('',#997,.T.);
#584=FACE_OUTER_BOUND('',#998,.T.);
#585=FACE_OUTER_BOUND('',#999,.T.);
#586=FACE_OUTER_BOUND('',#1000,.T.);
#587=FACE_OUTER_BOUND('',#1001,.T.);
#588=FACE_OUTER_BOUND('',#1002,.T.);
#589=FACE_OUTER_BOUND('',#1003,.T.);
#590=FACE_OUTER_BOUND('',#1004,.T.);
#591=FACE_OUTER_BOUND('',#1005,.T.);
#592=FACE_OUTER_BOUND('',#1006,.T.);
#593=FACE_OUTER_BOUND('',#1007,.T.);
#594=FACE_OUTER_BOUND('',#1008,.T.);
#595=FACE_OUTER_BOUND('',#1009,.T.);
#596=FACE_OUTER_BOUND('',#1010,.T.);
#597=FACE_OUTER_BOUND('',#1011,.T.);
#598=FACE_OUTER_BOUND('',#1012,.T.);
#599=FACE_OUTER_BOUND('',#1013,.T.);
#600=FACE_OUTER_BOUND('',#1014,.T.);
#601=FACE_OUTER_BOUND('',#1015,.T.);
#602=FACE_OUTER_BOUND('',#1016,.T.);
#603=FACE_OUTER_BOUND('',#1017,.T.);
#604=FACE_OUTER_BOUND('',#1018,.T.);
#605=FACE_OUTER_BOUND('',#1019,.T.);
#606=FACE_OUTER_BOUND('',#1020,.T.);
#607=FACE_OUTER_BOUND('',#1021,.T.);
#608=FACE_OUTER_BOUND('',#1022,.T.);
#609=FACE_OUTER_BOUND('',#1023,.T.);
#610=FACE_OUTER_BOUND('',#1024,.T.);
#611=FACE_OUTER_BOUND('',#1025,.T.);
#612=FACE_OUTER_BOUND('',#1026,.T.);
#613=FACE_OUTER_BOUND('',#1027,.T.);
#614=FACE_OUTER_BOUND('',#1028,.T.);
#615=FACE_OUTER_BOUND('',#1029,.T.);
#616=FACE_OUTER_BOUND('',#1030,.T.);
#617=FACE_OUTER_BOUND('',#1031,.T.);
#618=FACE_OUTER_BOUND('',#1032,.T.);
#619=FACE_OUTER_BOUND('',#1033,.T.);
#620=FACE_OUTER_BOUND('',#1034,.T.);
#621=FACE_OUTER_BOUND('',#1035,.T.);
#622=FACE_OUTER_BOUND('',#1036,.T.);
#623=FACE_OUTER_BOUND('',#1037,.T.);
#624=FACE_OUTER_BOUND('',#1039,.T.);
#625=FACE_OUTER_BOUND('',#1041,.T.);
#626=FACE_OUTER_BOUND('',#1043,.T.);
#627=FACE_OUTER_BOUND('',#1044,.T.);
#628=FACE_OUTER_BOUND('',#1045,.T.);
#629=FACE_OUTER_BOUND('',#1046,.T.);
#630=FACE_OUTER_BOUND('',#1047,.T.);
#631=FACE_OUTER_BOUND('',#1048,.T.);
#632=FACE_OUTER_BOUND('',#1049,.T.);
#633=FACE_OUTER_BOUND('',#1050,.T.);
#634=FACE_OUTER_BOUND('',#1051,.T.);
#635=FACE_OUTER_BOUND('',#1052,.T.);
#636=FACE_OUTER_BOUND('',#1053,.T.);
#637=FACE_OUTER_BOUND('',#1054,.T.);
#638=FACE_OUTER_BOUND('',#1055,.T.);
#639=FACE_OUTER_BOUND('',#1056,.T.);
#640=FACE_OUTER_BOUND('',#1057,.T.);
#641=FACE_OUTER_BOUND('',#1058,.T.);
#642=FACE_OUTER_BOUND('',#1059,.T.);
#643=FACE_OUTER_BOUND('',#1060,.T.);
#644=FACE_OUTER_BOUND('',#1061,.T.);
#645=FACE_OUTER_BOUND('',#1062,.T.);
#646=FACE_OUTER_BOUND('',#1063,.T.);
#647=FACE_OUTER_BOUND('',#1064,.T.);
#648=FACE_OUTER_BOUND('',#1065,.T.);
#649=FACE_OUTER_BOUND('',#1066,.T.);
#650=FACE_OUTER_BOUND('',#1067,.T.);
#651=FACE_OUTER_BOUND('',#1068,.T.);
#652=FACE_OUTER_BOUND('',#1069,.T.);
#653=FACE_OUTER_BOUND('',#1070,.T.);
#654=FACE_OUTER_BOUND('',#1071,.T.);
#655=FACE_OUTER_BOUND('',#1072,.T.);
#656=FACE_OUTER_BOUND('',#1073,.T.);
#657=FACE_OUTER_BOUND('',#1074,.T.);
#658=FACE_OUTER_BOUND('',#1075,.T.);
#659=FACE_OUTER_BOUND('',#1076,.T.);
#660=FACE_OUTER_BOUND('',#1077,.T.);
#661=FACE_OUTER_BOUND('',#1078,.T.);
#662=FACE_OUTER_BOUND('',#1079,.T.);
#663=FACE_OUTER_BOUND('',#1080,.T.);
#664=FACE_OUTER_BOUND('',#1081,.T.);
#665=FACE_OUTER_BOUND('',#1082,.T.);
#666=FACE_OUTER_BOUND('',#1083,.T.);
#667=FACE_OUTER_BOUND('',#1084,.T.);
#668=FACE_OUTER_BOUND('',#1085,.T.);
#669=FACE_OUTER_BOUND('',#1086,.T.);
#670=FACE_OUTER_BOUND('',#1087,.T.);
#671=FACE_OUTER_BOUND('',#1088,.T.);
#672=FACE_OUTER_BOUND('',#1089,.T.);
#673=FACE_OUTER_BOUND('',#1090,.T.);
#674=FACE_OUTER_BOUND('',#1091,.T.);
#675=FACE_OUTER_BOUND('',#1092,.T.);
#676=FACE_OUTER_BOUND('',#1093,.T.);
#677=FACE_OUTER_BOUND('',#1094,.T.);
#678=FACE_OUTER_BOUND('',#1095,.T.);
#679=FACE_OUTER_BOUND('',#1096,.T.);
#680=FACE_OUTER_BOUND('',#1097,.T.);
#681=FACE_OUTER_BOUND('',#1098,.T.);
#682=FACE_OUTER_BOUND('',#1099,.T.);
#683=FACE_OUTER_BOUND('',#1100,.T.);
#684=FACE_OUTER_BOUND('',#1101,.T.);
#685=FACE_OUTER_BOUND('',#1102,.T.);
#686=FACE_OUTER_BOUND('',#1103,.T.);
#687=FACE_OUTER_BOUND('',#1104,.T.);
#688=FACE_OUTER_BOUND('',#1105,.T.);
#689=FACE_OUTER_BOUND('',#1106,.T.);
#690=FACE_OUTER_BOUND('',#1107,.T.);
#691=FACE_OUTER_BOUND('',#1108,.T.);
#692=FACE_OUTER_BOUND('',#1109,.T.);
#693=FACE_OUTER_BOUND('',#1110,.T.);
#694=FACE_OUTER_BOUND('',#1111,.T.);
#695=FACE_OUTER_BOUND('',#1112,.T.);
#696=FACE_OUTER_BOUND('',#1113,.T.);
#697=FACE_OUTER_BOUND('',#1114,.T.);
#698=FACE_OUTER_BOUND('',#1115,.T.);
#699=FACE_OUTER_BOUND('',#1116,.T.);
#700=FACE_OUTER_BOUND('',#1117,.T.);
#701=FACE_OUTER_BOUND('',#1118,.T.);
#702=FACE_OUTER_BOUND('',#1119,.T.);
#703=FACE_OUTER_BOUND('',#1120,.T.);
#704=FACE_OUTER_BOUND('',#1121,.T.);
#705=FACE_OUTER_BOUND('',#1122,.T.);
#706=FACE_OUTER_BOUND('',#1123,.T.);
#707=FACE_OUTER_BOUND('',#1124,.T.);
#708=FACE_OUTER_BOUND('',#1125,.T.);
#709=FACE_OUTER_BOUND('',#1130,.T.);
#710=FACE_OUTER_BOUND('',#1131,.T.);
#711=FACE_OUTER_BOUND('',#1132,.T.);
#712=FACE_OUTER_BOUND('',#1133,.T.);
#713=FACE_OUTER_BOUND('',#1134,.T.);
#714=FACE_OUTER_BOUND('',#1135,.T.);
#715=FACE_OUTER_BOUND('',#1136,.T.);
#716=FACE_OUTER_BOUND('',#1137,.T.);
#717=FACE_OUTER_BOUND('',#1138,.T.);
#718=FACE_OUTER_BOUND('',#1139,.T.);
#719=FACE_OUTER_BOUND('',#1140,.T.);
#720=FACE_OUTER_BOUND('',#1141,.T.);
#721=FACE_OUTER_BOUND('',#1142,.T.);
#722=FACE_OUTER_BOUND('',#1143,.T.);
#723=FACE_OUTER_BOUND('',#1144,.T.);
#724=FACE_OUTER_BOUND('',#1145,.T.);
#725=FACE_OUTER_BOUND('',#1146,.T.);
#726=FACE_OUTER_BOUND('',#1147,.T.);
#727=FACE_OUTER_BOUND('',#1148,.T.);
#728=FACE_OUTER_BOUND('',#1149,.T.);
#729=FACE_OUTER_BOUND('',#1150,.T.);
#730=FACE_OUTER_BOUND('',#1151,.T.);
#731=FACE_OUTER_BOUND('',#1152,.T.);
#732=FACE_OUTER_BOUND('',#1153,.T.);
#733=FACE_OUTER_BOUND('',#1154,.T.);
#734=FACE_OUTER_BOUND('',#1158,.T.);
#735=FACE_OUTER_BOUND('',#1159,.T.);
#736=FACE_OUTER_BOUND('',#1160,.T.);
#737=FACE_OUTER_BOUND('',#1161,.T.);
#738=FACE_OUTER_BOUND('',#1162,.T.);
#739=FACE_OUTER_BOUND('',#1163,.T.);
#740=FACE_OUTER_BOUND('',#1164,.T.);
#741=FACE_OUTER_BOUND('',#1165,.T.);
#742=FACE_OUTER_BOUND('',#1166,.T.);
#743=FACE_OUTER_BOUND('',#1169,.T.);
#744=FACE_OUTER_BOUND('',#1170,.T.);
#745=FACE_OUTER_BOUND('',#1171,.T.);
#746=FACE_OUTER_BOUND('',#1172,.T.);
#747=FACE_OUTER_BOUND('',#1173,.T.);
#748=FACE_OUTER_BOUND('',#1174,.T.);
#749=FACE_OUTER_BOUND('',#1175,.T.);
#750=FACE_OUTER_BOUND('',#1176,.T.);
#751=FACE_OUTER_BOUND('',#1177,.T.);
#752=FACE_OUTER_BOUND('',#1179,.T.);
#753=EDGE_LOOP('',(#4823,#4824,#4825,#4826));
#754=EDGE_LOOP('',(#4827,#4828,#4829,#4830));
#755=EDGE_LOOP('',(#4831,#4832,#4833,#4834));
#756=EDGE_LOOP('',(#4835,#4836,#4837,#4838));
#757=EDGE_LOOP('',(#4839,#4840,#4841,#4842));
#758=EDGE_LOOP('',(#4843,#4844,#4845,#4846));
#759=EDGE_LOOP('',(#4847,#4848,#4849,#4850));
#760=EDGE_LOOP('',(#4851,#4852,#4853,#4854));
#761=EDGE_LOOP('',(#4855,#4856,#4857,#4858));
#762=EDGE_LOOP('',(#4859,#4860,#4861,#4862));
#763=EDGE_LOOP('',(#4863,#4864,#4865,#4866));
#764=EDGE_LOOP('',(#4867,#4868,#4869,#4870));
#765=EDGE_LOOP('',(#4871,#4872,#4873,#4874));
#766=EDGE_LOOP('',(#4875,#4876,#4877,#4878));
#767=EDGE_LOOP('',(#4879,#4880,#4881,#4882));
#768=EDGE_LOOP('',(#4883,#4884,#4885,#4886));
#769=EDGE_LOOP('',(#4887,#4888,#4889,#4890));
#770=EDGE_LOOP('',(#4891,#4892,#4893,#4894));
#771=EDGE_LOOP('',(#4895,#4896,#4897,#4898));
#772=EDGE_LOOP('',(#4899,#4900,#4901,#4902));
#773=EDGE_LOOP('',(#4903,#4904,#4905,#4906));
#774=EDGE_LOOP('',(#4907,#4908,#4909,#4910));
#775=EDGE_LOOP('',(#4911,#4912,#4913,#4914));
#776=EDGE_LOOP('',(#4915,#4916,#4917,#4918));
#777=EDGE_LOOP('',(#4919,#4920,#4921,#4922));
#778=EDGE_LOOP('',(#4923,#4924,#4925,#4926));
#779=EDGE_LOOP('',(#4927,#4928,#4929,#4930));
#780=EDGE_LOOP('',(#4931,#4932,#4933,#4934));
#781=EDGE_LOOP('',(#4935,#4936,#4937,#4938));
#782=EDGE_LOOP('',(#4939,#4940,#4941,#4942));
#783=EDGE_LOOP('',(#4943,#4944,#4945,#4946));
#784=EDGE_LOOP('',(#4947,#4948,#4949,#4950));
#785=EDGE_LOOP('',(#4951,#4952,#4953,#4954));
#786=EDGE_LOOP('',(#4955,#4956,#4957,#4958));
#787=EDGE_LOOP('',(#4959,#4960,#4961,#4962));
#788=EDGE_LOOP('',(#4963,#4964,#4965,#4966));
#789=EDGE_LOOP('',(#4967,#4968,#4969,#4970));
#790=EDGE_LOOP('',(#4971,#4972,#4973,#4974));
#791=EDGE_LOOP('',(#4975,#4976,#4977,#4978));
#792=EDGE_LOOP('',(#4979,#4980,#4981,#4982));
#793=EDGE_LOOP('',(#4983,#4984,#4985,#4986));
#794=EDGE_LOOP('',(#4987,#4988,#4989,#4990));
#795=EDGE_LOOP('',(#4991,#4992,#4993,#4994));
#796=EDGE_LOOP('',(#4995,#4996,#4997,#4998));
#797=EDGE_LOOP('',(#4999,#5000,#5001,#5002));
#798=EDGE_LOOP('',(#5003,#5004,#5005,#5006));
#799=EDGE_LOOP('',(#5007,#5008,#5009,#5010));
#800=EDGE_LOOP('',(#5011,#5012,#5013,#5014));
#801=EDGE_LOOP('',(#5015,#5016,#5017,#5018));
#802=EDGE_LOOP('',(#5019,#5020,#5021,#5022));
#803=EDGE_LOOP('',(#5023,#5024,#5025,#5026));
#804=EDGE_LOOP('',(#5027,#5028,#5029,#5030));
#805=EDGE_LOOP('',(#5031,#5032,#5033,#5034));
#806=EDGE_LOOP('',(#5035,#5036,#5037,#5038));
#807=EDGE_LOOP('',(#5039,#5040,#5041,#5042));
#808=EDGE_LOOP('',(#5043,#5044,#5045,#5046));
#809=EDGE_LOOP('',(#5047,#5048,#5049,#5050));
#810=EDGE_LOOP('',(#5051,#5052,#5053,#5054));
#811=EDGE_LOOP('',(#5055,#5056,#5057,#5058));
#812=EDGE_LOOP('',(#5059,#5060,#5061,#5062));
#813=EDGE_LOOP('',(#5063,#5064,#5065,#5066));
#814=EDGE_LOOP('',(#5067,#5068,#5069,#5070));
#815=EDGE_LOOP('',(#5071,#5072,#5073,#5074));
#816=EDGE_LOOP('',(#5075,#5076,#5077,#5078));
#817=EDGE_LOOP('',(#5079,#5080,#5081,#5082));
#818=EDGE_LOOP('',(#5083,#5084,#5085,#5086));
#819=EDGE_LOOP('',(#5087,#5088,#5089,#5090));
#820=EDGE_LOOP('',(#5091,#5092,#5093,#5094));
#821=EDGE_LOOP('',(#5095,#5096,#5097,#5098));
#822=EDGE_LOOP('',(#5099,#5100,#5101,#5102));
#823=EDGE_LOOP('',(#5103,#5104,#5105,#5106));
#824=EDGE_LOOP('',(#5107,#5108,#5109,#5110));
#825=EDGE_LOOP('',(#5111,#5112,#5113,#5114));
#826=EDGE_LOOP('',(#5115,#5116,#5117,#5118));
#827=EDGE_LOOP('',(#5119,#5120,#5121,#5122));
#828=EDGE_LOOP('',(#5123,#5124,#5125,#5126));
#829=EDGE_LOOP('',(#5127,#5128,#5129,#5130));
#830=EDGE_LOOP('',(#5131,#5132,#5133,#5134));
#831=EDGE_LOOP('',(#5135,#5136,#5137,#5138));
#832=EDGE_LOOP('',(#5139,#5140,#5141,#5142));
#833=EDGE_LOOP('',(#5143,#5144,#5145,#5146,#5147,#5148,#5149,#5150,#5151,
#5152,#5153,#5154,#5155,#5156,#5157,#5158,#5159,#5160,#5161,#5162,#5163,
#5164,#5165,#5166,#5167,#5168,#5169,#5170,#5171,#5172,#5173,#5174,#5175,
#5176,#5177,#5178,#5179,#5180,#5181,#5182,#5183,#5184,#5185,#5186,#5187,
#5188,#5189,#5190,#5191,#5192,#5193,#5194,#5195,#5196,#5197,#5198,#5199,
#5200,#5201,#5202,#5203,#5204,#5205,#5206,#5207,#5208,#5209,#5210,#5211,
#5212,#5213,#5214,#5215,#5216,#5217,#5218,#5219,#5220,#5221,#5222));
#834=EDGE_LOOP('',(#5223,#5224,#5225,#5226,#5227,#5228,#5229,#5230,#5231,
#5232,#5233,#5234,#5235,#5236,#5237,#5238,#5239,#5240,#5241,#5242,#5243,
#5244,#5245,#5246,#5247,#5248,#5249,#5250,#5251,#5252,#5253,#5254,#5255,
#5256,#5257,#5258,#5259,#5260,#5261,#5262,#5263,#5264,#5265,#5266,#5267,
#5268,#5269,#5270,#5271,#5272,#5273,#5274,#5275,#5276,#5277,#5278,#5279,
#5280,#5281,#5282,#5283,#5284,#5285,#5286,#5287,#5288,#5289,#5290,#5291,
#5292,#5293,#5294,#5295,#5296,#5297,#5298,#5299,#5300,#5301,#5302));
#835=EDGE_LOOP('',(#5303,#5304,#5305,#5306));
#836=EDGE_LOOP('',(#5307,#5308,#5309,#5310));
#837=EDGE_LOOP('',(#5311,#5312,#5313,#5314));
#838=EDGE_LOOP('',(#5315,#5316,#5317,#5318));
#839=EDGE_LOOP('',(#5319,#5320,#5321,#5322));
#840=EDGE_LOOP('',(#5323,#5324,#5325,#5326));
#841=EDGE_LOOP('',(#5327,#5328,#5329,#5330));
#842=EDGE_LOOP('',(#5331,#5332,#5333,#5334));
#843=EDGE_LOOP('',(#5335,#5336,#5337,#5338));
#844=EDGE_LOOP('',(#5339,#5340,#5341,#5342));
#845=EDGE_LOOP('',(#5343,#5344,#5345,#5346));
#846=EDGE_LOOP('',(#5347,#5348,#5349,#5350));
#847=EDGE_LOOP('',(#5351,#5352,#5353,#5354));
#848=EDGE_LOOP('',(#5355,#5356,#5357,#5358));
#849=EDGE_LOOP('',(#5359,#5360,#5361,#5362));
#850=EDGE_LOOP('',(#5363,#5364,#5365,#5366));
#851=EDGE_LOOP('',(#5367,#5368,#5369,#5370));
#852=EDGE_LOOP('',(#5371,#5372,#5373,#5374));
#853=EDGE_LOOP('',(#5375,#5376,#5377,#5378));
#854=EDGE_LOOP('',(#5379,#5380,#5381,#5382));
#855=EDGE_LOOP('',(#5383,#5384,#5385,#5386));
#856=EDGE_LOOP('',(#5387,#5388,#5389,#5390));
#857=EDGE_LOOP('',(#5391,#5392,#5393,#5394));
#858=EDGE_LOOP('',(#5395,#5396,#5397,#5398));
#859=EDGE_LOOP('',(#5399,#5400,#5401,#5402));
#860=EDGE_LOOP('',(#5403,#5404,#5405,#5406));
#861=EDGE_LOOP('',(#5407,#5408,#5409,#5410));
#862=EDGE_LOOP('',(#5411,#5412,#5413,#5414));
#863=EDGE_LOOP('',(#5415,#5416,#5417,#5418));
#864=EDGE_LOOP('',(#5419,#5420,#5421,#5422));
#865=EDGE_LOOP('',(#5423,#5424,#5425,#5426));
#866=EDGE_LOOP('',(#5427,#5428,#5429,#5430));
#867=EDGE_LOOP('',(#5431,#5432,#5433,#5434));
#868=EDGE_LOOP('',(#5435,#5436,#5437,#5438));
#869=EDGE_LOOP('',(#5439,#5440,#5441,#5442));
#870=EDGE_LOOP('',(#5443,#5444,#5445,#5446));
#871=EDGE_LOOP('',(#5447,#5448,#5449,#5450));
#872=EDGE_LOOP('',(#5451,#5452,#5453,#5454));
#873=EDGE_LOOP('',(#5455,#5456,#5457,#5458));
#874=EDGE_LOOP('',(#5459,#5460,#5461,#5462));
#875=EDGE_LOOP('',(#5463,#5464,#5465,#5466));
#876=EDGE_LOOP('',(#5467,#5468,#5469,#5470));
#877=EDGE_LOOP('',(#5471,#5472,#5473,#5474));
#878=EDGE_LOOP('',(#5475,#5476,#5477,#5478));
#879=EDGE_LOOP('',(#5479,#5480,#5481,#5482));
#880=EDGE_LOOP('',(#5483,#5484,#5485,#5486));
#881=EDGE_LOOP('',(#5487,#5488,#5489,#5490));
#882=EDGE_LOOP('',(#5491,#5492,#5493,#5494));
#883=EDGE_LOOP('',(#5495,#5496,#5497,#5498));
#884=EDGE_LOOP('',(#5499,#5500,#5501,#5502));
#885=EDGE_LOOP('',(#5503,#5504,#5505,#5506));
#886=EDGE_LOOP('',(#5507,#5508,#5509,#5510));
#887=EDGE_LOOP('',(#5511,#5512,#5513,#5514,#5515,#5516,#5517,#5518));
#888=EDGE_LOOP('',(#5519,#5520,#5521,#5522,#5523,#5524,#5525,#5526));
#889=EDGE_LOOP('',(#5527,#5528,#5529,#5530,#5531,#5532,#5533,#5534));
#890=EDGE_LOOP('',(#5535,#5536,#5537,#5538,#5539,#5540,#5541,#5542));
#891=EDGE_LOOP('',(#5543,#5544,#5545,#5546));
#892=EDGE_LOOP('',(#5547,#5548,#5549,#5550));
#893=EDGE_LOOP('',(#5551,#5552,#5553,#5554));
#894=EDGE_LOOP('',(#5555,#5556,#5557,#5558));
#895=EDGE_LOOP('',(#5559,#5560,#5561,#5562,#5563,#5564,#5565,#5566,#5567,
#5568,#5569,#5570,#5571,#5572,#5573,#5574,#5575,#5576,#5577,#5578,#5579,
#5580,#5581,#5582,#5583,#5584,#5585,#5586,#5587,#5588,#5589,#5590,#5591,
#5592,#5593,#5594,#5595,#5596,#5597,#5598,#5599,#5600,#5601,#5602,#5603,
#5604,#5605,#5606,#5607,#5608,#5609,#5610,#5611,#5612,#5613,#5614,#5615,
#5616,#5617,#5618,#5619,#5620,#5621,#5622,#5623,#5624,#5625,#5626,#5627,
#5628,#5629,#5630,#5631,#5632,#5633,#5634,#5635,#5636,#5637));
#896=EDGE_LOOP('',(#5638,#5639,#5640,#5641,#5642,#5643,#5644,#5645));
#897=EDGE_LOOP('',(#5646,#5647,#5648,#5649));
#898=EDGE_LOOP('',(#5650,#5651,#5652,#5653));
#899=EDGE_LOOP('',(#5654,#5655,#5656,#5657));
#900=EDGE_LOOP('',(#5658,#5659,#5660,#5661));
#901=EDGE_LOOP('',(#5662,#5663,#5664,#5665));
#902=EDGE_LOOP('',(#5666,#5667,#5668,#5669));
#903=EDGE_LOOP('',(#5670,#5671,#5672,#5673));
#904=EDGE_LOOP('',(#5674,#5675,#5676,#5677));
#905=EDGE_LOOP('',(#5678,#5679,#5680,#5681));
#906=EDGE_LOOP('',(#5682,#5683,#5684,#5685));
#907=EDGE_LOOP('',(#5686,#5687,#5688,#5689));
#908=EDGE_LOOP('',(#5690,#5691,#5692,#5693));
#909=EDGE_LOOP('',(#5694,#5695,#5696,#5697));
#910=EDGE_LOOP('',(#5698,#5699,#5700,#5701,#5702,#5703,#5704,#5705,#5706));
#911=EDGE_LOOP('',(#5707,#5708,#5709,#5710,#5711));
#912=EDGE_LOOP('',(#5712,#5713,#5714,#5715));
#913=EDGE_LOOP('',(#5716,#5717,#5718,#5719));
#914=EDGE_LOOP('',(#5720,#5721,#5722,#5723,#5724,#5725,#5726,#5727,#5728));
#915=EDGE_LOOP('',(#5729,#5730,#5731,#5732,#5733));
#916=EDGE_LOOP('',(#5734,#5735,#5736,#5737,#5738));
#917=EDGE_LOOP('',(#5739,#5740,#5741,#5742));
#918=EDGE_LOOP('',(#5743,#5744,#5745,#5746,#5747,#5748,#5749,#5750,#5751));
#919=EDGE_LOOP('',(#5752,#5753,#5754,#5755,#5756));
#920=EDGE_LOOP('',(#5757,#5758,#5759,#5760));
#921=EDGE_LOOP('',(#5761,#5762,#5763,#5764));
#922=EDGE_LOOP('',(#5765,#5766,#5767,#5768));
#923=EDGE_LOOP('',(#5769,#5770,#5771,#5772));
#924=EDGE_LOOP('',(#5773,#5774,#5775,#5776));
#925=EDGE_LOOP('',(#5777,#5778,#5779,#5780));
#926=EDGE_LOOP('',(#5781,#5782,#5783,#5784));
#927=EDGE_LOOP('',(#5785,#5786,#5787,#5788));
#928=EDGE_LOOP('',(#5789,#5790,#5791,#5792));
#929=EDGE_LOOP('',(#5793,#5794,#5795,#5796));
#930=EDGE_LOOP('',(#5797,#5798,#5799,#5800));
#931=EDGE_LOOP('',(#5801,#5802,#5803,#5804));
#932=EDGE_LOOP('',(#5805,#5806,#5807,#5808));
#933=EDGE_LOOP('',(#5809,#5810,#5811,#5812));
#934=EDGE_LOOP('',(#5813,#5814,#5815,#5816));
#935=EDGE_LOOP('',(#5817,#5818,#5819,#5820));
#936=EDGE_LOOP('',(#5821,#5822,#5823,#5824));
#937=EDGE_LOOP('',(#5825,#5826,#5827,#5828));
#938=EDGE_LOOP('',(#5829,#5830,#5831,#5832));
#939=EDGE_LOOP('',(#5833,#5834,#5835,#5836));
#940=EDGE_LOOP('',(#5837,#5838,#5839,#5840));
#941=EDGE_LOOP('',(#5841,#5842,#5843,#5844,#5845));
#942=EDGE_LOOP('',(#5846,#5847,#5848,#5849));
#943=EDGE_LOOP('',(#5850,#5851,#5852,#5853));
#944=EDGE_LOOP('',(#5854,#5855,#5856,#5857));
#945=EDGE_LOOP('',(#5858,#5859,#5860,#5861));
#946=EDGE_LOOP('',(#5862,#5863,#5864,#5865));
#947=EDGE_LOOP('',(#5866,#5867,#5868,#5869));
#948=EDGE_LOOP('',(#5870,#5871,#5872,#5873));
#949=EDGE_LOOP('',(#5874,#5875,#5876,#5877));
#950=EDGE_LOOP('',(#5878,#5879,#5880,#5881));
#951=EDGE_LOOP('',(#5882,#5883,#5884,#5885));
#952=EDGE_LOOP('',(#5886,#5887,#5888,#5889));
#953=EDGE_LOOP('',(#5890,#5891,#5892,#5893));
#954=EDGE_LOOP('',(#5894,#5895,#5896,#5897));
#955=EDGE_LOOP('',(#5898,#5899,#5900,#5901));
#956=EDGE_LOOP('',(#5902,#5903,#5904,#5905));
#957=EDGE_LOOP('',(#5906,#5907,#5908,#5909));
#958=EDGE_LOOP('',(#5910,#5911,#5912,#5913));
#959=EDGE_LOOP('',(#5914,#5915,#5916,#5917));
#960=EDGE_LOOP('',(#5918,#5919,#5920,#5921));
#961=EDGE_LOOP('',(#5922,#5923,#5924,#5925));
#962=EDGE_LOOP('',(#5926,#5927,#5928,#5929));
#963=EDGE_LOOP('',(#5930,#5931,#5932,#5933));
#964=EDGE_LOOP('',(#5934,#5935,#5936,#5937));
#965=EDGE_LOOP('',(#5938,#5939,#5940,#5941,#5942));
#966=EDGE_LOOP('',(#5943,#5944,#5945,#5946));
#967=EDGE_LOOP('',(#5947,#5948,#5949,#5950));
#968=EDGE_LOOP('',(#5951,#5952,#5953,#5954));
#969=EDGE_LOOP('',(#5955,#5956,#5957,#5958));
#970=EDGE_LOOP('',(#5959,#5960,#5961,#5962));
#971=EDGE_LOOP('',(#5963,#5964,#5965,#5966));
#972=EDGE_LOOP('',(#5967,#5968,#5969,#5970));
#973=EDGE_LOOP('',(#5971,#5972,#5973,#5974));
#974=EDGE_LOOP('',(#5975,#5976,#5977,#5978));
#975=EDGE_LOOP('',(#5979,#5980,#5981,#5982));
#976=EDGE_LOOP('',(#5983,#5984,#5985,#5986));
#977=EDGE_LOOP('',(#5987,#5988,#5989,#5990));
#978=EDGE_LOOP('',(#5991,#5992,#5993,#5994));
#979=EDGE_LOOP('',(#5995,#5996,#5997,#5998));
#980=EDGE_LOOP('',(#5999,#6000,#6001,#6002));
#981=EDGE_LOOP('',(#6003,#6004,#6005,#6006));
#982=EDGE_LOOP('',(#6007,#6008,#6009,#6010));
#983=EDGE_LOOP('',(#6011,#6012,#6013,#6014));
#984=EDGE_LOOP('',(#6015,#6016,#6017,#6018));
#985=EDGE_LOOP('',(#6019,#6020,#6021,#6022));
#986=EDGE_LOOP('',(#6023,#6024,#6025,#6026));
#987=EDGE_LOOP('',(#6027,#6028,#6029,#6030));
#988=EDGE_LOOP('',(#6031,#6032,#6033,#6034));
#989=EDGE_LOOP('',(#6035,#6036,#6037,#6038));
#990=EDGE_LOOP('',(#6039,#6040,#6041,#6042));
#991=EDGE_LOOP('',(#6043,#6044,#6045,#6046,#6047));
#992=EDGE_LOOP('',(#6048,#6049,#6050,#6051));
#993=EDGE_LOOP('',(#6052,#6053,#6054,#6055));
#994=EDGE_LOOP('',(#6056,#6057,#6058,#6059));
#995=EDGE_LOOP('',(#6060,#6061,#6062,#6063));
#996=EDGE_LOOP('',(#6064,#6065,#6066,#6067));
#997=EDGE_LOOP('',(#6068,#6069,#6070,#6071));
#998=EDGE_LOOP('',(#6072,#6073,#6074,#6075));
#999=EDGE_LOOP('',(#6076,#6077,#6078,#6079));
#1000=EDGE_LOOP('',(#6080,#6081,#6082,#6083));
#1001=EDGE_LOOP('',(#6084,#6085,#6086,#6087));
#1002=EDGE_LOOP('',(#6088,#6089,#6090,#6091));
#1003=EDGE_LOOP('',(#6092,#6093,#6094,#6095));
#1004=EDGE_LOOP('',(#6096,#6097,#6098,#6099));
#1005=EDGE_LOOP('',(#6100,#6101,#6102,#6103));
#1006=EDGE_LOOP('',(#6104,#6105,#6106,#6107));
#1007=EDGE_LOOP('',(#6108,#6109,#6110,#6111));
#1008=EDGE_LOOP('',(#6112,#6113,#6114,#6115));
#1009=EDGE_LOOP('',(#6116,#6117,#6118,#6119));
#1010=EDGE_LOOP('',(#6120,#6121,#6122,#6123));
#1011=EDGE_LOOP('',(#6124,#6125,#6126,#6127));
#1012=EDGE_LOOP('',(#6128,#6129,#6130,#6131));
#1013=EDGE_LOOP('',(#6132,#6133,#6134,#6135));
#1014=EDGE_LOOP('',(#6136,#6137,#6138,#6139));
#1015=EDGE_LOOP('',(#6140,#6141,#6142,#6143));
#1016=EDGE_LOOP('',(#6144,#6145,#6146,#6147));
#1017=EDGE_LOOP('',(#6148,#6149,#6150,#6151));
#1018=EDGE_LOOP('',(#6152,#6153,#6154,#6155));
#1019=EDGE_LOOP('',(#6156,#6157,#6158,#6159));
#1020=EDGE_LOOP('',(#6160,#6161,#6162,#6163));
#1021=EDGE_LOOP('',(#6164,#6165,#6166,#6167));
#1022=EDGE_LOOP('',(#6168,#6169,#6170,#6171));
#1023=EDGE_LOOP('',(#6172,#6173,#6174,#6175));
#1024=EDGE_LOOP('',(#6176,#6177,#6178,#6179));
#1025=EDGE_LOOP('',(#6180,#6181,#6182,#6183));
#1026=EDGE_LOOP('',(#6184,#6185,#6186,#6187));
#1027=EDGE_LOOP('',(#6188,#6189,#6190,#6191));
#1028=EDGE_LOOP('',(#6192,#6193,#6194,#6195));
#1029=EDGE_LOOP('',(#6196,#6197,#6198,#6199));
#1030=EDGE_LOOP('',(#6200,#6201,#6202,#6203));
#1031=EDGE_LOOP('',(#6204,#6205,#6206,#6207));
#1032=EDGE_LOOP('',(#6208,#6209,#6210,#6211));
#1033=EDGE_LOOP('',(#6212,#6213,#6214,#6215));
#1034=EDGE_LOOP('',(#6216,#6217,#6218,#6219));
#1035=EDGE_LOOP('',(#6220,#6221,#6222,#6223));
#1036=EDGE_LOOP('',(#6224,#6225,#6226,#6227));
#1037=EDGE_LOOP('',(#6228));
#1038=EDGE_LOOP('',(#6229));
#1039=EDGE_LOOP('',(#6230));
#1040=EDGE_LOOP('',(#6231));
#1041=EDGE_LOOP('',(#6232));
#1042=EDGE_LOOP('',(#6233));
#1043=EDGE_LOOP('',(#6234,#6235,#6236,#6237));
#1044=EDGE_LOOP('',(#6238,#6239,#6240,#6241));
#1045=EDGE_LOOP('',(#6242,#6243,#6244,#6245));
#1046=EDGE_LOOP('',(#6246,#6247,#6248,#6249));
#1047=EDGE_LOOP('',(#6250,#6251,#6252,#6253));
#1048=EDGE_LOOP('',(#6254,#6255,#6256,#6257));
#1049=EDGE_LOOP('',(#6258,#6259,#6260,#6261));
#1050=EDGE_LOOP('',(#6262,#6263,#6264,#6265));
#1051=EDGE_LOOP('',(#6266,#6267,#6268,#6269));
#1052=EDGE_LOOP('',(#6270,#6271,#6272,#6273));
#1053=EDGE_LOOP('',(#6274,#6275,#6276,#6277));
#1054=EDGE_LOOP('',(#6278,#6279,#6280,#6281));
#1055=EDGE_LOOP('',(#6282,#6283,#6284,#6285));
#1056=EDGE_LOOP('',(#6286,#6287,#6288,#6289));
#1057=EDGE_LOOP('',(#6290,#6291,#6292,#6293));
#1058=EDGE_LOOP('',(#6294,#6295,#6296,#6297));
#1059=EDGE_LOOP('',(#6298,#6299,#6300,#6301));
#1060=EDGE_LOOP('',(#6302,#6303,#6304,#6305));
#1061=EDGE_LOOP('',(#6306,#6307,#6308,#6309));
#1062=EDGE_LOOP('',(#6310,#6311,#6312,#6313));
#1063=EDGE_LOOP('',(#6314,#6315,#6316,#6317));
#1064=EDGE_LOOP('',(#6318,#6319,#6320,#6321));
#1065=EDGE_LOOP('',(#6322,#6323,#6324,#6325));
#1066=EDGE_LOOP('',(#6326,#6327,#6328,#6329));
#1067=EDGE_LOOP('',(#6330,#6331,#6332,#6333));
#1068=EDGE_LOOP('',(#6334,#6335,#6336,#6337));
#1069=EDGE_LOOP('',(#6338,#6339,#6340,#6341));
#1070=EDGE_LOOP('',(#6342,#6343,#6344,#6345));
#1071=EDGE_LOOP('',(#6346,#6347,#6348,#6349));
#1072=EDGE_LOOP('',(#6350,#6351,#6352,#6353));
#1073=EDGE_LOOP('',(#6354,#6355,#6356,#6357));
#1074=EDGE_LOOP('',(#6358,#6359,#6360,#6361));
#1075=EDGE_LOOP('',(#6362,#6363,#6364,#6365));
#1076=EDGE_LOOP('',(#6366,#6367,#6368,#6369));
#1077=EDGE_LOOP('',(#6370,#6371,#6372,#6373));
#1078=EDGE_LOOP('',(#6374,#6375,#6376,#6377));
#1079=EDGE_LOOP('',(#6378,#6379,#6380,#6381));
#1080=EDGE_LOOP('',(#6382,#6383,#6384,#6385));
#1081=EDGE_LOOP('',(#6386,#6387,#6388,#6389));
#1082=EDGE_LOOP('',(#6390,#6391,#6392,#6393));
#1083=EDGE_LOOP('',(#6394,#6395,#6396,#6397));
#1084=EDGE_LOOP('',(#6398,#6399,#6400,#6401));
#1085=EDGE_LOOP('',(#6402,#6403,#6404,#6405));
#1086=EDGE_LOOP('',(#6406,#6407,#6408,#6409));
#1087=EDGE_LOOP('',(#6410,#6411,#6412,#6413));
#1088=EDGE_LOOP('',(#6414,#6415,#6416,#6417));
#1089=EDGE_LOOP('',(#6418,#6419,#6420,#6421));
#1090=EDGE_LOOP('',(#6422,#6423,#6424,#6425));
#1091=EDGE_LOOP('',(#6426,#6427,#6428,#6429));
#1092=EDGE_LOOP('',(#6430,#6431,#6432,#6433));
#1093=EDGE_LOOP('',(#6434,#6435,#6436,#6437));
#1094=EDGE_LOOP('',(#6438,#6439,#6440,#6441));
#1095=EDGE_LOOP('',(#6442,#6443,#6444,#6445));
#1096=EDGE_LOOP('',(#6446,#6447,#6448,#6449));
#1097=EDGE_LOOP('',(#6450,#6451,#6452,#6453));
#1098=EDGE_LOOP('',(#6454,#6455,#6456,#6457));
#1099=EDGE_LOOP('',(#6458,#6459,#6460,#6461));
#1100=EDGE_LOOP('',(#6462,#6463,#6464,#6465));
#1101=EDGE_LOOP('',(#6466,#6467,#6468,#6469));
#1102=EDGE_LOOP('',(#6470,#6471,#6472,#6473));
#1103=EDGE_LOOP('',(#6474,#6475,#6476,#6477));
#1104=EDGE_LOOP('',(#6478,#6479,#6480,#6481));
#1105=EDGE_LOOP('',(#6482,#6483,#6484,#6485));
#1106=EDGE_LOOP('',(#6486,#6487,#6488,#6489));
#1107=EDGE_LOOP('',(#6490,#6491,#6492,#6493));
#1108=EDGE_LOOP('',(#6494,#6495,#6496,#6497));
#1109=EDGE_LOOP('',(#6498,#6499,#6500,#6501));
#1110=EDGE_LOOP('',(#6502,#6503,#6504,#6505));
#1111=EDGE_LOOP('',(#6506,#6507,#6508,#6509));
#1112=EDGE_LOOP('',(#6510,#6511,#6512,#6513));
#1113=EDGE_LOOP('',(#6514,#6515,#6516,#6517));
#1114=EDGE_LOOP('',(#6518,#6519,#6520,#6521));
#1115=EDGE_LOOP('',(#6522,#6523,#6524,#6525));
#1116=EDGE_LOOP('',(#6526,#6527,#6528,#6529));
#1117=EDGE_LOOP('',(#6530,#6531,#6532,#6533));
#1118=EDGE_LOOP('',(#6534,#6535,#6536,#6537));
#1119=EDGE_LOOP('',(#6538,#6539,#6540,#6541));
#1120=EDGE_LOOP('',(#6542,#6543,#6544,#6545));
#1121=EDGE_LOOP('',(#6546,#6547,#6548,#6549));
#1122=EDGE_LOOP('',(#6550,#6551,#6552,#6553));
#1123=EDGE_LOOP('',(#6554,#6555,#6556,#6557));
#1124=EDGE_LOOP('',(#6558,#6559,#6560,#6561));
#1125=EDGE_LOOP('',(#6562,#6563,#6564,#6565,#6566,#6567,#6568,#6569,#6570,
#6571,#6572,#6573,#6574,#6575,#6576,#6577,#6578,#6579,#6580,#6581,#6582,
#6583,#6584,#6585,#6586,#6587,#6588,#6589,#6590,#6591,#6592,#6593,#6594,
#6595,#6596,#6597,#6598,#6599,#6600,#6601,#6602,#6603,#6604,#6605,#6606,
#6607,#6608,#6609,#6610,#6611,#6612,#6613,#6614,#6615,#6616,#6617,#6618,
#6619,#6620,#6621,#6622,#6623,#6624,#6625,#6626,#6627,#6628,#6629,#6630,
#6631,#6632,#6633,#6634,#6635,#6636,#6637,#6638,#6639,#6640,#6641));
#1126=EDGE_LOOP('',(#6642));
#1127=EDGE_LOOP('',(#6643));
#1128=EDGE_LOOP('',(#6644));
#1129=EDGE_LOOP('',(#6645,#6646,#6647,#6648,#6649,#6650,#6651,#6652,#6653,
#6654,#6655,#6656,#6657,#6658,#6659,#6660,#6661,#6662,#6663,#6664,#6665,
#6666,#6667,#6668,#6669,#6670,#6671,#6672,#6673,#6674,#6675,#6676,#6677,
#6678,#6679,#6680,#6681,#6682,#6683,#6684,#6685,#6686,#6687,#6688,#6689,
#6690,#6691,#6692,#6693,#6694,#6695,#6696,#6697,#6698,#6699,#6700,#6701,
#6702,#6703,#6704,#6705,#6706,#6707,#6708,#6709,#6710,#6711,#6712,#6713,
#6714,#6715,#6716,#6717,#6718,#6719,#6720,#6721,#6722,#6723,#6724));
#1130=EDGE_LOOP('',(#6725,#6726,#6727,#6728));
#1131=EDGE_LOOP('',(#6729,#6730,#6731,#6732));
#1132=EDGE_LOOP('',(#6733,#6734,#6735,#6736));
#1133=EDGE_LOOP('',(#6737,#6738,#6739,#6740));
#1134=EDGE_LOOP('',(#6741,#6742,#6743,#6744));
#1135=EDGE_LOOP('',(#6745,#6746,#6747,#6748));
#1136=EDGE_LOOP('',(#6749,#6750,#6751,#6752));
#1137=EDGE_LOOP('',(#6753,#6754,#6755,#6756));
#1138=EDGE_LOOP('',(#6757,#6758,#6759,#6760));
#1139=EDGE_LOOP('',(#6761,#6762,#6763,#6764));
#1140=EDGE_LOOP('',(#6765,#6766,#6767,#6768));
#1141=EDGE_LOOP('',(#6769,#6770,#6771,#6772));
#1142=EDGE_LOOP('',(#6773,#6774,#6775,#6776));
#1143=EDGE_LOOP('',(#6777,#6778,#6779,#6780));
#1144=EDGE_LOOP('',(#6781,#6782,#6783,#6784));
#1145=EDGE_LOOP('',(#6785,#6786,#6787,#6788));
#1146=EDGE_LOOP('',(#6789,#6790,#6791,#6792));
#1147=EDGE_LOOP('',(#6793,#6794,#6795,#6796));
#1148=EDGE_LOOP('',(#6797,#6798,#6799,#6800));
#1149=EDGE_LOOP('',(#6801,#6802,#6803,#6804));
#1150=EDGE_LOOP('',(#6805,#6806,#6807,#6808));
#1151=EDGE_LOOP('',(#6809,#6810,#6811,#6812));
#1152=EDGE_LOOP('',(#6813,#6814,#6815,#6816));
#1153=EDGE_LOOP('',(#6817,#6818,#6819,#6820));
#1154=EDGE_LOOP('',(#6821,#6822,#6823,#6824,#6825,#6826,#6827,#6828));
#1155=EDGE_LOOP('',(#6829,#6830,#6831,#6832,#6833,#6834,#6835,#6836));
#1156=EDGE_LOOP('',(#6837,#6838,#6839,#6840,#6841,#6842,#6843,#6844));
#1157=EDGE_LOOP('',(#6845,#6846,#6847,#6848,#6849,#6850,#6851,#6852));
#1158=EDGE_LOOP('',(#6853,#6854,#6855,#6856));
#1159=EDGE_LOOP('',(#6857,#6858,#6859,#6860));
#1160=EDGE_LOOP('',(#6861,#6862,#6863,#6864));
#1161=EDGE_LOOP('',(#6865,#6866,#6867,#6868));
#1162=EDGE_LOOP('',(#6869,#6870,#6871,#6872));
#1163=EDGE_LOOP('',(#6873,#6874,#6875,#6876));
#1164=EDGE_LOOP('',(#6877,#6878,#6879,#6880));
#1165=EDGE_LOOP('',(#6881,#6882,#6883,#6884));
#1166=EDGE_LOOP('',(#6885,#6886,#6887,#6888,#6889,#6890,#6891,#6892,#6893,
#6894,#6895,#6896,#6897,#6898,#6899,#6900,#6901,#6902,#6903,#6904,#6905,
#6906,#6907,#6908,#6909,#6910,#6911,#6912,#6913,#6914,#6915,#6916,#6917,
#6918,#6919,#6920,#6921,#6922,#6923,#6924,#6925,#6926,#6927,#6928,#6929,
#6930,#6931,#6932,#6933,#6934,#6935,#6936,#6937,#6938,#6939,#6940,#6941,
#6942,#6943,#6944,#6945,#6946,#6947,#6948,#6949,#6950,#6951,#6952,#6953,
#6954,#6955,#6956,#6957,#6958,#6959,#6960,#6961,#6962,#6963,#6964));
#1167=EDGE_LOOP('',(#6965,#6966,#6967,#6968));
#1168=EDGE_LOOP('',(#6969,#6970,#6971,#6972,#6973,#6974,#6975,#6976));
#1169=EDGE_LOOP('',(#6977,#6978,#6979,#6980));
#1170=EDGE_LOOP('',(#6981,#6982,#6983,#6984));
#1171=EDGE_LOOP('',(#6985,#6986,#6987,#6988));
#1172=EDGE_LOOP('',(#6989,#6990,#6991,#6992));
#1173=EDGE_LOOP('',(#6993,#6994,#6995,#6996));
#1174=EDGE_LOOP('',(#6997,#6998,#6999,#7000));
#1175=EDGE_LOOP('',(#7001,#7002,#7003,#7004));
#1176=EDGE_LOOP('',(#7005,#7006,#7007,#7008));
#1177=EDGE_LOOP('',(#7009,#7010,#7011,#7012));
#1178=EDGE_LOOP('',(#7013,#7014,#7015,#7016));
#1179=EDGE_LOOP('',(#7017,#7018,#7019,#7020));
#1180=EDGE_LOOP('',(#7021,#7022,#7023,#7024));
#1181=LINE('',#10359,#2101);
#1182=LINE('',#10361,#2102);
#1183=LINE('',#10363,#2103);
#1184=LINE('',#10364,#2104);
#1185=LINE('',#10367,#2105);
#1186=LINE('',#10369,#2106);
#1187=LINE('',#10370,#2107);
#1188=LINE('',#10373,#2108);
#1189=LINE('',#10375,#2109);
#1190=LINE('',#10376,#2110);
#1191=LINE('',#10379,#2111);
#1192=LINE('',#10381,#2112);
#1193=LINE('',#10382,#2113);
#1194=LINE('',#10385,#2114);
#1195=LINE('',#10387,#2115);
#1196=LINE('',#10388,#2116);
#1197=LINE('',#10391,#2117);
#1198=LINE('',#10393,#2118);
#1199=LINE('',#10394,#2119);
#1200=LINE('',#10397,#2120);
#1201=LINE('',#10399,#2121);
#1202=LINE('',#10400,#2122);
#1203=LINE('',#10403,#2123);
#1204=LINE('',#10405,#2124);
#1205=LINE('',#10406,#2125);
#1206=LINE('',#10409,#2126);
#1207=LINE('',#10411,#2127);
#1208=LINE('',#10412,#2128);
#1209=LINE('',#10415,#2129);
#1210=LINE('',#10417,#2130);
#1211=LINE('',#10418,#2131);
#1212=LINE('',#10421,#2132);
#1213=LINE('',#10423,#2133);
#1214=LINE('',#10424,#2134);
#1215=LINE('',#10427,#2135);
#1216=LINE('',#10429,#2136);
#1217=LINE('',#10430,#2137);
#1218=LINE('',#10433,#2138);
#1219=LINE('',#10435,#2139);
#1220=LINE('',#10436,#2140);
#1221=LINE('',#10439,#2141);
#1222=LINE('',#10441,#2142);
#1223=LINE('',#10442,#2143);
#1224=LINE('',#10445,#2144);
#1225=LINE('',#10447,#2145);
#1226=LINE('',#10448,#2146);
#1227=LINE('',#10451,#2147);
#1228=LINE('',#10453,#2148);
#1229=LINE('',#10454,#2149);
#1230=LINE('',#10457,#2150);
#1231=LINE('',#10459,#2151);
#1232=LINE('',#10460,#2152);
#1233=LINE('',#10463,#2153);
#1234=LINE('',#10465,#2154);
#1235=LINE('',#10466,#2155);
#1236=LINE('',#10469,#2156);
#1237=LINE('',#10471,#2157);
#1238=LINE('',#10472,#2158);
#1239=LINE('',#10475,#2159);
#1240=LINE('',#10477,#2160);
#1241=LINE('',#10478,#2161);
#1242=LINE('',#10481,#2162);
#1243=LINE('',#10483,#2163);
#1244=LINE('',#10484,#2164);
#1245=LINE('',#10487,#2165);
#1246=LINE('',#10489,#2166);
#1247=LINE('',#10490,#2167);
#1248=LINE('',#10493,#2168);
#1249=LINE('',#10495,#2169);
#1250=LINE('',#10496,#2170);
#1251=LINE('',#10499,#2171);
#1252=LINE('',#10501,#2172);
#1253=LINE('',#10502,#2173);
#1254=LINE('',#10505,#2174);
#1255=LINE('',#10507,#2175);
#1256=LINE('',#10508,#2176);
#1257=LINE('',#10511,#2177);
#1258=LINE('',#10513,#2178);
#1259=LINE('',#10514,#2179);
#1260=LINE('',#10517,#2180);
#1261=LINE('',#10519,#2181);
#1262=LINE('',#10520,#2182);
#1263=LINE('',#10523,#2183);
#1264=LINE('',#10525,#2184);
#1265=LINE('',#10526,#2185);
#1266=LINE('',#10529,#2186);
#1267=LINE('',#10531,#2187);
#1268=LINE('',#10532,#2188);
#1269=LINE('',#10535,#2189);
#1270=LINE('',#10537,#2190);
#1271=LINE('',#10538,#2191);
#1272=LINE('',#10541,#2192);
#1273=LINE('',#10543,#2193);
#1274=LINE('',#10544,#2194);
#1275=LINE('',#10547,#2195);
#1276=LINE('',#10549,#2196);
#1277=LINE('',#10550,#2197);
#1278=LINE('',#10553,#2198);
#1279=LINE('',#10555,#2199);
#1280=LINE('',#10556,#2200);
#1281=LINE('',#10559,#2201);
#1282=LINE('',#10561,#2202);
#1283=LINE('',#10562,#2203);
#1284=LINE('',#10565,#2204);
#1285=LINE('',#10567,#2205);
#1286=LINE('',#10568,#2206);
#1287=LINE('',#10571,#2207);
#1288=LINE('',#10573,#2208);
#1289=LINE('',#10574,#2209);
#1290=LINE('',#10577,#2210);
#1291=LINE('',#10579,#2211);
#1292=LINE('',#10580,#2212);
#1293=LINE('',#10583,#2213);
#1294=LINE('',#10585,#2214);
#1295=LINE('',#10586,#2215);
#1296=LINE('',#10589,#2216);
#1297=LINE('',#10591,#2217);
#1298=LINE('',#10592,#2218);
#1299=LINE('',#10595,#2219);
#1300=LINE('',#10597,#2220);
#1301=LINE('',#10598,#2221);
#1302=LINE('',#10601,#2222);
#1303=LINE('',#10603,#2223);
#1304=LINE('',#10604,#2224);
#1305=LINE('',#10607,#2225);
#1306=LINE('',#10609,#2226);
#1307=LINE('',#10610,#2227);
#1308=LINE('',#10613,#2228);
#1309=LINE('',#10615,#2229);
#1310=LINE('',#10616,#2230);
#1311=LINE('',#10619,#2231);
#1312=LINE('',#10621,#2232);
#1313=LINE('',#10622,#2233);
#1314=LINE('',#10625,#2234);
#1315=LINE('',#10627,#2235);
#1316=LINE('',#10628,#2236);
#1317=LINE('',#10631,#2237);
#1318=LINE('',#10633,#2238);
#1319=LINE('',#10634,#2239);
#1320=LINE('',#10637,#2240);
#1321=LINE('',#10639,#2241);
#1322=LINE('',#10640,#2242);
#1323=LINE('',#10643,#2243);
#1324=LINE('',#10645,#2244);
#1325=LINE('',#10646,#2245);
#1326=LINE('',#10649,#2246);
#1327=LINE('',#10651,#2247);
#1328=LINE('',#10652,#2248);
#1329=LINE('',#10655,#2249);
#1330=LINE('',#10657,#2250);
#1331=LINE('',#10658,#2251);
#1332=LINE('',#10661,#2252);
#1333=LINE('',#10663,#2253);
#1334=LINE('',#10664,#2254);
#1335=LINE('',#10667,#2255);
#1336=LINE('',#10669,#2256);
#1337=LINE('',#10670,#2257);
#1338=LINE('',#10673,#2258);
#1339=LINE('',#10675,#2259);
#1340=LINE('',#10676,#2260);
#1341=LINE('',#10679,#2261);
#1342=LINE('',#10681,#2262);
#1343=LINE('',#10682,#2263);
#1344=LINE('',#10685,#2264);
#1345=LINE('',#10687,#2265);
#1346=LINE('',#10688,#2266);
#1347=LINE('',#10691,#2267);
#1348=LINE('',#10693,#2268);
#1349=LINE('',#10694,#2269);
#1350=LINE('',#10697,#2270);
#1351=LINE('',#10699,#2271);
#1352=LINE('',#10700,#2272);
#1353=LINE('',#10703,#2273);
#1354=LINE('',#10705,#2274);
#1355=LINE('',#10706,#2275);
#1356=LINE('',#10709,#2276);
#1357=LINE('',#10711,#2277);
#1358=LINE('',#10712,#2278);
#1359=LINE('',#10715,#2279);
#1360=LINE('',#10717,#2280);
#1361=LINE('',#10718,#2281);
#1362=LINE('',#10721,#2282);
#1363=LINE('',#10723,#2283);
#1364=LINE('',#10724,#2284);
#1365=LINE('',#10727,#2285);
#1366=LINE('',#10729,#2286);
#1367=LINE('',#10730,#2287);
#1368=LINE('',#10733,#2288);
#1369=LINE('',#10735,#2289);
#1370=LINE('',#10736,#2290);
#1371=LINE('',#10739,#2291);
#1372=LINE('',#10741,#2292);
#1373=LINE('',#10742,#2293);
#1374=LINE('',#10745,#2294);
#1375=LINE('',#10747,#2295);
#1376=LINE('',#10748,#2296);
#1377=LINE('',#10751,#2297);
#1378=LINE('',#10753,#2298);
#1379=LINE('',#10754,#2299);
#1380=LINE('',#10757,#2300);
#1381=LINE('',#10759,#2301);
#1382=LINE('',#10760,#2302);
#1383=LINE('',#10763,#2303);
#1384=LINE('',#10765,#2304);
#1385=LINE('',#10766,#2305);
#1386=LINE('',#10769,#2306);
#1387=LINE('',#10771,#2307);
#1388=LINE('',#10772,#2308);
#1389=LINE('',#10775,#2309);
#1390=LINE('',#10777,#2310);
#1391=LINE('',#10778,#2311);
#1392=LINE('',#10781,#2312);
#1393=LINE('',#10783,#2313);
#1394=LINE('',#10784,#2314);
#1395=LINE('',#10787,#2315);
#1396=LINE('',#10789,#2316);
#1397=LINE('',#10790,#2317);
#1398=LINE('',#10793,#2318);
#1399=LINE('',#10795,#2319);
#1400=LINE('',#10796,#2320);
#1401=LINE('',#10799,#2321);
#1402=LINE('',#10801,#2322);
#1403=LINE('',#10802,#2323);
#1404=LINE('',#10805,#2324);
#1405=LINE('',#10807,#2325);
#1406=LINE('',#10808,#2326);
#1407=LINE('',#10811,#2327);
#1408=LINE('',#10813,#2328);
#1409=LINE('',#10814,#2329);
#1410=LINE('',#10817,#2330);
#1411=LINE('',#10819,#2331);
#1412=LINE('',#10820,#2332);
#1413=LINE('',#10823,#2333);
#1414=LINE('',#10825,#2334);
#1415=LINE('',#10826,#2335);
#1416=LINE('',#10829,#2336);
#1417=LINE('',#10831,#2337);
#1418=LINE('',#10832,#2338);
#1419=LINE('',#10834,#2339);
#1420=LINE('',#10835,#2340);
#1421=LINE('',#10839,#2341);
#1422=LINE('',#10841,#2342);
#1423=LINE('',#10843,#2343);
#1424=LINE('',#10845,#2344);
#1425=LINE('',#10847,#2345);
#1426=LINE('',#10849,#2346);
#1427=LINE('',#10851,#2347);
#1428=LINE('',#10853,#2348);
#1429=LINE('',#10855,#2349);
#1430=LINE('',#10857,#2350);
#1431=LINE('',#10859,#2351);
#1432=LINE('',#10861,#2352);
#1433=LINE('',#10863,#2353);
#1434=LINE('',#10865,#2354);
#1435=LINE('',#10867,#2355);
#1436=LINE('',#10869,#2356);
#1437=LINE('',#10871,#2357);
#1438=LINE('',#10873,#2358);
#1439=LINE('',#10875,#2359);
#1440=LINE('',#10877,#2360);
#1441=LINE('',#10879,#2361);
#1442=LINE('',#10881,#2362);
#1443=LINE('',#10883,#2363);
#1444=LINE('',#10885,#2364);
#1445=LINE('',#10887,#2365);
#1446=LINE('',#10889,#2366);
#1447=LINE('',#10891,#2367);
#1448=LINE('',#10893,#2368);
#1449=LINE('',#10895,#2369);
#1450=LINE('',#10897,#2370);
#1451=LINE('',#10899,#2371);
#1452=LINE('',#10901,#2372);
#1453=LINE('',#10903,#2373);
#1454=LINE('',#10905,#2374);
#1455=LINE('',#10907,#2375);
#1456=LINE('',#10909,#2376);
#1457=LINE('',#10911,#2377);
#1458=LINE('',#10913,#2378);
#1459=LINE('',#10915,#2379);
#1460=LINE('',#10917,#2380);
#1461=LINE('',#10919,#2381);
#1462=LINE('',#10921,#2382);
#1463=LINE('',#10923,#2383);
#1464=LINE('',#10925,#2384);
#1465=LINE('',#10927,#2385);
#1466=LINE('',#10929,#2386);
#1467=LINE('',#10931,#2387);
#1468=LINE('',#10933,#2388);
#1469=LINE('',#10935,#2389);
#1470=LINE('',#10937,#2390);
#1471=LINE('',#10939,#2391);
#1472=LINE('',#10941,#2392);
#1473=LINE('',#10943,#2393);
#1474=LINE('',#10945,#2394);
#1475=LINE('',#10947,#2395);
#1476=LINE('',#10949,#2396);
#1477=LINE('',#10951,#2397);
#1478=LINE('',#10953,#2398);
#1479=LINE('',#10955,#2399);
#1480=LINE('',#10957,#2400);
#1481=LINE('',#10959,#2401);
#1482=LINE('',#10961,#2402);
#1483=LINE('',#10963,#2403);
#1484=LINE('',#10965,#2404);
#1485=LINE('',#10967,#2405);
#1486=LINE('',#10969,#2406);
#1487=LINE('',#10971,#2407);
#1488=LINE('',#10973,#2408);
#1489=LINE('',#10975,#2409);
#1490=LINE('',#10977,#2410);
#1491=LINE('',#10979,#2411);
#1492=LINE('',#10981,#2412);
#1493=LINE('',#10983,#2413);
#1494=LINE('',#10985,#2414);
#1495=LINE('',#10987,#2415);
#1496=LINE('',#10989,#2416);
#1497=LINE('',#10991,#2417);
#1498=LINE('',#10993,#2418);
#1499=LINE('',#10995,#2419);
#1500=LINE('',#10996,#2420);
#1501=LINE('',#10999,#2421);
#1502=LINE('',#11001,#2422);
#1503=LINE('',#11002,#2423);
#1504=LINE('',#11005,#2424);
#1505=LINE('',#11006,#2425);
#1506=LINE('',#11009,#2426);
#1507=LINE('',#11010,#2427);
#1508=LINE('',#11013,#2428);
#1509=LINE('',#11014,#2429);
#1510=LINE('',#11017,#2430);
#1511=LINE('',#11018,#2431);
#1512=LINE('',#11021,#2432);
#1513=LINE('',#11022,#2433);
#1514=LINE('',#11025,#2434);
#1515=LINE('',#11026,#2435);
#1516=LINE('',#11029,#2436);
#1517=LINE('',#11030,#2437);
#1518=LINE('',#11033,#2438);
#1519=LINE('',#11034,#2439);
#1520=LINE('',#11037,#2440);
#1521=LINE('',#11038,#2441);
#1522=LINE('',#11041,#2442);
#1523=LINE('',#11042,#2443);
#1524=LINE('',#11045,#2444);
#1525=LINE('',#11046,#2445);
#1526=LINE('',#11049,#2446);
#1527=LINE('',#11050,#2447);
#1528=LINE('',#11053,#2448);
#1529=LINE('',#11054,#2449);
#1530=LINE('',#11057,#2450);
#1531=LINE('',#11058,#2451);
#1532=LINE('',#11061,#2452);
#1533=LINE('',#11062,#2453);
#1534=LINE('',#11065,#2454);
#1535=LINE('',#11066,#2455);
#1536=LINE('',#11069,#2456);
#1537=LINE('',#11070,#2457);
#1538=LINE('',#11073,#2458);
#1539=LINE('',#11074,#2459);
#1540=LINE('',#11077,#2460);
#1541=LINE('',#11078,#2461);
#1542=LINE('',#11081,#2462);
#1543=LINE('',#11082,#2463);
#1544=LINE('',#11085,#2464);
#1545=LINE('',#11086,#2465);
#1546=LINE('',#11089,#2466);
#1547=LINE('',#11090,#2467);
#1548=LINE('',#11093,#2468);
#1549=LINE('',#11094,#2469);
#1550=LINE('',#11097,#2470);
#1551=LINE('',#11098,#2471);
#1552=LINE('',#11101,#2472);
#1553=LINE('',#11102,#2473);
#1554=LINE('',#11105,#2474);
#1555=LINE('',#11106,#2475);
#1556=LINE('',#11109,#2476);
#1557=LINE('',#11110,#2477);
#1558=LINE('',#11113,#2478);
#1559=LINE('',#11114,#2479);
#1560=LINE('',#11117,#2480);
#1561=LINE('',#11118,#2481);
#1562=LINE('',#11121,#2482);
#1563=LINE('',#11122,#2483);
#1564=LINE('',#11125,#2484);
#1565=LINE('',#11126,#2485);
#1566=LINE('',#11129,#2486);
#1567=LINE('',#11130,#2487);
#1568=LINE('',#11133,#2488);
#1569=LINE('',#11134,#2489);
#1570=LINE('',#11137,#2490);
#1571=LINE('',#11138,#2491);
#1572=LINE('',#11141,#2492);
#1573=LINE('',#11142,#2493);
#1574=LINE('',#11145,#2494);
#1575=LINE('',#11146,#2495);
#1576=LINE('',#11149,#2496);
#1577=LINE('',#11150,#2497);
#1578=LINE('',#11153,#2498);
#1579=LINE('',#11154,#2499);
#1580=LINE('',#11157,#2500);
#1581=LINE('',#11158,#2501);
#1582=LINE('',#11164,#2502);
#1583=LINE('',#11167,#2503);
#1584=LINE('',#11178,#2504);
#1585=LINE('',#11179,#2505);
#1586=LINE('',#11190,#2506);
#1587=LINE('',#11191,#2507);
#1588=LINE('',#11202,#2508);
#1589=LINE('',#11203,#2509);
#1590=LINE('',#11209,#2510);
#1591=LINE('',#11212,#2511);
#1592=LINE('',#11215,#2512);
#1593=LINE('',#11216,#2513);
#1594=LINE('',#11219,#2514);
#1595=LINE('',#11223,#2515);
#1596=LINE('',#11224,#2516);
#1597=LINE('',#11228,#2517);
#1598=LINE('',#11232,#2518);
#1599=LINE('',#11236,#2519);
#1600=LINE('',#11240,#2520);
#1601=LINE('',#11244,#2521);
#1602=LINE('',#11248,#2522);
#1603=LINE('',#11252,#2523);
#1604=LINE('',#11256,#2524);
#1605=LINE('',#11260,#2525);
#1606=LINE('',#11264,#2526);
#1607=LINE('',#11268,#2527);
#1608=LINE('',#11272,#2528);
#1609=LINE('',#11277,#2529);
#1610=LINE('',#11281,#2530);
#1611=LINE('',#11285,#2531);
#1612=LINE('',#11287,#2532);
#1613=LINE('',#11291,#2533);
#1614=LINE('',#11293,#2534);
#1615=LINE('',#11296,#2535);
#1616=LINE('',#11297,#2536);
#1617=LINE('',#11303,#2537);
#1618=LINE('',#11305,#2538);
#1619=LINE('',#11307,#2539);
#1620=LINE('',#11309,#2540);
#1621=LINE('',#11311,#2541);
#1622=LINE('',#11313,#2542);
#1623=LINE('',#11315,#2543);
#1624=LINE('',#11317,#2544);
#1625=LINE('',#11319,#2545);
#1626=LINE('',#11321,#2546);
#1627=LINE('',#11323,#2547);
#1628=LINE('',#11325,#2548);
#1629=LINE('',#11327,#2549);
#1630=LINE('',#11329,#2550);
#1631=LINE('',#11331,#2551);
#1632=LINE('',#11333,#2552);
#1633=LINE('',#11335,#2553);
#1634=LINE('',#11337,#2554);
#1635=LINE('',#11339,#2555);
#1636=LINE('',#11341,#2556);
#1637=LINE('',#11343,#2557);
#1638=LINE('',#11345,#2558);
#1639=LINE('',#11347,#2559);
#1640=LINE('',#11349,#2560);
#1641=LINE('',#11351,#2561);
#1642=LINE('',#11353,#2562);
#1643=LINE('',#11357,#2563);
#1644=LINE('',#11359,#2564);
#1645=LINE('',#11361,#2565);
#1646=LINE('',#11363,#2566);
#1647=LINE('',#11365,#2567);
#1648=LINE('',#11367,#2568);
#1649=LINE('',#11369,#2569);
#1650=LINE('',#11371,#2570);
#1651=LINE('',#11373,#2571);
#1652=LINE('',#11375,#2572);
#1653=LINE('',#11377,#2573);
#1654=LINE('',#11379,#2574);
#1655=LINE('',#11381,#2575);
#1656=LINE('',#11383,#2576);
#1657=LINE('',#11385,#2577);
#1658=LINE('',#11387,#2578);
#1659=LINE('',#11389,#2579);
#1660=LINE('',#11391,#2580);
#1661=LINE('',#11393,#2581);
#1662=LINE('',#11395,#2582);
#1663=LINE('',#11397,#2583);
#1664=LINE('',#11399,#2584);
#1665=LINE('',#11401,#2585);
#1666=LINE('',#11403,#2586);
#1667=LINE('',#11409,#2587);
#1668=LINE('',#11411,#2588);
#1669=LINE('',#11413,#2589);
#1670=LINE('',#11415,#2590);
#1671=LINE('',#11417,#2591);
#1672=LINE('',#11419,#2592);
#1673=LINE('',#11421,#2593);
#1674=LINE('',#11423,#2594);
#1675=LINE('',#11425,#2595);
#1676=LINE('',#11427,#2596);
#1677=LINE('',#11429,#2597);
#1678=LINE('',#11431,#2598);
#1679=LINE('',#11433,#2599);
#1680=LINE('',#11435,#2600);
#1681=LINE('',#11437,#2601);
#1682=LINE('',#11439,#2602);
#1683=LINE('',#11441,#2603);
#1684=LINE('',#11443,#2604);
#1685=LINE('',#11445,#2605);
#1686=LINE('',#11447,#2606);
#1687=LINE('',#11449,#2607);
#1688=LINE('',#11451,#2608);
#1689=LINE('',#11453,#2609);
#1690=LINE('',#11455,#2610);
#1691=LINE('',#11459,#2611);
#1692=LINE('',#11463,#2612);
#1693=LINE('',#11467,#2613);
#1694=LINE('',#11471,#2614);
#1695=LINE('',#11477,#2615);
#1696=LINE('',#11486,#2616);
#1697=LINE('',#11494,#2617);
#1698=LINE('',#11502,#2618);
#1699=LINE('',#11507,#2619);
#1700=LINE('',#11510,#2620);
#1701=LINE('',#11513,#2621);
#1702=LINE('',#11514,#2622);
#1703=LINE('',#11517,#2623);
#1704=LINE('',#11521,#2624);
#1705=LINE('',#11522,#2625);
#1706=LINE('',#11599,#2626);
#1707=LINE('',#11646,#2627);
#1708=LINE('',#11650,#2628);
#1709=LINE('',#11732,#2629);
#1710=LINE('',#11779,#2630);
#1711=LINE('',#11783,#2631);
#1712=LINE('',#11852,#2632);
#1713=LINE('',#11899,#2633);
#1714=LINE('',#11903,#2634);
#1715=LINE('',#11908,#2635);
#1716=LINE('',#11913,#2636);
#1717=LINE('',#11917,#2637);
#1718=LINE('',#11921,#2638);
#1719=LINE('',#11925,#2639);
#1720=LINE('',#11929,#2640);
#1721=LINE('',#11933,#2641);
#1722=LINE('',#11937,#2642);
#1723=LINE('',#11941,#2643);
#1724=LINE('',#11945,#2644);
#1725=LINE('',#11949,#2645);
#1726=LINE('',#11953,#2646);
#1727=LINE('',#11957,#2647);
#1728=LINE('',#11961,#2648);
#1729=LINE('',#11965,#2649);
#1730=LINE('',#11969,#2650);
#1731=LINE('',#11973,#2651);
#1732=LINE('',#11977,#2652);
#1733=LINE('',#11981,#2653);
#1734=LINE('',#12029,#2654);
#1735=LINE('',#12033,#2655);
#1736=LINE('',#12037,#2656);
#1737=LINE('',#12041,#2657);
#1738=LINE('',#12045,#2658);
#1739=LINE('',#12049,#2659);
#1740=LINE('',#12053,#2660);
#1741=LINE('',#12057,#2661);
#1742=LINE('',#12061,#2662);
#1743=LINE('',#12065,#2663);
#1744=LINE('',#12069,#2664);
#1745=LINE('',#12073,#2665);
#1746=LINE('',#12077,#2666);
#1747=LINE('',#12081,#2667);
#1748=LINE('',#12085,#2668);
#1749=LINE('',#12089,#2669);
#1750=LINE('',#12093,#2670);
#1751=LINE('',#12097,#2671);
#1752=LINE('',#12101,#2672);
#1753=LINE('',#12105,#2673);
#1754=LINE('',#12108,#2674);
#1755=LINE('',#12112,#2675);
#1756=LINE('',#12115,#2676);
#1757=LINE('',#12119,#2677);
#1758=LINE('',#12123,#2678);
#1759=LINE('',#12126,#2679);
#1760=LINE('',#12130,#2680);
#1761=LINE('',#12134,#2681);
#1762=LINE('',#12138,#2682);
#1763=LINE('',#12142,#2683);
#1764=LINE('',#12146,#2684);
#1765=LINE('',#12150,#2685);
#1766=LINE('',#12154,#2686);
#1767=LINE('',#12158,#2687);
#1768=LINE('',#12162,#2688);
#1769=LINE('',#12166,#2689);
#1770=LINE('',#12169,#2690);
#1771=LINE('',#12172,#2691);
#1772=LINE('',#12176,#2692);
#1773=LINE('',#12180,#2693);
#1774=LINE('',#12183,#2694);
#1775=LINE('',#12186,#2695);
#1776=LINE('',#12190,#2696);
#1777=LINE('',#12194,#2697);
#1778=LINE('',#12198,#2698);
#1779=LINE('',#12202,#2699);
#1780=LINE('',#12206,#2700);
#1781=LINE('',#12210,#2701);
#1782=LINE('',#12213,#2702);
#1783=LINE('',#12217,#2703);
#1784=LINE('',#12221,#2704);
#1785=LINE('',#12224,#2705);
#1786=LINE('',#12228,#2706);
#1787=LINE('',#12232,#2707);
#1788=LINE('',#12235,#2708);
#1789=LINE('',#12238,#2709);
#1790=LINE('',#12240,#2710);
#1791=LINE('',#12241,#2711);
#1792=LINE('',#12244,#2712);
#1793=LINE('',#12245,#2713);
#1794=LINE('',#12248,#2714);
#1795=LINE('',#12249,#2715);
#1796=LINE('',#12252,#2716);
#1797=LINE('',#12253,#2717);
#1798=LINE('',#12256,#2718);
#1799=LINE('',#12257,#2719);
#1800=LINE('',#12260,#2720);
#1801=LINE('',#12261,#2721);
#1802=LINE('',#12264,#2722);
#1803=LINE('',#12265,#2723);
#1804=LINE('',#12268,#2724);
#1805=LINE('',#12269,#2725);
#1806=LINE('',#12272,#2726);
#1807=LINE('',#12273,#2727);
#1808=LINE('',#12276,#2728);
#1809=LINE('',#12277,#2729);
#1810=LINE('',#12280,#2730);
#1811=LINE('',#12281,#2731);
#1812=LINE('',#12284,#2732);
#1813=LINE('',#12285,#2733);
#1814=LINE('',#12288,#2734);
#1815=LINE('',#12289,#2735);
#1816=LINE('',#12292,#2736);
#1817=LINE('',#12293,#2737);
#1818=LINE('',#12296,#2738);
#1819=LINE('',#12297,#2739);
#1820=LINE('',#12300,#2740);
#1821=LINE('',#12301,#2741);
#1822=LINE('',#12304,#2742);
#1823=LINE('',#12305,#2743);
#1824=LINE('',#12308,#2744);
#1825=LINE('',#12309,#2745);
#1826=LINE('',#12312,#2746);
#1827=LINE('',#12313,#2747);
#1828=LINE('',#12316,#2748);
#1829=LINE('',#12317,#2749);
#1830=LINE('',#12320,#2750);
#1831=LINE('',#12321,#2751);
#1832=LINE('',#12324,#2752);
#1833=LINE('',#12325,#2753);
#1834=LINE('',#12328,#2754);
#1835=LINE('',#12329,#2755);
#1836=LINE('',#12332,#2756);
#1837=LINE('',#12333,#2757);
#1838=LINE('',#12336,#2758);
#1839=LINE('',#12337,#2759);
#1840=LINE('',#12340,#2760);
#1841=LINE('',#12341,#2761);
#1842=LINE('',#12344,#2762);
#1843=LINE('',#12345,#2763);
#1844=LINE('',#12348,#2764);
#1845=LINE('',#12349,#2765);
#1846=LINE('',#12352,#2766);
#1847=LINE('',#12353,#2767);
#1848=LINE('',#12356,#2768);
#1849=LINE('',#12357,#2769);
#1850=LINE('',#12360,#2770);
#1851=LINE('',#12361,#2771);
#1852=LINE('',#12364,#2772);
#1853=LINE('',#12365,#2773);
#1854=LINE('',#12368,#2774);
#1855=LINE('',#12369,#2775);
#1856=LINE('',#12372,#2776);
#1857=LINE('',#12373,#2777);
#1858=LINE('',#12376,#2778);
#1859=LINE('',#12377,#2779);
#1860=LINE('',#12380,#2780);
#1861=LINE('',#12381,#2781);
#1862=LINE('',#12384,#2782);
#1863=LINE('',#12385,#2783);
#1864=LINE('',#12388,#2784);
#1865=LINE('',#12389,#2785);
#1866=LINE('',#12392,#2786);
#1867=LINE('',#12393,#2787);
#1868=LINE('',#12396,#2788);
#1869=LINE('',#12397,#2789);
#1870=LINE('',#12400,#2790);
#1871=LINE('',#12401,#2791);
#1872=LINE('',#12414,#2792);
#1873=LINE('',#12418,#2793);
#1874=LINE('',#12422,#2794);
#1875=LINE('',#12425,#2795);
#1876=LINE('',#12426,#2796);
#1877=LINE('',#12429,#2797);
#1878=LINE('',#12430,#2798);
#1879=LINE('',#12433,#2799);
#1880=LINE('',#12434,#2800);
#1881=LINE('',#12437,#2801);
#1882=LINE('',#12438,#2802);
#1883=LINE('',#12441,#2803);
#1884=LINE('',#12442,#2804);
#1885=LINE('',#12445,#2805);
#1886=LINE('',#12446,#2806);
#1887=LINE('',#12449,#2807);
#1888=LINE('',#12450,#2808);
#1889=LINE('',#12453,#2809);
#1890=LINE('',#12454,#2810);
#1891=LINE('',#12457,#2811);
#1892=LINE('',#12458,#2812);
#1893=LINE('',#12461,#2813);
#1894=LINE('',#12462,#2814);
#1895=LINE('',#12465,#2815);
#1896=LINE('',#12466,#2816);
#1897=LINE('',#12469,#2817);
#1898=LINE('',#12470,#2818);
#1899=LINE('',#12473,#2819);
#1900=LINE('',#12474,#2820);
#1901=LINE('',#12477,#2821);
#1902=LINE('',#12478,#2822);
#1903=LINE('',#12481,#2823);
#1904=LINE('',#12482,#2824);
#1905=LINE('',#12485,#2825);
#1906=LINE('',#12486,#2826);
#1907=LINE('',#12489,#2827);
#1908=LINE('',#12490,#2828);
#1909=LINE('',#12493,#2829);
#1910=LINE('',#12494,#2830);
#1911=LINE('',#12497,#2831);
#1912=LINE('',#12498,#2832);
#1913=LINE('',#12501,#2833);
#1914=LINE('',#12502,#2834);
#1915=LINE('',#12505,#2835);
#1916=LINE('',#12506,#2836);
#1917=LINE('',#12509,#2837);
#1918=LINE('',#12510,#2838);
#1919=LINE('',#12513,#2839);
#1920=LINE('',#12514,#2840);
#1921=LINE('',#12517,#2841);
#1922=LINE('',#12518,#2842);
#1923=LINE('',#12521,#2843);
#1924=LINE('',#12522,#2844);
#1925=LINE('',#12525,#2845);
#1926=LINE('',#12526,#2846);
#1927=LINE('',#12529,#2847);
#1928=LINE('',#12530,#2848);
#1929=LINE('',#12533,#2849);
#1930=LINE('',#12534,#2850);
#1931=LINE('',#12537,#2851);
#1932=LINE('',#12538,#2852);
#1933=LINE('',#12541,#2853);
#1934=LINE('',#12542,#2854);
#1935=LINE('',#12545,#2855);
#1936=LINE('',#12546,#2856);
#1937=LINE('',#12549,#2857);
#1938=LINE('',#12550,#2858);
#1939=LINE('',#12553,#2859);
#1940=LINE('',#12554,#2860);
#1941=LINE('',#12557,#2861);
#1942=LINE('',#12558,#2862);
#1943=LINE('',#12561,#2863);
#1944=LINE('',#12562,#2864);
#1945=LINE('',#12565,#2865);
#1946=LINE('',#12566,#2866);
#1947=LINE('',#12569,#2867);
#1948=LINE('',#12570,#2868);
#1949=LINE('',#12573,#2869);
#1950=LINE('',#12574,#2870);
#1951=LINE('',#12576,#2871);
#1952=LINE('',#12579,#2872);
#1953=LINE('',#12580,#2873);
#1954=LINE('',#12583,#2874);
#1955=LINE('',#12584,#2875);
#1956=LINE('',#12587,#2876);
#1957=LINE('',#12588,#2877);
#1958=LINE('',#12591,#2878);
#1959=LINE('',#12592,#2879);
#1960=LINE('',#12595,#2880);
#1961=LINE('',#12596,#2881);
#1962=LINE('',#12599,#2882);
#1963=LINE('',#12600,#2883);
#1964=LINE('',#12603,#2884);
#1965=LINE('',#12604,#2885);
#1966=LINE('',#12607,#2886);
#1967=LINE('',#12608,#2887);
#1968=LINE('',#12611,#2888);
#1969=LINE('',#12612,#2889);
#1970=LINE('',#12615,#2890);
#1971=LINE('',#12616,#2891);
#1972=LINE('',#12619,#2892);
#1973=LINE('',#12620,#2893);
#1974=LINE('',#12623,#2894);
#1975=LINE('',#12624,#2895);
#1976=LINE('',#12627,#2896);
#1977=LINE('',#12628,#2897);
#1978=LINE('',#12631,#2898);
#1979=LINE('',#12632,#2899);
#1980=LINE('',#12635,#2900);
#1981=LINE('',#12636,#2901);
#1982=LINE('',#12639,#2902);
#1983=LINE('',#12640,#2903);
#1984=LINE('',#12643,#2904);
#1985=LINE('',#12644,#2905);
#1986=LINE('',#12647,#2906);
#1987=LINE('',#12648,#2907);
#1988=LINE('',#12651,#2908);
#1989=LINE('',#12652,#2909);
#1990=LINE('',#12655,#2910);
#1991=LINE('',#12656,#2911);
#1992=LINE('',#12659,#2912);
#1993=LINE('',#12660,#2913);
#1994=LINE('',#12663,#2914);
#1995=LINE('',#12664,#2915);
#1996=LINE('',#12667,#2916);
#1997=LINE('',#12668,#2917);
#1998=LINE('',#12671,#2918);
#1999=LINE('',#12672,#2919);
#2000=LINE('',#12675,#2920);
#2001=LINE('',#12676,#2921);
#2002=LINE('',#12679,#2922);
#2003=LINE('',#12680,#2923);
#2004=LINE('',#12683,#2924);
#2005=LINE('',#12684,#2925);
#2006=LINE('',#12687,#2926);
#2007=LINE('',#12688,#2927);
#2008=LINE('',#12691,#2928);
#2009=LINE('',#12692,#2929);
#2010=LINE('',#12695,#2930);
#2011=LINE('',#12696,#2931);
#2012=LINE('',#12699,#2932);
#2013=LINE('',#12700,#2933);
#2014=LINE('',#12703,#2934);
#2015=LINE('',#12704,#2935);
#2016=LINE('',#12707,#2936);
#2017=LINE('',#12708,#2937);
#2018=LINE('',#12711,#2938);
#2019=LINE('',#12712,#2939);
#2020=LINE('',#12715,#2940);
#2021=LINE('',#12716,#2941);
#2022=LINE('',#12719,#2942);
#2023=LINE('',#12720,#2943);
#2024=LINE('',#12723,#2944);
#2025=LINE('',#12724,#2945);
#2026=LINE('',#12727,#2946);
#2027=LINE('',#12728,#2947);
#2028=LINE('',#12731,#2948);
#2029=LINE('',#12732,#2949);
#2030=LINE('',#12734,#2950);
#2031=LINE('',#12739,#2951);
#2032=LINE('',#12740,#2952);
#2033=LINE('',#12741,#2953);
#2034=LINE('',#12745,#2954);
#2035=LINE('',#12748,#2955);
#2036=LINE('',#12749,#2956);
#2037=LINE('',#12753,#2957);
#2038=LINE('',#12756,#2958);
#2039=LINE('',#12757,#2959);
#2040=LINE('',#12761,#2960);
#2041=LINE('',#12764,#2961);
#2042=LINE('',#12765,#2962);
#2043=LINE('',#12771,#2963);
#2044=LINE('',#12772,#2964);
#2045=LINE('',#12773,#2965);
#2046=LINE('',#12777,#2966);
#2047=LINE('',#12780,#2967);
#2048=LINE('',#12781,#2968);
#2049=LINE('',#12785,#2969);
#2050=LINE('',#12788,#2970);
#2051=LINE('',#12789,#2971);
#2052=LINE('',#12793,#2972);
#2053=LINE('',#12796,#2973);
#2054=LINE('',#12797,#2974);
#2055=LINE('',#12803,#2975);
#2056=LINE('',#12804,#2976);
#2057=LINE('',#12805,#2977);
#2058=LINE('',#12809,#2978);
#2059=LINE('',#12812,#2979);
#2060=LINE('',#12813,#2980);
#2061=LINE('',#12817,#2981);
#2062=LINE('',#12820,#2982);
#2063=LINE('',#12821,#2983);
#2064=LINE('',#12825,#2984);
#2065=LINE('',#12828,#2985);
#2066=LINE('',#12829,#2986);
#2067=LINE('',#12836,#2987);
#2068=LINE('',#12839,#2988);
#2069=LINE('',#12841,#2989);
#2070=LINE('',#12843,#2990);
#2071=LINE('',#12846,#2991);
#2072=LINE('',#12848,#2992);
#2073=LINE('',#12849,#2993);
#2074=LINE('',#12853,#2994);
#2075=LINE('',#12857,#2995);
#2076=LINE('',#12860,#2996);
#2077=LINE('',#12864,#2997);
#2078=LINE('',#12866,#2998);
#2079=LINE('',#12868,#2999);
#2080=LINE('',#12869,#3000);
#2081=LINE('',#12873,#3001);
#2082=LINE('',#12875,#3002);
#2083=LINE('',#12877,#3003);
#2084=LINE('',#12878,#3004);
#2085=LINE('',#12881,#3005);
#2086=LINE('',#12883,#3006);
#2087=LINE('',#12884,#3007);
#2088=LINE('',#12887,#3008);
#2089=LINE('',#12889,#3009);
#2090=LINE('',#12890,#3010);
#2091=LINE('',#12893,#3011);
#2092=LINE('',#12894,#3012);
#2093=LINE('',#12897,#3013);
#2094=LINE('',#12899,#3014);
#2095=LINE('',#12900,#3015);
#2096=LINE('',#12902,#3016);
#2097=LINE('',#12903,#3017);
#2098=LINE('',#12906,#3018);
#2099=LINE('',#12907,#3019);
#2100=LINE('',#12909,#3020);
#2101=VECTOR('',#8299,10.);
#2102=VECTOR('',#8300,10.);
#2103=VECTOR('',#8301,10.);
#2104=VECTOR('',#8302,10.);
#2105=VECTOR('',#8305,10.);
#2106=VECTOR('',#8306,10.);
#2107=VECTOR('',#8307,10.);
#2108=VECTOR('',#8310,10.);
#2109=VECTOR('',#8311,10.);
#2110=VECTOR('',#8312,10.);
#2111=VECTOR('',#8315,10.);
#2112=VECTOR('',#8316,10.);
#2113=VECTOR('',#8317,10.);
#2114=VECTOR('',#8320,10.);
#2115=VECTOR('',#8321,10.);
#2116=VECTOR('',#8322,10.);
#2117=VECTOR('',#8325,10.);
#2118=VECTOR('',#8326,10.);
#2119=VECTOR('',#8327,10.);
#2120=VECTOR('',#8330,10.);
#2121=VECTOR('',#8331,10.);
#2122=VECTOR('',#8332,10.);
#2123=VECTOR('',#8335,10.);
#2124=VECTOR('',#8336,10.);
#2125=VECTOR('',#8337,10.);
#2126=VECTOR('',#8340,10.);
#2127=VECTOR('',#8341,10.);
#2128=VECTOR('',#8342,10.);
#2129=VECTOR('',#8345,10.);
#2130=VECTOR('',#8346,10.);
#2131=VECTOR('',#8347,10.);
#2132=VECTOR('',#8350,10.);
#2133=VECTOR('',#8351,10.);
#2134=VECTOR('',#8352,10.);
#2135=VECTOR('',#8355,10.);
#2136=VECTOR('',#8356,10.);
#2137=VECTOR('',#8357,10.);
#2138=VECTOR('',#8360,10.);
#2139=VECTOR('',#8361,10.);
#2140=VECTOR('',#8362,10.);
#2141=VECTOR('',#8365,10.);
#2142=VECTOR('',#8366,10.);
#2143=VECTOR('',#8367,10.);
#2144=VECTOR('',#8370,10.);
#2145=VECTOR('',#8371,10.);
#2146=VECTOR('',#8372,10.);
#2147=VECTOR('',#8375,10.);
#2148=VECTOR('',#8376,10.);
#2149=VECTOR('',#8377,10.);
#2150=VECTOR('',#8380,10.);
#2151=VECTOR('',#8381,10.);
#2152=VECTOR('',#8382,10.);
#2153=VECTOR('',#8385,10.);
#2154=VECTOR('',#8386,10.);
#2155=VECTOR('',#8387,10.);
#2156=VECTOR('',#8390,10.);
#2157=VECTOR('',#8391,10.);
#2158=VECTOR('',#8392,10.);
#2159=VECTOR('',#8395,10.);
#2160=VECTOR('',#8396,10.);
#2161=VECTOR('',#8397,10.);
#2162=VECTOR('',#8400,10.);
#2163=VECTOR('',#8401,10.);
#2164=VECTOR('',#8402,10.);
#2165=VECTOR('',#8405,10.);
#2166=VECTOR('',#8406,10.);
#2167=VECTOR('',#8407,10.);
#2168=VECTOR('',#8410,10.);
#2169=VECTOR('',#8411,10.);
#2170=VECTOR('',#8412,10.);
#2171=VECTOR('',#8415,10.);
#2172=VECTOR('',#8416,10.);
#2173=VECTOR('',#8417,10.);
#2174=VECTOR('',#8420,10.);
#2175=VECTOR('',#8421,10.);
#2176=VECTOR('',#8422,10.);
#2177=VECTOR('',#8425,10.);
#2178=VECTOR('',#8426,10.);
#2179=VECTOR('',#8427,10.);
#2180=VECTOR('',#8430,10.);
#2181=VECTOR('',#8431,10.);
#2182=VECTOR('',#8432,10.);
#2183=VECTOR('',#8435,10.);
#2184=VECTOR('',#8436,10.);
#2185=VECTOR('',#8437,10.);
#2186=VECTOR('',#8440,10.);
#2187=VECTOR('',#8441,10.);
#2188=VECTOR('',#8442,10.);
#2189=VECTOR('',#8445,10.);
#2190=VECTOR('',#8446,10.);
#2191=VECTOR('',#8447,10.);
#2192=VECTOR('',#8450,10.);
#2193=VECTOR('',#8451,10.);
#2194=VECTOR('',#8452,10.);
#2195=VECTOR('',#8455,10.);
#2196=VECTOR('',#8456,10.);
#2197=VECTOR('',#8457,10.);
#2198=VECTOR('',#8460,10.);
#2199=VECTOR('',#8461,10.);
#2200=VECTOR('',#8462,10.);
#2201=VECTOR('',#8465,10.);
#2202=VECTOR('',#8466,10.);
#2203=VECTOR('',#8467,10.);
#2204=VECTOR('',#8470,10.);
#2205=VECTOR('',#8471,10.);
#2206=VECTOR('',#8472,10.);
#2207=VECTOR('',#8475,10.);
#2208=VECTOR('',#8476,10.);
#2209=VECTOR('',#8477,10.);
#2210=VECTOR('',#8480,10.);
#2211=VECTOR('',#8481,10.);
#2212=VECTOR('',#8482,10.);
#2213=VECTOR('',#8485,10.);
#2214=VECTOR('',#8486,10.);
#2215=VECTOR('',#8487,10.);
#2216=VECTOR('',#8490,10.);
#2217=VECTOR('',#8491,10.);
#2218=VECTOR('',#8492,10.);
#2219=VECTOR('',#8495,10.);
#2220=VECTOR('',#8496,10.);
#2221=VECTOR('',#8497,10.);
#2222=VECTOR('',#8500,10.);
#2223=VECTOR('',#8501,10.);
#2224=VECTOR('',#8502,10.);
#2225=VECTOR('',#8505,10.);
#2226=VECTOR('',#8506,10.);
#2227=VECTOR('',#8507,10.);
#2228=VECTOR('',#8510,10.);
#2229=VECTOR('',#8511,10.);
#2230=VECTOR('',#8512,10.);
#2231=VECTOR('',#8515,10.);
#2232=VECTOR('',#8516,10.);
#2233=VECTOR('',#8517,10.);
#2234=VECTOR('',#8520,10.);
#2235=VECTOR('',#8521,10.);
#2236=VECTOR('',#8522,10.);
#2237=VECTOR('',#8525,10.);
#2238=VECTOR('',#8526,10.);
#2239=VECTOR('',#8527,10.);
#2240=VECTOR('',#8530,10.);
#2241=VECTOR('',#8531,10.);
#2242=VECTOR('',#8532,10.);
#2243=VECTOR('',#8535,10.);
#2244=VECTOR('',#8536,10.);
#2245=VECTOR('',#8537,10.);
#2246=VECTOR('',#8540,10.);
#2247=VECTOR('',#8541,10.);
#2248=VECTOR('',#8542,10.);
#2249=VECTOR('',#8545,10.);
#2250=VECTOR('',#8546,10.);
#2251=VECTOR('',#8547,10.);
#2252=VECTOR('',#8550,10.);
#2253=VECTOR('',#8551,10.);
#2254=VECTOR('',#8552,10.);
#2255=VECTOR('',#8555,10.);
#2256=VECTOR('',#8556,10.);
#2257=VECTOR('',#8557,10.);
#2258=VECTOR('',#8560,10.);
#2259=VECTOR('',#8561,10.);
#2260=VECTOR('',#8562,10.);
#2261=VECTOR('',#8565,10.);
#2262=VECTOR('',#8566,10.);
#2263=VECTOR('',#8567,10.);
#2264=VECTOR('',#8570,10.);
#2265=VECTOR('',#8571,10.);
#2266=VECTOR('',#8572,10.);
#2267=VECTOR('',#8575,10.);
#2268=VECTOR('',#8576,10.);
#2269=VECTOR('',#8577,10.);
#2270=VECTOR('',#8580,10.);
#2271=VECTOR('',#8581,10.);
#2272=VECTOR('',#8582,10.);
#2273=VECTOR('',#8585,10.);
#2274=VECTOR('',#8586,10.);
#2275=VECTOR('',#8587,10.);
#2276=VECTOR('',#8590,10.);
#2277=VECTOR('',#8591,10.);
#2278=VECTOR('',#8592,10.);
#2279=VECTOR('',#8595,10.);
#2280=VECTOR('',#8596,10.);
#2281=VECTOR('',#8597,10.);
#2282=VECTOR('',#8600,10.);
#2283=VECTOR('',#8601,10.);
#2284=VECTOR('',#8602,10.);
#2285=VECTOR('',#8605,10.);
#2286=VECTOR('',#8606,10.);
#2287=VECTOR('',#8607,10.);
#2288=VECTOR('',#8610,10.);
#2289=VECTOR('',#8611,10.);
#2290=VECTOR('',#8612,10.);
#2291=VECTOR('',#8615,10.);
#2292=VECTOR('',#8616,10.);
#2293=VECTOR('',#8617,10.);
#2294=VECTOR('',#8620,10.);
#2295=VECTOR('',#8621,10.);
#2296=VECTOR('',#8622,10.);
#2297=VECTOR('',#8625,10.);
#2298=VECTOR('',#8626,10.);
#2299=VECTOR('',#8627,10.);
#2300=VECTOR('',#8630,10.);
#2301=VECTOR('',#8631,10.);
#2302=VECTOR('',#8632,10.);
#2303=VECTOR('',#8635,10.);
#2304=VECTOR('',#8636,10.);
#2305=VECTOR('',#8637,10.);
#2306=VECTOR('',#8640,10.);
#2307=VECTOR('',#8641,10.);
#2308=VECTOR('',#8642,10.);
#2309=VECTOR('',#8645,10.);
#2310=VECTOR('',#8646,10.);
#2311=VECTOR('',#8647,10.);
#2312=VECTOR('',#8650,10.);
#2313=VECTOR('',#8651,10.);
#2314=VECTOR('',#8652,10.);
#2315=VECTOR('',#8655,10.);
#2316=VECTOR('',#8656,10.);
#2317=VECTOR('',#8657,10.);
#2318=VECTOR('',#8660,10.);
#2319=VECTOR('',#8661,10.);
#2320=VECTOR('',#8662,10.);
#2321=VECTOR('',#8665,10.);
#2322=VECTOR('',#8666,10.);
#2323=VECTOR('',#8667,10.);
#2324=VECTOR('',#8670,10.);
#2325=VECTOR('',#8671,10.);
#2326=VECTOR('',#8672,10.);
#2327=VECTOR('',#8675,10.);
#2328=VECTOR('',#8676,10.);
#2329=VECTOR('',#8677,10.);
#2330=VECTOR('',#8680,10.);
#2331=VECTOR('',#8681,10.);
#2332=VECTOR('',#8682,10.);
#2333=VECTOR('',#8685,10.);
#2334=VECTOR('',#8686,10.);
#2335=VECTOR('',#8687,10.);
#2336=VECTOR('',#8690,10.);
#2337=VECTOR('',#8691,10.);
#2338=VECTOR('',#8692,10.);
#2339=VECTOR('',#8695,10.);
#2340=VECTOR('',#8696,10.);
#2341=VECTOR('',#8699,10.);
#2342=VECTOR('',#8700,10.);
#2343=VECTOR('',#8701,10.);
#2344=VECTOR('',#8702,10.);
#2345=VECTOR('',#8703,10.);
#2346=VECTOR('',#8704,10.);
#2347=VECTOR('',#8705,10.);
#2348=VECTOR('',#8706,10.);
#2349=VECTOR('',#8707,10.);
#2350=VECTOR('',#8708,10.);
#2351=VECTOR('',#8709,10.);
#2352=VECTOR('',#8710,10.);
#2353=VECTOR('',#8711,10.);
#2354=VECTOR('',#8712,10.);
#2355=VECTOR('',#8713,10.);
#2356=VECTOR('',#8714,10.);
#2357=VECTOR('',#8715,10.);
#2358=VECTOR('',#8716,10.);
#2359=VECTOR('',#8717,10.);
#2360=VECTOR('',#8718,10.);
#2361=VECTOR('',#8719,10.);
#2362=VECTOR('',#8720,10.);
#2363=VECTOR('',#8721,10.);
#2364=VECTOR('',#8722,10.);
#2365=VECTOR('',#8723,10.);
#2366=VECTOR('',#8724,10.);
#2367=VECTOR('',#8725,10.);
#2368=VECTOR('',#8726,10.);
#2369=VECTOR('',#8727,10.);
#2370=VECTOR('',#8728,10.);
#2371=VECTOR('',#8729,10.);
#2372=VECTOR('',#8730,10.);
#2373=VECTOR('',#8731,10.);
#2374=VECTOR('',#8732,10.);
#2375=VECTOR('',#8733,10.);
#2376=VECTOR('',#8734,10.);
#2377=VECTOR('',#8735,10.);
#2378=VECTOR('',#8736,10.);
#2379=VECTOR('',#8737,10.);
#2380=VECTOR('',#8738,10.);
#2381=VECTOR('',#8739,10.);
#2382=VECTOR('',#8740,10.);
#2383=VECTOR('',#8741,10.);
#2384=VECTOR('',#8742,10.);
#2385=VECTOR('',#8743,10.);
#2386=VECTOR('',#8744,10.);
#2387=VECTOR('',#8745,10.);
#2388=VECTOR('',#8746,10.);
#2389=VECTOR('',#8747,10.);
#2390=VECTOR('',#8748,10.);
#2391=VECTOR('',#8749,10.);
#2392=VECTOR('',#8750,10.);
#2393=VECTOR('',#8751,10.);
#2394=VECTOR('',#8752,10.);
#2395=VECTOR('',#8753,10.);
#2396=VECTOR('',#8754,10.);
#2397=VECTOR('',#8755,10.);
#2398=VECTOR('',#8756,10.);
#2399=VECTOR('',#8757,10.);
#2400=VECTOR('',#8758,10.);
#2401=VECTOR('',#8759,10.);
#2402=VECTOR('',#8760,10.);
#2403=VECTOR('',#8761,10.);
#2404=VECTOR('',#8762,10.);
#2405=VECTOR('',#8763,10.);
#2406=VECTOR('',#8764,10.);
#2407=VECTOR('',#8765,10.);
#2408=VECTOR('',#8766,10.);
#2409=VECTOR('',#8767,10.);
#2410=VECTOR('',#8768,10.);
#2411=VECTOR('',#8769,10.);
#2412=VECTOR('',#8770,10.);
#2413=VECTOR('',#8771,10.);
#2414=VECTOR('',#8772,10.);
#2415=VECTOR('',#8773,10.);
#2416=VECTOR('',#8774,10.);
#2417=VECTOR('',#8775,10.);
#2418=VECTOR('',#8776,10.);
#2419=VECTOR('',#8777,10.);
#2420=VECTOR('',#8778,10.);
#2421=VECTOR('',#8781,10.);
#2422=VECTOR('',#8782,10.);
#2423=VECTOR('',#8783,10.);
#2424=VECTOR('',#8786,10.);
#2425=VECTOR('',#8787,10.);
#2426=VECTOR('',#8790,10.);
#2427=VECTOR('',#8791,10.);
#2428=VECTOR('',#8794,10.);
#2429=VECTOR('',#8795,10.);
#2430=VECTOR('',#8798,10.);
#2431=VECTOR('',#8799,10.);
#2432=VECTOR('',#8802,10.);
#2433=VECTOR('',#8803,10.);
#2434=VECTOR('',#8806,10.);
#2435=VECTOR('',#8807,10.);
#2436=VECTOR('',#8810,10.);
#2437=VECTOR('',#8811,10.);
#2438=VECTOR('',#8814,10.);
#2439=VECTOR('',#8815,10.);
#2440=VECTOR('',#8818,10.);
#2441=VECTOR('',#8819,10.);
#2442=VECTOR('',#8822,10.);
#2443=VECTOR('',#8823,10.);
#2444=VECTOR('',#8826,10.);
#2445=VECTOR('',#8827,10.);
#2446=VECTOR('',#8830,10.);
#2447=VECTOR('',#8831,10.);
#2448=VECTOR('',#8834,10.);
#2449=VECTOR('',#8835,10.);
#2450=VECTOR('',#8838,10.);
#2451=VECTOR('',#8839,10.);
#2452=VECTOR('',#8842,10.);
#2453=VECTOR('',#8843,10.);
#2454=VECTOR('',#8846,10.);
#2455=VECTOR('',#8847,10.);
#2456=VECTOR('',#8850,10.);
#2457=VECTOR('',#8851,10.);
#2458=VECTOR('',#8854,10.);
#2459=VECTOR('',#8855,10.);
#2460=VECTOR('',#8858,10.);
#2461=VECTOR('',#8859,10.);
#2462=VECTOR('',#8862,10.);
#2463=VECTOR('',#8863,10.);
#2464=VECTOR('',#8866,10.);
#2465=VECTOR('',#8867,10.);
#2466=VECTOR('',#8870,10.);
#2467=VECTOR('',#8871,10.);
#2468=VECTOR('',#8874,10.);
#2469=VECTOR('',#8875,10.);
#2470=VECTOR('',#8878,10.);
#2471=VECTOR('',#8879,10.);
#2472=VECTOR('',#8882,10.);
#2473=VECTOR('',#8883,10.);
#2474=VECTOR('',#8886,10.);
#2475=VECTOR('',#8887,10.);
#2476=VECTOR('',#8890,10.);
#2477=VECTOR('',#8891,10.);
#2478=VECTOR('',#8894,10.);
#2479=VECTOR('',#8895,10.);
#2480=VECTOR('',#8898,10.);
#2481=VECTOR('',#8899,10.);
#2482=VECTOR('',#8902,10.);
#2483=VECTOR('',#8903,10.);
#2484=VECTOR('',#8906,10.);
#2485=VECTOR('',#8907,10.);
#2486=VECTOR('',#8910,10.);
#2487=VECTOR('',#8911,10.);
#2488=VECTOR('',#8914,10.);
#2489=VECTOR('',#8915,10.);
#2490=VECTOR('',#8918,10.);
#2491=VECTOR('',#8919,10.);
#2492=VECTOR('',#8922,10.);
#2493=VECTOR('',#8923,10.);
#2494=VECTOR('',#8926,10.);
#2495=VECTOR('',#8927,10.);
#2496=VECTOR('',#8930,10.);
#2497=VECTOR('',#8931,10.);
#2498=VECTOR('',#8934,10.);
#2499=VECTOR('',#8935,10.);
#2500=VECTOR('',#8938,10.);
#2501=VECTOR('',#8939,10.);
#2502=VECTOR('',#8944,10.);
#2503=VECTOR('',#8947,10.);
#2504=VECTOR('',#8960,10.);
#2505=VECTOR('',#8961,10.);
#2506=VECTOR('',#8974,10.);
#2507=VECTOR('',#8975,10.);
#2508=VECTOR('',#8988,10.);
#2509=VECTOR('',#8989,10.);
#2510=VECTOR('',#8998,10.);
#2511=VECTOR('',#9001,10.);
#2512=VECTOR('',#9004,10.);
#2513=VECTOR('',#9005,10.);
#2514=VECTOR('',#9008,10.);
#2515=VECTOR('',#9013,10.);
#2516=VECTOR('',#9014,10.);
#2517=VECTOR('',#9017,10.);
#2518=VECTOR('',#9020,10.);
#2519=VECTOR('',#9023,10.);
#2520=VECTOR('',#9026,10.);
#2521=VECTOR('',#9029,10.);
#2522=VECTOR('',#9032,10.);
#2523=VECTOR('',#9035,10.);
#2524=VECTOR('',#9038,10.);
#2525=VECTOR('',#9041,10.);
#2526=VECTOR('',#9044,10.);
#2527=VECTOR('',#9047,10.);
#2528=VECTOR('',#9050,10.);
#2529=VECTOR('',#9055,1.6);
#2530=VECTOR('',#9058,10.);
#2531=VECTOR('',#9063,10.);
#2532=VECTOR('',#9064,1.6);
#2533=VECTOR('',#9069,1.6);
#2534=VECTOR('',#9070,10.);
#2535=VECTOR('',#9075,1.6);
#2536=VECTOR('',#9076,10.);
#2537=VECTOR('',#9081,10.);
#2538=VECTOR('',#9082,10.);
#2539=VECTOR('',#9083,10.);
#2540=VECTOR('',#9084,10.);
#2541=VECTOR('',#9085,10.);
#2542=VECTOR('',#9086,10.);
#2543=VECTOR('',#9087,10.);
#2544=VECTOR('',#9088,10.);
#2545=VECTOR('',#9089,10.);
#2546=VECTOR('',#9090,10.);
#2547=VECTOR('',#9091,10.);
#2548=VECTOR('',#9092,10.);
#2549=VECTOR('',#9093,10.);
#2550=VECTOR('',#9094,10.);
#2551=VECTOR('',#9095,10.);
#2552=VECTOR('',#9096,10.);
#2553=VECTOR('',#9097,10.);
#2554=VECTOR('',#9098,10.);
#2555=VECTOR('',#9099,10.);
#2556=VECTOR('',#9100,10.);
#2557=VECTOR('',#9101,10.);
#2558=VECTOR('',#9102,10.);
#2559=VECTOR('',#9103,10.);
#2560=VECTOR('',#9104,10.);
#2561=VECTOR('',#9105,10.);
#2562=VECTOR('',#9106,10.);
#2563=VECTOR('',#9109,10.);
#2564=VECTOR('',#9110,10.);
#2565=VECTOR('',#9111,10.);
#2566=VECTOR('',#9112,10.);
#2567=VECTOR('',#9113,10.);
#2568=VECTOR('',#9114,10.);
#2569=VECTOR('',#9115,10.);
#2570=VECTOR('',#9116,10.);
#2571=VECTOR('',#9117,10.);
#2572=VECTOR('',#9118,10.);
#2573=VECTOR('',#9119,10.);
#2574=VECTOR('',#9120,10.);
#2575=VECTOR('',#9121,10.);
#2576=VECTOR('',#9122,10.);
#2577=VECTOR('',#9123,10.);
#2578=VECTOR('',#9124,10.);
#2579=VECTOR('',#9125,10.);
#2580=VECTOR('',#9126,10.);
#2581=VECTOR('',#9127,10.);
#2582=VECTOR('',#9128,10.);
#2583=VECTOR('',#9129,10.);
#2584=VECTOR('',#9130,10.);
#2585=VECTOR('',#9131,10.);
#2586=VECTOR('',#9132,10.);
#2587=VECTOR('',#9137,10.);
#2588=VECTOR('',#9138,10.);
#2589=VECTOR('',#9139,10.);
#2590=VECTOR('',#9140,10.);
#2591=VECTOR('',#9141,10.);
#2592=VECTOR('',#9142,10.);
#2593=VECTOR('',#9143,10.);
#2594=VECTOR('',#9144,10.);
#2595=VECTOR('',#9145,10.);
#2596=VECTOR('',#9146,10.);
#2597=VECTOR('',#9147,10.);
#2598=VECTOR('',#9148,10.);
#2599=VECTOR('',#9149,10.);
#2600=VECTOR('',#9150,10.);
#2601=VECTOR('',#9151,10.);
#2602=VECTOR('',#9152,10.);
#2603=VECTOR('',#9153,10.);
#2604=VECTOR('',#9154,10.);
#2605=VECTOR('',#9155,10.);
#2606=VECTOR('',#9156,10.);
#2607=VECTOR('',#9157,10.);
#2608=VECTOR('',#9158,10.);
#2609=VECTOR('',#9159,10.);
#2610=VECTOR('',#9160,10.);
#2611=VECTOR('',#9163,10.);
#2612=VECTOR('',#9166,10.);
#2613=VECTOR('',#9169,10.);
#2614=VECTOR('',#9172,10.);
#2615=VECTOR('',#9179,10.);
#2616=VECTOR('',#9192,10.);
#2617=VECTOR('',#9203,10.);
#2618=VECTOR('',#9214,10.);
#2619=VECTOR('',#9221,10.);
#2620=VECTOR('',#9224,10.);
#2621=VECTOR('',#9227,10.);
#2622=VECTOR('',#9228,10.);
#2623=VECTOR('',#9231,10.);
#2624=VECTOR('',#9236,10.);
#2625=VECTOR('',#9237,10.);
#2626=VECTOR('',#9246,10.);
#2627=VECTOR('',#9251,10.);
#2628=VECTOR('',#9256,2.75);
#2629=VECTOR('',#9265,10.);
#2630=VECTOR('',#9270,10.);
#2631=VECTOR('',#9275,2.74999999999999);
#2632=VECTOR('',#9284,10.);
#2633=VECTOR('',#9289,10.);
#2634=VECTOR('',#9294,2.75);
#2635=VECTOR('',#9299,10.);
#2636=VECTOR('',#9306,10.);
#2637=VECTOR('',#9311,10.);
#2638=VECTOR('',#9316,10.);
#2639=VECTOR('',#9321,10.);
#2640=VECTOR('',#9326,10.);
#2641=VECTOR('',#9331,10.);
#2642=VECTOR('',#9336,10.);
#2643=VECTOR('',#9341,10.);
#2644=VECTOR('',#9346,10.);
#2645=VECTOR('',#9351,10.);
#2646=VECTOR('',#9356,10.);
#2647=VECTOR('',#9361,10.);
#2648=VECTOR('',#9366,10.);
#2649=VECTOR('',#9371,10.);
#2650=VECTOR('',#9376,10.);
#2651=VECTOR('',#9381,10.);
#2652=VECTOR('',#9386,10.);
#2653=VECTOR('',#9389,10.);
#2654=VECTOR('',#9396,10.);
#2655=VECTOR('',#9401,10.);
#2656=VECTOR('',#9406,10.);
#2657=VECTOR('',#9411,10.);
#2658=VECTOR('',#9416,10.);
#2659=VECTOR('',#9421,10.);
#2660=VECTOR('',#9426,10.);
#2661=VECTOR('',#9431,10.);
#2662=VECTOR('',#9436,10.);
#2663=VECTOR('',#9441,10.);
#2664=VECTOR('',#9446,10.);
#2665=VECTOR('',#9451,10.);
#2666=VECTOR('',#9456,10.);
#2667=VECTOR('',#9461,10.);
#2668=VECTOR('',#9466,10.);
#2669=VECTOR('',#9471,10.);
#2670=VECTOR('',#9476,10.);
#2671=VECTOR('',#9481,10.);
#2672=VECTOR('',#9486,10.);
#2673=VECTOR('',#9491,10.);
#2674=VECTOR('',#9494,10.);
#2675=VECTOR('',#9499,10.);
#2676=VECTOR('',#9504,10.);
#2677=VECTOR('',#9509,10.);
#2678=VECTOR('',#9514,10.);
#2679=VECTOR('',#9517,10.);
#2680=VECTOR('',#9522,10.);
#2681=VECTOR('',#9527,10.);
#2682=VECTOR('',#9532,10.);
#2683=VECTOR('',#9537,10.);
#2684=VECTOR('',#9542,10.);
#2685=VECTOR('',#9547,10.);
#2686=VECTOR('',#9552,10.);
#2687=VECTOR('',#9557,10.);
#2688=VECTOR('',#9562,10.);
#2689=VECTOR('',#9567,10.);
#2690=VECTOR('',#9572,10.);
#2691=VECTOR('',#9575,10.);
#2692=VECTOR('',#9580,10.);
#2693=VECTOR('',#9585,10.);
#2694=VECTOR('',#9590,10.);
#2695=VECTOR('',#9593,10.);
#2696=VECTOR('',#9598,10.);
#2697=VECTOR('',#9603,10.);
#2698=VECTOR('',#9608,10.);
#2699=VECTOR('',#9613,10.);
#2700=VECTOR('',#9618,10.);
#2701=VECTOR('',#9623,10.);
#2702=VECTOR('',#9628,10.);
#2703=VECTOR('',#9633,10.);
#2704=VECTOR('',#9638,10.);
#2705=VECTOR('',#9641,10.);
#2706=VECTOR('',#9646,10.);
#2707=VECTOR('',#9651,10.);
#2708=VECTOR('',#9656,10.);
#2709=VECTOR('',#9659,10.);
#2710=VECTOR('',#9660,10.);
#2711=VECTOR('',#9661,10.);
#2712=VECTOR('',#9664,10.);
#2713=VECTOR('',#9665,10.);
#2714=VECTOR('',#9668,10.);
#2715=VECTOR('',#9669,10.);
#2716=VECTOR('',#9672,10.);
#2717=VECTOR('',#9673,10.);
#2718=VECTOR('',#9676,10.);
#2719=VECTOR('',#9677,10.);
#2720=VECTOR('',#9680,10.);
#2721=VECTOR('',#9681,10.);
#2722=VECTOR('',#9684,10.);
#2723=VECTOR('',#9685,10.);
#2724=VECTOR('',#9688,10.);
#2725=VECTOR('',#9689,10.);
#2726=VECTOR('',#9692,10.);
#2727=VECTOR('',#9693,10.);
#2728=VECTOR('',#9696,10.);
#2729=VECTOR('',#9697,10.);
#2730=VECTOR('',#9700,10.);
#2731=VECTOR('',#9701,10.);
#2732=VECTOR('',#9704,10.);
#2733=VECTOR('',#9705,10.);
#2734=VECTOR('',#9708,10.);
#2735=VECTOR('',#9709,10.);
#2736=VECTOR('',#9712,10.);
#2737=VECTOR('',#9713,10.);
#2738=VECTOR('',#9716,10.);
#2739=VECTOR('',#9717,10.);
#2740=VECTOR('',#9720,10.);
#2741=VECTOR('',#9721,10.);
#2742=VECTOR('',#9724,10.);
#2743=VECTOR('',#9725,10.);
#2744=VECTOR('',#9728,10.);
#2745=VECTOR('',#9729,10.);
#2746=VECTOR('',#9732,10.);
#2747=VECTOR('',#9733,10.);
#2748=VECTOR('',#9736,10.);
#2749=VECTOR('',#9737,10.);
#2750=VECTOR('',#9740,10.);
#2751=VECTOR('',#9741,10.);
#2752=VECTOR('',#9744,10.);
#2753=VECTOR('',#9745,10.);
#2754=VECTOR('',#9748,10.);
#2755=VECTOR('',#9749,10.);
#2756=VECTOR('',#9752,10.);
#2757=VECTOR('',#9753,10.);
#2758=VECTOR('',#9756,10.);
#2759=VECTOR('',#9757,10.);
#2760=VECTOR('',#9760,10.);
#2761=VECTOR('',#9761,10.);
#2762=VECTOR('',#9764,10.);
#2763=VECTOR('',#9765,10.);
#2764=VECTOR('',#9768,10.);
#2765=VECTOR('',#9769,10.);
#2766=VECTOR('',#9772,10.);
#2767=VECTOR('',#9773,10.);
#2768=VECTOR('',#9776,10.);
#2769=VECTOR('',#9777,10.);
#2770=VECTOR('',#9780,10.);
#2771=VECTOR('',#9781,10.);
#2772=VECTOR('',#9784,10.);
#2773=VECTOR('',#9785,10.);
#2774=VECTOR('',#9788,10.);
#2775=VECTOR('',#9789,10.);
#2776=VECTOR('',#9792,10.);
#2777=VECTOR('',#9793,10.);
#2778=VECTOR('',#9796,10.);
#2779=VECTOR('',#9797,10.);
#2780=VECTOR('',#9800,10.);
#2781=VECTOR('',#9801,10.);
#2782=VECTOR('',#9804,10.);
#2783=VECTOR('',#9805,10.);
#2784=VECTOR('',#9808,10.);
#2785=VECTOR('',#9809,10.);
#2786=VECTOR('',#9812,10.);
#2787=VECTOR('',#9813,10.);
#2788=VECTOR('',#9816,10.);
#2789=VECTOR('',#9817,10.);
#2790=VECTOR('',#9820,10.);
#2791=VECTOR('',#9821,10.);
#2792=VECTOR('',#9838,1.7);
#2793=VECTOR('',#9843,1.70000000000002);
#2794=VECTOR('',#9848,1.7);
#2795=VECTOR('',#9851,10.);
#2796=VECTOR('',#9852,10.);
#2797=VECTOR('',#9855,10.);
#2798=VECTOR('',#9856,10.);
#2799=VECTOR('',#9859,10.);
#2800=VECTOR('',#9860,10.);
#2801=VECTOR('',#9863,10.);
#2802=VECTOR('',#9864,10.);
#2803=VECTOR('',#9867,10.);
#2804=VECTOR('',#9868,10.);
#2805=VECTOR('',#9871,10.);
#2806=VECTOR('',#9872,10.);
#2807=VECTOR('',#9875,10.);
#2808=VECTOR('',#9876,10.);
#2809=VECTOR('',#9879,10.);
#2810=VECTOR('',#9880,10.);
#2811=VECTOR('',#9883,10.);
#2812=VECTOR('',#9884,10.);
#2813=VECTOR('',#9887,10.);
#2814=VECTOR('',#9888,10.);
#2815=VECTOR('',#9891,10.);
#2816=VECTOR('',#9892,10.);
#2817=VECTOR('',#9895,10.);
#2818=VECTOR('',#9896,10.);
#2819=VECTOR('',#9899,10.);
#2820=VECTOR('',#9900,10.);
#2821=VECTOR('',#9903,10.);
#2822=VECTOR('',#9904,10.);
#2823=VECTOR('',#9907,10.);
#2824=VECTOR('',#9908,10.);
#2825=VECTOR('',#9911,10.);
#2826=VECTOR('',#9912,10.);
#2827=VECTOR('',#9915,10.);
#2828=VECTOR('',#9916,10.);
#2829=VECTOR('',#9919,10.);
#2830=VECTOR('',#9920,10.);
#2831=VECTOR('',#9923,10.);
#2832=VECTOR('',#9924,10.);
#2833=VECTOR('',#9927,10.);
#2834=VECTOR('',#9928,10.);
#2835=VECTOR('',#9931,10.);
#2836=VECTOR('',#9932,10.);
#2837=VECTOR('',#9935,10.);
#2838=VECTOR('',#9936,10.);
#2839=VECTOR('',#9939,10.);
#2840=VECTOR('',#9940,10.);
#2841=VECTOR('',#9943,10.);
#2842=VECTOR('',#9944,10.);
#2843=VECTOR('',#9947,10.);
#2844=VECTOR('',#9948,10.);
#2845=VECTOR('',#9951,10.);
#2846=VECTOR('',#9952,10.);
#2847=VECTOR('',#9955,10.);
#2848=VECTOR('',#9956,10.);
#2849=VECTOR('',#9959,10.);
#2850=VECTOR('',#9960,10.);
#2851=VECTOR('',#9963,10.);
#2852=VECTOR('',#9964,10.);
#2853=VECTOR('',#9967,10.);
#2854=VECTOR('',#9968,10.);
#2855=VECTOR('',#9971,10.);
#2856=VECTOR('',#9972,10.);
#2857=VECTOR('',#9975,10.);
#2858=VECTOR('',#9976,10.);
#2859=VECTOR('',#9979,10.);
#2860=VECTOR('',#9980,10.);
#2861=VECTOR('',#9983,10.);
#2862=VECTOR('',#9984,10.);
#2863=VECTOR('',#9987,10.);
#2864=VECTOR('',#9988,10.);
#2865=VECTOR('',#9991,10.);
#2866=VECTOR('',#9992,10.);
#2867=VECTOR('',#9995,10.);
#2868=VECTOR('',#9996,10.);
#2869=VECTOR('',#9999,10.);
#2870=VECTOR('',#10000,10.);
#2871=VECTOR('',#10003,10.);
#2872=VECTOR('',#10006,10.);
#2873=VECTOR('',#10007,10.);
#2874=VECTOR('',#10010,10.);
#2875=VECTOR('',#10011,10.);
#2876=VECTOR('',#10014,10.);
#2877=VECTOR('',#10015,10.);
#2878=VECTOR('',#10018,10.);
#2879=VECTOR('',#10019,10.);
#2880=VECTOR('',#10022,10.);
#2881=VECTOR('',#10023,10.);
#2882=VECTOR('',#10026,10.);
#2883=VECTOR('',#10027,10.);
#2884=VECTOR('',#10030,10.);
#2885=VECTOR('',#10031,10.);
#2886=VECTOR('',#10034,10.);
#2887=VECTOR('',#10035,10.);
#2888=VECTOR('',#10038,10.);
#2889=VECTOR('',#10039,10.);
#2890=VECTOR('',#10042,10.);
#2891=VECTOR('',#10043,10.);
#2892=VECTOR('',#10046,10.);
#2893=VECTOR('',#10047,10.);
#2894=VECTOR('',#10050,10.);
#2895=VECTOR('',#10051,10.);
#2896=VECTOR('',#10054,10.);
#2897=VECTOR('',#10055,10.);
#2898=VECTOR('',#10058,10.);
#2899=VECTOR('',#10059,10.);
#2900=VECTOR('',#10062,10.);
#2901=VECTOR('',#10063,10.);
#2902=VECTOR('',#10066,10.);
#2903=VECTOR('',#10067,10.);
#2904=VECTOR('',#10070,10.);
#2905=VECTOR('',#10071,10.);
#2906=VECTOR('',#10074,10.);
#2907=VECTOR('',#10075,10.);
#2908=VECTOR('',#10078,10.);
#2909=VECTOR('',#10079,10.);
#2910=VECTOR('',#10082,10.);
#2911=VECTOR('',#10083,10.);
#2912=VECTOR('',#10086,10.);
#2913=VECTOR('',#10087,10.);
#2914=VECTOR('',#10090,10.);
#2915=VECTOR('',#10091,10.);
#2916=VECTOR('',#10094,10.);
#2917=VECTOR('',#10095,10.);
#2918=VECTOR('',#10098,10.);
#2919=VECTOR('',#10099,10.);
#2920=VECTOR('',#10102,10.);
#2921=VECTOR('',#10103,10.);
#2922=VECTOR('',#10106,10.);
#2923=VECTOR('',#10107,10.);
#2924=VECTOR('',#10110,10.);
#2925=VECTOR('',#10111,10.);
#2926=VECTOR('',#10114,10.);
#2927=VECTOR('',#10115,10.);
#2928=VECTOR('',#10118,10.);
#2929=VECTOR('',#10119,10.);
#2930=VECTOR('',#10122,10.);
#2931=VECTOR('',#10123,10.);
#2932=VECTOR('',#10126,10.);
#2933=VECTOR('',#10127,10.);
#2934=VECTOR('',#10130,10.);
#2935=VECTOR('',#10131,10.);
#2936=VECTOR('',#10134,10.);
#2937=VECTOR('',#10135,10.);
#2938=VECTOR('',#10138,10.);
#2939=VECTOR('',#10139,10.);
#2940=VECTOR('',#10142,10.);
#2941=VECTOR('',#10143,10.);
#2942=VECTOR('',#10146,10.);
#2943=VECTOR('',#10147,10.);
#2944=VECTOR('',#10150,10.);
#2945=VECTOR('',#10151,10.);
#2946=VECTOR('',#10154,10.);
#2947=VECTOR('',#10155,10.);
#2948=VECTOR('',#10158,10.);
#2949=VECTOR('',#10159,10.);
#2950=VECTOR('',#10162,10.);
#2951=VECTOR('',#10167,10.);
#2952=VECTOR('',#10168,10.);
#2953=VECTOR('',#10169,10.);
#2954=VECTOR('',#10174,10.);
#2955=VECTOR('',#10177,10.);
#2956=VECTOR('',#10178,10.);
#2957=VECTOR('',#10183,10.);
#2958=VECTOR('',#10186,10.);
#2959=VECTOR('',#10187,10.);
#2960=VECTOR('',#10192,10.);
#2961=VECTOR('',#10195,10.);
#2962=VECTOR('',#10196,10.);
#2963=VECTOR('',#10203,10.);
#2964=VECTOR('',#10204,10.);
#2965=VECTOR('',#10205,10.);
#2966=VECTOR('',#10210,10.);
#2967=VECTOR('',#10213,10.);
#2968=VECTOR('',#10214,10.);
#2969=VECTOR('',#10219,10.);
#2970=VECTOR('',#10222,10.);
#2971=VECTOR('',#10223,10.);
#2972=VECTOR('',#10228,10.);
#2973=VECTOR('',#10231,10.);
#2974=VECTOR('',#10232,10.);
#2975=VECTOR('',#10239,10.);
#2976=VECTOR('',#10240,10.);
#2977=VECTOR('',#10241,10.);
#2978=VECTOR('',#10246,10.);
#2979=VECTOR('',#10249,10.);
#2980=VECTOR('',#10250,10.);
#2981=VECTOR('',#10255,10.);
#2982=VECTOR('',#10258,10.);
#2983=VECTOR('',#10259,10.);
#2984=VECTOR('',#10264,10.);
#2985=VECTOR('',#10267,10.);
#2986=VECTOR('',#10268,10.);
#2987=VECTOR('',#10277,10.);
#2988=VECTOR('',#10280,10.);
#2989=VECTOR('',#10283,10.);
#2990=VECTOR('',#10286,10.);
#2991=VECTOR('',#10289,10.);
#2992=VECTOR('',#10290,10.);
#2993=VECTOR('',#10291,10.);
#2994=VECTOR('',#10298,10.);
#2995=VECTOR('',#10303,10.);
#2996=VECTOR('',#10308,10.);
#2997=VECTOR('',#10311,10.);
#2998=VECTOR('',#10312,10.);
#2999=VECTOR('',#10313,10.);
#3000=VECTOR('',#10314,10.);
#3001=VECTOR('',#10317,10.);
#3002=VECTOR('',#10318,10.);
#3003=VECTOR('',#10319,10.);
#3004=VECTOR('',#10320,10.);
#3005=VECTOR('',#10323,10.);
#3006=VECTOR('',#10324,10.);
#3007=VECTOR('',#10325,10.);
#3008=VECTOR('',#10328,10.);
#3009=VECTOR('',#10329,10.);
#3010=VECTOR('',#10330,10.);
#3011=VECTOR('',#10333,10.);
#3012=VECTOR('',#10334,10.);
#3013=VECTOR('',#10337,10.);
#3014=VECTOR('',#10338,10.);
#3015=VECTOR('',#10339,10.);
#3016=VECTOR('',#10342,10.);
#3017=VECTOR('',#10343,10.);
#3018=VECTOR('',#10346,10.);
#3019=VECTOR('',#10347,10.);
#3020=VECTOR('',#10350,10.);
#3021=VERTEX_POINT('',#10357);
#3022=VERTEX_POINT('',#10358);
#3023=VERTEX_POINT('',#10360);
#3024=VERTEX_POINT('',#10362);
#3025=VERTEX_POINT('',#10366);
#3026=VERTEX_POINT('',#10368);
#3027=VERTEX_POINT('',#10372);
#3028=VERTEX_POINT('',#10374);
#3029=VERTEX_POINT('',#10378);
#3030=VERTEX_POINT('',#10380);
#3031=VERTEX_POINT('',#10384);
#3032=VERTEX_POINT('',#10386);
#3033=VERTEX_POINT('',#10390);
#3034=VERTEX_POINT('',#10392);
#3035=VERTEX_POINT('',#10396);
#3036=VERTEX_POINT('',#10398);
#3037=VERTEX_POINT('',#10402);
#3038=VERTEX_POINT('',#10404);
#3039=VERTEX_POINT('',#10408);
#3040=VERTEX_POINT('',#10410);
#3041=VERTEX_POINT('',#10414);
#3042=VERTEX_POINT('',#10416);
#3043=VERTEX_POINT('',#10420);
#3044=VERTEX_POINT('',#10422);
#3045=VERTEX_POINT('',#10426);
#3046=VERTEX_POINT('',#10428);
#3047=VERTEX_POINT('',#10432);
#3048=VERTEX_POINT('',#10434);
#3049=VERTEX_POINT('',#10438);
#3050=VERTEX_POINT('',#10440);
#3051=VERTEX_POINT('',#10444);
#3052=VERTEX_POINT('',#10446);
#3053=VERTEX_POINT('',#10450);
#3054=VERTEX_POINT('',#10452);
#3055=VERTEX_POINT('',#10456);
#3056=VERTEX_POINT('',#10458);
#3057=VERTEX_POINT('',#10462);
#3058=VERTEX_POINT('',#10464);
#3059=VERTEX_POINT('',#10468);
#3060=VERTEX_POINT('',#10470);
#3061=VERTEX_POINT('',#10474);
#3062=VERTEX_POINT('',#10476);
#3063=VERTEX_POINT('',#10480);
#3064=VERTEX_POINT('',#10482);
#3065=VERTEX_POINT('',#10486);
#3066=VERTEX_POINT('',#10488);
#3067=VERTEX_POINT('',#10492);
#3068=VERTEX_POINT('',#10494);
#3069=VERTEX_POINT('',#10498);
#3070=VERTEX_POINT('',#10500);
#3071=VERTEX_POINT('',#10504);
#3072=VERTEX_POINT('',#10506);
#3073=VERTEX_POINT('',#10510);
#3074=VERTEX_POINT('',#10512);
#3075=VERTEX_POINT('',#10516);
#3076=VERTEX_POINT('',#10518);
#3077=VERTEX_POINT('',#10522);
#3078=VERTEX_POINT('',#10524);
#3079=VERTEX_POINT('',#10528);
#3080=VERTEX_POINT('',#10530);
#3081=VERTEX_POINT('',#10534);
#3082=VERTEX_POINT('',#10536);
#3083=VERTEX_POINT('',#10540);
#3084=VERTEX_POINT('',#10542);
#3085=VERTEX_POINT('',#10546);
#3086=VERTEX_POINT('',#10548);
#3087=VERTEX_POINT('',#10552);
#3088=VERTEX_POINT('',#10554);
#3089=VERTEX_POINT('',#10558);
#3090=VERTEX_POINT('',#10560);
#3091=VERTEX_POINT('',#10564);
#3092=VERTEX_POINT('',#10566);
#3093=VERTEX_POINT('',#10570);
#3094=VERTEX_POINT('',#10572);
#3095=VERTEX_POINT('',#10576);
#3096=VERTEX_POINT('',#10578);
#3097=VERTEX_POINT('',#10582);
#3098=VERTEX_POINT('',#10584);
#3099=VERTEX_POINT('',#10588);
#3100=VERTEX_POINT('',#10590);
#3101=VERTEX_POINT('',#10594);
#3102=VERTEX_POINT('',#10596);
#3103=VERTEX_POINT('',#10600);
#3104=VERTEX_POINT('',#10602);
#3105=VERTEX_POINT('',#10606);
#3106=VERTEX_POINT('',#10608);
#3107=VERTEX_POINT('',#10612);
#3108=VERTEX_POINT('',#10614);
#3109=VERTEX_POINT('',#10618);
#3110=VERTEX_POINT('',#10620);
#3111=VERTEX_POINT('',#10624);
#3112=VERTEX_POINT('',#10626);
#3113=VERTEX_POINT('',#10630);
#3114=VERTEX_POINT('',#10632);
#3115=VERTEX_POINT('',#10636);
#3116=VERTEX_POINT('',#10638);
#3117=VERTEX_POINT('',#10642);
#3118=VERTEX_POINT('',#10644);
#3119=VERTEX_POINT('',#10648);
#3120=VERTEX_POINT('',#10650);
#3121=VERTEX_POINT('',#10654);
#3122=VERTEX_POINT('',#10656);
#3123=VERTEX_POINT('',#10660);
#3124=VERTEX_POINT('',#10662);
#3125=VERTEX_POINT('',#10666);
#3126=VERTEX_POINT('',#10668);
#3127=VERTEX_POINT('',#10672);
#3128=VERTEX_POINT('',#10674);
#3129=VERTEX_POINT('',#10678);
#3130=VERTEX_POINT('',#10680);
#3131=VERTEX_POINT('',#10684);
#3132=VERTEX_POINT('',#10686);
#3133=VERTEX_POINT('',#10690);
#3134=VERTEX_POINT('',#10692);
#3135=VERTEX_POINT('',#10696);
#3136=VERTEX_POINT('',#10698);
#3137=VERTEX_POINT('',#10702);
#3138=VERTEX_POINT('',#10704);
#3139=VERTEX_POINT('',#10708);
#3140=VERTEX_POINT('',#10710);
#3141=VERTEX_POINT('',#10714);
#3142=VERTEX_POINT('',#10716);
#3143=VERTEX_POINT('',#10720);
#3144=VERTEX_POINT('',#10722);
#3145=VERTEX_POINT('',#10726);
#3146=VERTEX_POINT('',#10728);
#3147=VERTEX_POINT('',#10732);
#3148=VERTEX_POINT('',#10734);
#3149=VERTEX_POINT('',#10738);
#3150=VERTEX_POINT('',#10740);
#3151=VERTEX_POINT('',#10744);
#3152=VERTEX_POINT('',#10746);
#3153=VERTEX_POINT('',#10750);
#3154=VERTEX_POINT('',#10752);
#3155=VERTEX_POINT('',#10756);
#3156=VERTEX_POINT('',#10758);
#3157=VERTEX_POINT('',#10762);
#3158=VERTEX_POINT('',#10764);
#3159=VERTEX_POINT('',#10768);
#3160=VERTEX_POINT('',#10770);
#3161=VERTEX_POINT('',#10774);
#3162=VERTEX_POINT('',#10776);
#3163=VERTEX_POINT('',#10780);
#3164=VERTEX_POINT('',#10782);
#3165=VERTEX_POINT('',#10786);
#3166=VERTEX_POINT('',#10788);
#3167=VERTEX_POINT('',#10792);
#3168=VERTEX_POINT('',#10794);
#3169=VERTEX_POINT('',#10798);
#3170=VERTEX_POINT('',#10800);
#3171=VERTEX_POINT('',#10804);
#3172=VERTEX_POINT('',#10806);
#3173=VERTEX_POINT('',#10810);
#3174=VERTEX_POINT('',#10812);
#3175=VERTEX_POINT('',#10816);
#3176=VERTEX_POINT('',#10818);
#3177=VERTEX_POINT('',#10822);
#3178=VERTEX_POINT('',#10824);
#3179=VERTEX_POINT('',#10828);
#3180=VERTEX_POINT('',#10830);
#3181=VERTEX_POINT('',#10837);
#3182=VERTEX_POINT('',#10838);
#3183=VERTEX_POINT('',#10840);
#3184=VERTEX_POINT('',#10842);
#3185=VERTEX_POINT('',#10844);
#3186=VERTEX_POINT('',#10846);
#3187=VERTEX_POINT('',#10848);
#3188=VERTEX_POINT('',#10850);
#3189=VERTEX_POINT('',#10852);
#3190=VERTEX_POINT('',#10854);
#3191=VERTEX_POINT('',#10856);
#3192=VERTEX_POINT('',#10858);
#3193=VERTEX_POINT('',#10860);
#3194=VERTEX_POINT('',#10862);
#3195=VERTEX_POINT('',#10864);
#3196=VERTEX_POINT('',#10866);
#3197=VERTEX_POINT('',#10868);
#3198=VERTEX_POINT('',#10870);
#3199=VERTEX_POINT('',#10872);
#3200=VERTEX_POINT('',#10874);
#3201=VERTEX_POINT('',#10876);
#3202=VERTEX_POINT('',#10878);
#3203=VERTEX_POINT('',#10880);
#3204=VERTEX_POINT('',#10882);
#3205=VERTEX_POINT('',#10884);
#3206=VERTEX_POINT('',#10886);
#3207=VERTEX_POINT('',#10888);
#3208=VERTEX_POINT('',#10890);
#3209=VERTEX_POINT('',#10892);
#3210=VERTEX_POINT('',#10894);
#3211=VERTEX_POINT('',#10896);
#3212=VERTEX_POINT('',#10898);
#3213=VERTEX_POINT('',#10900);
#3214=VERTEX_POINT('',#10902);
#3215=VERTEX_POINT('',#10904);
#3216=VERTEX_POINT('',#10906);
#3217=VERTEX_POINT('',#10908);
#3218=VERTEX_POINT('',#10910);
#3219=VERTEX_POINT('',#10912);
#3220=VERTEX_POINT('',#10914);
#3221=VERTEX_POINT('',#10916);
#3222=VERTEX_POINT('',#10918);
#3223=VERTEX_POINT('',#10920);
#3224=VERTEX_POINT('',#10922);
#3225=VERTEX_POINT('',#10924);
#3226=VERTEX_POINT('',#10926);
#3227=VERTEX_POINT('',#10928);
#3228=VERTEX_POINT('',#10930);
#3229=VERTEX_POINT('',#10932);
#3230=VERTEX_POINT('',#10934);
#3231=VERTEX_POINT('',#10936);
#3232=VERTEX_POINT('',#10938);
#3233=VERTEX_POINT('',#10940);
#3234=VERTEX_POINT('',#10942);
#3235=VERTEX_POINT('',#10944);
#3236=VERTEX_POINT('',#10946);
#3237=VERTEX_POINT('',#10948);
#3238=VERTEX_POINT('',#10950);
#3239=VERTEX_POINT('',#10952);
#3240=VERTEX_POINT('',#10954);
#3241=VERTEX_POINT('',#10956);
#3242=VERTEX_POINT('',#10958);
#3243=VERTEX_POINT('',#10960);
#3244=VERTEX_POINT('',#10962);
#3245=VERTEX_POINT('',#10964);
#3246=VERTEX_POINT('',#10966);
#3247=VERTEX_POINT('',#10968);
#3248=VERTEX_POINT('',#10970);
#3249=VERTEX_POINT('',#10972);
#3250=VERTEX_POINT('',#10974);
#3251=VERTEX_POINT('',#10976);
#3252=VERTEX_POINT('',#10978);
#3253=VERTEX_POINT('',#10980);
#3254=VERTEX_POINT('',#10982);
#3255=VERTEX_POINT('',#10984);
#3256=VERTEX_POINT('',#10986);
#3257=VERTEX_POINT('',#10988);
#3258=VERTEX_POINT('',#10990);
#3259=VERTEX_POINT('',#10992);
#3260=VERTEX_POINT('',#10994);
#3261=VERTEX_POINT('',#10998);
#3262=VERTEX_POINT('',#11000);
#3263=VERTEX_POINT('',#11004);
#3264=VERTEX_POINT('',#11008);
#3265=VERTEX_POINT('',#11012);
#3266=VERTEX_POINT('',#11016);
#3267=VERTEX_POINT('',#11020);
#3268=VERTEX_POINT('',#11024);
#3269=VERTEX_POINT('',#11028);
#3270=VERTEX_POINT('',#11032);
#3271=VERTEX_POINT('',#11036);
#3272=VERTEX_POINT('',#11040);
#3273=VERTEX_POINT('',#11044);
#3274=VERTEX_POINT('',#11048);
#3275=VERTEX_POINT('',#11052);
#3276=VERTEX_POINT('',#11056);
#3277=VERTEX_POINT('',#11060);
#3278=VERTEX_POINT('',#11064);
#3279=VERTEX_POINT('',#11068);
#3280=VERTEX_POINT('',#11072);
#3281=VERTEX_POINT('',#11076);
#3282=VERTEX_POINT('',#11080);
#3283=VERTEX_POINT('',#11084);
#3284=VERTEX_POINT('',#11088);
#3285=VERTEX_POINT('',#11092);
#3286=VERTEX_POINT('',#11096);
#3287=VERTEX_POINT('',#11100);
#3288=VERTEX_POINT('',#11104);
#3289=VERTEX_POINT('',#11108);
#3290=VERTEX_POINT('',#11112);
#3291=VERTEX_POINT('',#11116);
#3292=VERTEX_POINT('',#11120);
#3293=VERTEX_POINT('',#11124);
#3294=VERTEX_POINT('',#11128);
#3295=VERTEX_POINT('',#11132);
#3296=VERTEX_POINT('',#11136);
#3297=VERTEX_POINT('',#11140);
#3298=VERTEX_POINT('',#11144);
#3299=VERTEX_POINT('',#11148);
#3300=VERTEX_POINT('',#11152);
#3301=VERTEX_POINT('',#11156);
#3302=VERTEX_POINT('',#11160);
#3303=VERTEX_POINT('',#11161);
#3304=VERTEX_POINT('',#11163);
#3305=VERTEX_POINT('',#11165);
#3306=VERTEX_POINT('',#11169);
#3307=VERTEX_POINT('',#11170);
#3308=VERTEX_POINT('',#11175);
#3309=VERTEX_POINT('',#11176);
#3310=VERTEX_POINT('',#11181);
#3311=VERTEX_POINT('',#11182);
#3312=VERTEX_POINT('',#11187);
#3313=VERTEX_POINT('',#11188);
#3314=VERTEX_POINT('',#11193);
#3315=VERTEX_POINT('',#11194);
#3316=VERTEX_POINT('',#11199);
#3317=VERTEX_POINT('',#11200);
#3318=VERTEX_POINT('',#11208);
#3319=VERTEX_POINT('',#11210);
#3320=VERTEX_POINT('',#11214);
#3321=VERTEX_POINT('',#11218);
#3322=VERTEX_POINT('',#11222);
#3323=VERTEX_POINT('',#11226);
#3324=VERTEX_POINT('',#11227);
#3325=VERTEX_POINT('',#11229);
#3326=VERTEX_POINT('',#11231);
#3327=VERTEX_POINT('',#11233);
#3328=VERTEX_POINT('',#11235);
#3329=VERTEX_POINT('',#11237);
#3330=VERTEX_POINT('',#11239);
#3331=VERTEX_POINT('',#11242);
#3332=VERTEX_POINT('',#11243);
#3333=VERTEX_POINT('',#11245);
#3334=VERTEX_POINT('',#11247);
#3335=VERTEX_POINT('',#11249);
#3336=VERTEX_POINT('',#11251);
#3337=VERTEX_POINT('',#11253);
#3338=VERTEX_POINT('',#11255);
#3339=VERTEX_POINT('',#11258);
#3340=VERTEX_POINT('',#11259);
#3341=VERTEX_POINT('',#11261);
#3342=VERTEX_POINT('',#11263);
#3343=VERTEX_POINT('',#11265);
#3344=VERTEX_POINT('',#11267);
#3345=VERTEX_POINT('',#11269);
#3346=VERTEX_POINT('',#11271);
#3347=VERTEX_POINT('',#11275);
#3348=VERTEX_POINT('',#11276);
#3349=VERTEX_POINT('',#11278);
#3350=VERTEX_POINT('',#11280);
#3351=VERTEX_POINT('',#11284);
#3352=VERTEX_POINT('',#11286);
#3353=VERTEX_POINT('',#11290);
#3354=VERTEX_POINT('',#11292);
#3355=VERTEX_POINT('',#11299);
#3356=VERTEX_POINT('',#11300);
#3357=VERTEX_POINT('',#11302);
#3358=VERTEX_POINT('',#11304);
#3359=VERTEX_POINT('',#11306);
#3360=VERTEX_POINT('',#11308);
#3361=VERTEX_POINT('',#11310);
#3362=VERTEX_POINT('',#11312);
#3363=VERTEX_POINT('',#11314);
#3364=VERTEX_POINT('',#11316);
#3365=VERTEX_POINT('',#11318);
#3366=VERTEX_POINT('',#11320);
#3367=VERTEX_POINT('',#11322);
#3368=VERTEX_POINT('',#11324);
#3369=VERTEX_POINT('',#11326);
#3370=VERTEX_POINT('',#11328);
#3371=VERTEX_POINT('',#11330);
#3372=VERTEX_POINT('',#11332);
#3373=VERTEX_POINT('',#11334);
#3374=VERTEX_POINT('',#11336);
#3375=VERTEX_POINT('',#11338);
#3376=VERTEX_POINT('',#11340);
#3377=VERTEX_POINT('',#11342);
#3378=VERTEX_POINT('',#11344);
#3379=VERTEX_POINT('',#11346);
#3380=VERTEX_POINT('',#11348);
#3381=VERTEX_POINT('',#11350);
#3382=VERTEX_POINT('',#11352);
#3383=VERTEX_POINT('',#11354);
#3384=VERTEX_POINT('',#11356);
#3385=VERTEX_POINT('',#11358);
#3386=VERTEX_POINT('',#11360);
#3387=VERTEX_POINT('',#11362);
#3388=VERTEX_POINT('',#11364);
#3389=VERTEX_POINT('',#11366);
#3390=VERTEX_POINT('',#11368);
#3391=VERTEX_POINT('',#11370);
#3392=VERTEX_POINT('',#11372);
#3393=VERTEX_POINT('',#11374);
#3394=VERTEX_POINT('',#11376);
#3395=VERTEX_POINT('',#11378);
#3396=VERTEX_POINT('',#11380);
#3397=VERTEX_POINT('',#11382);
#3398=VERTEX_POINT('',#11384);
#3399=VERTEX_POINT('',#11386);
#3400=VERTEX_POINT('',#11388);
#3401=VERTEX_POINT('',#11390);
#3402=VERTEX_POINT('',#11392);
#3403=VERTEX_POINT('',#11394);
#3404=VERTEX_POINT('',#11396);
#3405=VERTEX_POINT('',#11398);
#3406=VERTEX_POINT('',#11400);
#3407=VERTEX_POINT('',#11402);
#3408=VERTEX_POINT('',#11404);
#3409=VERTEX_POINT('',#11406);
#3410=VERTEX_POINT('',#11408);
#3411=VERTEX_POINT('',#11410);
#3412=VERTEX_POINT('',#11412);
#3413=VERTEX_POINT('',#11414);
#3414=VERTEX_POINT('',#11416);
#3415=VERTEX_POINT('',#11418);
#3416=VERTEX_POINT('',#11420);
#3417=VERTEX_POINT('',#11422);
#3418=VERTEX_POINT('',#11424);
#3419=VERTEX_POINT('',#11426);
#3420=VERTEX_POINT('',#11428);
#3421=VERTEX_POINT('',#11430);
#3422=VERTEX_POINT('',#11432);
#3423=VERTEX_POINT('',#11434);
#3424=VERTEX_POINT('',#11436);
#3425=VERTEX_POINT('',#11438);
#3426=VERTEX_POINT('',#11440);
#3427=VERTEX_POINT('',#11442);
#3428=VERTEX_POINT('',#11444);
#3429=VERTEX_POINT('',#11446);
#3430=VERTEX_POINT('',#11448);
#3431=VERTEX_POINT('',#11450);
#3432=VERTEX_POINT('',#11452);
#3433=VERTEX_POINT('',#11454);
#3434=VERTEX_POINT('',#11457);
#3435=VERTEX_POINT('',#11458);
#3436=VERTEX_POINT('',#11460);
#3437=VERTEX_POINT('',#11462);
#3438=VERTEX_POINT('',#11464);
#3439=VERTEX_POINT('',#11466);
#3440=VERTEX_POINT('',#11468);
#3441=VERTEX_POINT('',#11470);
#3442=VERTEX_POINT('',#11474);
#3443=VERTEX_POINT('',#11476);
#3444=VERTEX_POINT('',#11480);
#3445=VERTEX_POINT('',#11484);
#3446=VERTEX_POINT('',#11488);
#3447=VERTEX_POINT('',#11492);
#3448=VERTEX_POINT('',#11496);
#3449=VERTEX_POINT('',#11500);
#3450=VERTEX_POINT('',#11506);
#3451=VERTEX_POINT('',#11508);
#3452=VERTEX_POINT('',#11512);
#3453=VERTEX_POINT('',#11516);
#3454=VERTEX_POINT('',#11520);
#3455=VERTEX_POINT('',#11524);
#3456=VERTEX_POINT('',#11531);
#3457=VERTEX_POINT('',#11534);
#3458=VERTEX_POINT('',#11541);
#3459=VERTEX_POINT('',#11557);
#3460=VERTEX_POINT('',#11598);
#3461=VERTEX_POINT('',#11644);
#3462=VERTEX_POINT('',#11648);
#3463=VERTEX_POINT('',#11652);
#3464=VERTEX_POINT('',#11659);
#3465=VERTEX_POINT('',#11666);
#3466=VERTEX_POINT('',#11675);
#3467=VERTEX_POINT('',#11680);
#3468=VERTEX_POINT('',#11690);
#3469=VERTEX_POINT('',#11731);
#3470=VERTEX_POINT('',#11777);
#3471=VERTEX_POINT('',#11781);
#3472=VERTEX_POINT('',#11785);
#3473=VERTEX_POINT('',#11792);
#3474=VERTEX_POINT('',#11795);
#3475=VERTEX_POINT('',#11802);
#3476=VERTEX_POINT('',#11816);
#3477=VERTEX_POINT('',#11851);
#3478=VERTEX_POINT('',#11897);
#3479=VERTEX_POINT('',#11901);
#3480=VERTEX_POINT('',#11905);
#3481=VERTEX_POINT('',#11907);
#3482=VERTEX_POINT('',#11911);
#3483=VERTEX_POINT('',#11915);
#3484=VERTEX_POINT('',#11919);
#3485=VERTEX_POINT('',#11923);
#3486=VERTEX_POINT('',#11927);
#3487=VERTEX_POINT('',#11931);
#3488=VERTEX_POINT('',#11935);
#3489=VERTEX_POINT('',#11939);
#3490=VERTEX_POINT('',#11943);
#3491=VERTEX_POINT('',#11947);
#3492=VERTEX_POINT('',#11951);
#3493=VERTEX_POINT('',#11955);
#3494=VERTEX_POINT('',#11959);
#3495=VERTEX_POINT('',#11963);
#3496=VERTEX_POINT('',#11967);
#3497=VERTEX_POINT('',#11971);
#3498=VERTEX_POINT('',#11975);
#3499=VERTEX_POINT('',#11979);
#3500=VERTEX_POINT('',#11980);
#3501=VERTEX_POINT('',#12027);
#3502=VERTEX_POINT('',#12031);
#3503=VERTEX_POINT('',#12035);
#3504=VERTEX_POINT('',#12039);
#3505=VERTEX_POINT('',#12043);
#3506=VERTEX_POINT('',#12047);
#3507=VERTEX_POINT('',#12051);
#3508=VERTEX_POINT('',#12055);
#3509=VERTEX_POINT('',#12059);
#3510=VERTEX_POINT('',#12063);
#3511=VERTEX_POINT('',#12067);
#3512=VERTEX_POINT('',#12071);
#3513=VERTEX_POINT('',#12075);
#3514=VERTEX_POINT('',#12079);
#3515=VERTEX_POINT('',#12083);
#3516=VERTEX_POINT('',#12087);
#3517=VERTEX_POINT('',#12091);
#3518=VERTEX_POINT('',#12095);
#3519=VERTEX_POINT('',#12099);
#3520=VERTEX_POINT('',#12103);
#3521=VERTEX_POINT('',#12107);
#3522=VERTEX_POINT('',#12111);
#3523=VERTEX_POINT('',#12117);
#3524=VERTEX_POINT('',#12121);
#3525=VERTEX_POINT('',#12125);
#3526=VERTEX_POINT('',#12129);
#3527=VERTEX_POINT('',#12133);
#3528=VERTEX_POINT('',#12137);
#3529=VERTEX_POINT('',#12141);
#3530=VERTEX_POINT('',#12145);
#3531=VERTEX_POINT('',#12149);
#3532=VERTEX_POINT('',#12153);
#3533=VERTEX_POINT('',#12157);
#3534=VERTEX_POINT('',#12161);
#3535=VERTEX_POINT('',#12165);
#3536=VERTEX_POINT('',#12171);
#3537=VERTEX_POINT('',#12175);
#3538=VERTEX_POINT('',#12179);
#3539=VERTEX_POINT('',#12185);
#3540=VERTEX_POINT('',#12189);
#3541=VERTEX_POINT('',#12193);
#3542=VERTEX_POINT('',#12197);
#3543=VERTEX_POINT('',#12201);
#3544=VERTEX_POINT('',#12205);
#3545=VERTEX_POINT('',#12209);
#3546=VERTEX_POINT('',#12215);
#3547=VERTEX_POINT('',#12219);
#3548=VERTEX_POINT('',#12223);
#3549=VERTEX_POINT('',#12227);
#3550=VERTEX_POINT('',#12231);
#3551=VERTEX_POINT('',#12237);
#3552=VERTEX_POINT('',#12239);
#3553=VERTEX_POINT('',#12243);
#3554=VERTEX_POINT('',#12247);
#3555=VERTEX_POINT('',#12251);
#3556=VERTEX_POINT('',#12255);
#3557=VERTEX_POINT('',#12259);
#3558=VERTEX_POINT('',#12263);
#3559=VERTEX_POINT('',#12267);
#3560=VERTEX_POINT('',#12271);
#3561=VERTEX_POINT('',#12275);
#3562=VERTEX_POINT('',#12279);
#3563=VERTEX_POINT('',#12283);
#3564=VERTEX_POINT('',#12287);
#3565=VERTEX_POINT('',#12291);
#3566=VERTEX_POINT('',#12295);
#3567=VERTEX_POINT('',#12299);
#3568=VERTEX_POINT('',#12303);
#3569=VERTEX_POINT('',#12307);
#3570=VERTEX_POINT('',#12311);
#3571=VERTEX_POINT('',#12315);
#3572=VERTEX_POINT('',#12319);
#3573=VERTEX_POINT('',#12323);
#3574=VERTEX_POINT('',#12327);
#3575=VERTEX_POINT('',#12331);
#3576=VERTEX_POINT('',#12335);
#3577=VERTEX_POINT('',#12339);
#3578=VERTEX_POINT('',#12343);
#3579=VERTEX_POINT('',#12347);
#3580=VERTEX_POINT('',#12351);
#3581=VERTEX_POINT('',#12355);
#3582=VERTEX_POINT('',#12359);
#3583=VERTEX_POINT('',#12363);
#3584=VERTEX_POINT('',#12367);
#3585=VERTEX_POINT('',#12371);
#3586=VERTEX_POINT('',#12375);
#3587=VERTEX_POINT('',#12379);
#3588=VERTEX_POINT('',#12383);
#3589=VERTEX_POINT('',#12387);
#3590=VERTEX_POINT('',#12391);
#3591=VERTEX_POINT('',#12395);
#3592=VERTEX_POINT('',#12399);
#3593=VERTEX_POINT('',#12403);
#3594=VERTEX_POINT('',#12406);
#3595=VERTEX_POINT('',#12409);
#3596=VERTEX_POINT('',#12412);
#3597=VERTEX_POINT('',#12416);
#3598=VERTEX_POINT('',#12420);
#3599=VERTEX_POINT('',#12424);
#3600=VERTEX_POINT('',#12428);
#3601=VERTEX_POINT('',#12432);
#3602=VERTEX_POINT('',#12436);
#3603=VERTEX_POINT('',#12440);
#3604=VERTEX_POINT('',#12444);
#3605=VERTEX_POINT('',#12448);
#3606=VERTEX_POINT('',#12452);
#3607=VERTEX_POINT('',#12456);
#3608=VERTEX_POINT('',#12460);
#3609=VERTEX_POINT('',#12464);
#3610=VERTEX_POINT('',#12468);
#3611=VERTEX_POINT('',#12472);
#3612=VERTEX_POINT('',#12476);
#3613=VERTEX_POINT('',#12480);
#3614=VERTEX_POINT('',#12484);
#3615=VERTEX_POINT('',#12488);
#3616=VERTEX_POINT('',#12492);
#3617=VERTEX_POINT('',#12496);
#3618=VERTEX_POINT('',#12500);
#3619=VERTEX_POINT('',#12504);
#3620=VERTEX_POINT('',#12508);
#3621=VERTEX_POINT('',#12512);
#3622=VERTEX_POINT('',#12516);
#3623=VERTEX_POINT('',#12520);
#3624=VERTEX_POINT('',#12524);
#3625=VERTEX_POINT('',#12528);
#3626=VERTEX_POINT('',#12532);
#3627=VERTEX_POINT('',#12536);
#3628=VERTEX_POINT('',#12540);
#3629=VERTEX_POINT('',#12544);
#3630=VERTEX_POINT('',#12548);
#3631=VERTEX_POINT('',#12552);
#3632=VERTEX_POINT('',#12556);
#3633=VERTEX_POINT('',#12560);
#3634=VERTEX_POINT('',#12564);
#3635=VERTEX_POINT('',#12568);
#3636=VERTEX_POINT('',#12572);
#3637=VERTEX_POINT('',#12578);
#3638=VERTEX_POINT('',#12582);
#3639=VERTEX_POINT('',#12586);
#3640=VERTEX_POINT('',#12590);
#3641=VERTEX_POINT('',#12594);
#3642=VERTEX_POINT('',#12598);
#3643=VERTEX_POINT('',#12602);
#3644=VERTEX_POINT('',#12606);
#3645=VERTEX_POINT('',#12610);
#3646=VERTEX_POINT('',#12614);
#3647=VERTEX_POINT('',#12618);
#3648=VERTEX_POINT('',#12622);
#3649=VERTEX_POINT('',#12626);
#3650=VERTEX_POINT('',#12630);
#3651=VERTEX_POINT('',#12634);
#3652=VERTEX_POINT('',#12638);
#3653=VERTEX_POINT('',#12642);
#3654=VERTEX_POINT('',#12646);
#3655=VERTEX_POINT('',#12650);
#3656=VERTEX_POINT('',#12654);
#3657=VERTEX_POINT('',#12658);
#3658=VERTEX_POINT('',#12662);
#3659=VERTEX_POINT('',#12666);
#3660=VERTEX_POINT('',#12670);
#3661=VERTEX_POINT('',#12674);
#3662=VERTEX_POINT('',#12678);
#3663=VERTEX_POINT('',#12682);
#3664=VERTEX_POINT('',#12686);
#3665=VERTEX_POINT('',#12690);
#3666=VERTEX_POINT('',#12694);
#3667=VERTEX_POINT('',#12698);
#3668=VERTEX_POINT('',#12702);
#3669=VERTEX_POINT('',#12706);
#3670=VERTEX_POINT('',#12710);
#3671=VERTEX_POINT('',#12714);
#3672=VERTEX_POINT('',#12718);
#3673=VERTEX_POINT('',#12722);
#3674=VERTEX_POINT('',#12726);
#3675=VERTEX_POINT('',#12730);
#3676=VERTEX_POINT('',#12737);
#3677=VERTEX_POINT('',#12738);
#3678=VERTEX_POINT('',#12743);
#3679=VERTEX_POINT('',#12747);
#3680=VERTEX_POINT('',#12751);
#3681=VERTEX_POINT('',#12755);
#3682=VERTEX_POINT('',#12759);
#3683=VERTEX_POINT('',#12763);
#3684=VERTEX_POINT('',#12769);
#3685=VERTEX_POINT('',#12770);
#3686=VERTEX_POINT('',#12775);
#3687=VERTEX_POINT('',#12779);
#3688=VERTEX_POINT('',#12783);
#3689=VERTEX_POINT('',#12787);
#3690=VERTEX_POINT('',#12791);
#3691=VERTEX_POINT('',#12795);
#3692=VERTEX_POINT('',#12801);
#3693=VERTEX_POINT('',#12802);
#3694=VERTEX_POINT('',#12807);
#3695=VERTEX_POINT('',#12811);
#3696=VERTEX_POINT('',#12815);
#3697=VERTEX_POINT('',#12819);
#3698=VERTEX_POINT('',#12823);
#3699=VERTEX_POINT('',#12827);
#3700=VERTEX_POINT('',#12833);
#3701=VERTEX_POINT('',#12834);
#3702=VERTEX_POINT('',#12837);
#3703=VERTEX_POINT('',#12845);
#3704=VERTEX_POINT('',#12847);
#3705=VERTEX_POINT('',#12856);
#3706=VERTEX_POINT('',#12862);
#3707=VERTEX_POINT('',#12863);
#3708=VERTEX_POINT('',#12865);
#3709=VERTEX_POINT('',#12867);
#3710=VERTEX_POINT('',#12871);
#3711=VERTEX_POINT('',#12872);
#3712=VERTEX_POINT('',#12874);
#3713=VERTEX_POINT('',#12876);
#3714=VERTEX_POINT('',#12880);
#3715=VERTEX_POINT('',#12882);
#3716=VERTEX_POINT('',#12886);
#3717=VERTEX_POINT('',#12888);
#3718=VERTEX_POINT('',#12892);
#3719=VERTEX_POINT('',#12896);
#3720=VERTEX_POINT('',#12898);
#3721=VERTEX_POINT('',#12905);
#3722=EDGE_CURVE('',#3021,#3022,#1181,.T.);
#3723=EDGE_CURVE('',#3021,#3023,#1182,.T.);
#3724=EDGE_CURVE('',#3024,#3023,#1183,.T.);
#3725=EDGE_CURVE('',#3022,#3024,#1184,.T.);
#3726=EDGE_CURVE('',#3022,#3025,#1185,.T.);
#3727=EDGE_CURVE('',#3026,#3024,#1186,.T.);
#3728=EDGE_CURVE('',#3025,#3026,#1187,.T.);
#3729=EDGE_CURVE('',#3025,#3027,#1188,.T.);
#3730=EDGE_CURVE('',#3028,#3026,#1189,.T.);
#3731=EDGE_CURVE('',#3027,#3028,#1190,.T.);
#3732=EDGE_CURVE('',#3027,#3029,#1191,.T.);
#3733=EDGE_CURVE('',#3030,#3028,#1192,.T.);
#3734=EDGE_CURVE('',#3029,#3030,#1193,.T.);
#3735=EDGE_CURVE('',#3029,#3031,#1194,.T.);
#3736=EDGE_CURVE('',#3032,#3030,#1195,.T.);
#3737=EDGE_CURVE('',#3031,#3032,#1196,.T.);
#3738=EDGE_CURVE('',#3031,#3033,#1197,.T.);
#3739=EDGE_CURVE('',#3034,#3032,#1198,.T.);
#3740=EDGE_CURVE('',#3033,#3034,#1199,.T.);
#3741=EDGE_CURVE('',#3033,#3035,#1200,.T.);
#3742=EDGE_CURVE('',#3036,#3034,#1201,.T.);
#3743=EDGE_CURVE('',#3035,#3036,#1202,.T.);
#3744=EDGE_CURVE('',#3035,#3037,#1203,.T.);
#3745=EDGE_CURVE('',#3038,#3036,#1204,.T.);
#3746=EDGE_CURVE('',#3037,#3038,#1205,.T.);
#3747=EDGE_CURVE('',#3037,#3039,#1206,.T.);
#3748=EDGE_CURVE('',#3040,#3038,#1207,.T.);
#3749=EDGE_CURVE('',#3039,#3040,#1208,.T.);
#3750=EDGE_CURVE('',#3039,#3041,#1209,.T.);
#3751=EDGE_CURVE('',#3042,#3040,#1210,.T.);
#3752=EDGE_CURVE('',#3041,#3042,#1211,.T.);
#3753=EDGE_CURVE('',#3041,#3043,#1212,.T.);
#3754=EDGE_CURVE('',#3044,#3042,#1213,.T.);
#3755=EDGE_CURVE('',#3043,#3044,#1214,.T.);
#3756=EDGE_CURVE('',#3043,#3045,#1215,.T.);
#3757=EDGE_CURVE('',#3046,#3044,#1216,.T.);
#3758=EDGE_CURVE('',#3045,#3046,#1217,.T.);
#3759=EDGE_CURVE('',#3045,#3047,#1218,.T.);
#3760=EDGE_CURVE('',#3048,#3046,#1219,.T.);
#3761=EDGE_CURVE('',#3047,#3048,#1220,.T.);
#3762=EDGE_CURVE('',#3047,#3049,#1221,.T.);
#3763=EDGE_CURVE('',#3050,#3048,#1222,.T.);
#3764=EDGE_CURVE('',#3049,#3050,#1223,.T.);
#3765=EDGE_CURVE('',#3049,#3051,#1224,.T.);
#3766=EDGE_CURVE('',#3052,#3050,#1225,.T.);
#3767=EDGE_CURVE('',#3051,#3052,#1226,.T.);
#3768=EDGE_CURVE('',#3051,#3053,#1227,.T.);
#3769=EDGE_CURVE('',#3054,#3052,#1228,.T.);
#3770=EDGE_CURVE('',#3053,#3054,#1229,.T.);
#3771=EDGE_CURVE('',#3053,#3055,#1230,.T.);
#3772=EDGE_CURVE('',#3056,#3054,#1231,.T.);
#3773=EDGE_CURVE('',#3055,#3056,#1232,.T.);
#3774=EDGE_CURVE('',#3055,#3057,#1233,.T.);
#3775=EDGE_CURVE('',#3058,#3056,#1234,.T.);
#3776=EDGE_CURVE('',#3057,#3058,#1235,.T.);
#3777=EDGE_CURVE('',#3057,#3059,#1236,.T.);
#3778=EDGE_CURVE('',#3060,#3058,#1237,.T.);
#3779=EDGE_CURVE('',#3059,#3060,#1238,.T.);
#3780=EDGE_CURVE('',#3059,#3061,#1239,.T.);
#3781=EDGE_CURVE('',#3062,#3060,#1240,.T.);
#3782=EDGE_CURVE('',#3061,#3062,#1241,.T.);
#3783=EDGE_CURVE('',#3061,#3063,#1242,.T.);
#3784=EDGE_CURVE('',#3064,#3062,#1243,.T.);
#3785=EDGE_CURVE('',#3063,#3064,#1244,.T.);
#3786=EDGE_CURVE('',#3063,#3065,#1245,.T.);
#3787=EDGE_CURVE('',#3066,#3064,#1246,.T.);
#3788=EDGE_CURVE('',#3065,#3066,#1247,.T.);
#3789=EDGE_CURVE('',#3065,#3067,#1248,.T.);
#3790=EDGE_CURVE('',#3068,#3066,#1249,.T.);
#3791=EDGE_CURVE('',#3067,#3068,#1250,.T.);
#3792=EDGE_CURVE('',#3067,#3069,#1251,.T.);
#3793=EDGE_CURVE('',#3070,#3068,#1252,.T.);
#3794=EDGE_CURVE('',#3069,#3070,#1253,.T.);
#3795=EDGE_CURVE('',#3069,#3071,#1254,.T.);
#3796=EDGE_CURVE('',#3072,#3070,#1255,.T.);
#3797=EDGE_CURVE('',#3071,#3072,#1256,.T.);
#3798=EDGE_CURVE('',#3071,#3073,#1257,.T.);
#3799=EDGE_CURVE('',#3074,#3072,#1258,.T.);
#3800=EDGE_CURVE('',#3073,#3074,#1259,.T.);
#3801=EDGE_CURVE('',#3073,#3075,#1260,.T.);
#3802=EDGE_CURVE('',#3076,#3074,#1261,.T.);
#3803=EDGE_CURVE('',#3075,#3076,#1262,.T.);
#3804=EDGE_CURVE('',#3075,#3077,#1263,.T.);
#3805=EDGE_CURVE('',#3078,#3076,#1264,.T.);
#3806=EDGE_CURVE('',#3077,#3078,#1265,.T.);
#3807=EDGE_CURVE('',#3077,#3079,#1266,.T.);
#3808=EDGE_CURVE('',#3080,#3078,#1267,.T.);
#3809=EDGE_CURVE('',#3079,#3080,#1268,.T.);
#3810=EDGE_CURVE('',#3079,#3081,#1269,.T.);
#3811=EDGE_CURVE('',#3082,#3080,#1270,.T.);
#3812=EDGE_CURVE('',#3081,#3082,#1271,.T.);
#3813=EDGE_CURVE('',#3081,#3083,#1272,.T.);
#3814=EDGE_CURVE('',#3084,#3082,#1273,.T.);
#3815=EDGE_CURVE('',#3083,#3084,#1274,.T.);
#3816=EDGE_CURVE('',#3083,#3085,#1275,.T.);
#3817=EDGE_CURVE('',#3086,#3084,#1276,.T.);
#3818=EDGE_CURVE('',#3085,#3086,#1277,.T.);
#3819=EDGE_CURVE('',#3085,#3087,#1278,.T.);
#3820=EDGE_CURVE('',#3088,#3086,#1279,.T.);
#3821=EDGE_CURVE('',#3087,#3088,#1280,.T.);
#3822=EDGE_CURVE('',#3087,#3089,#1281,.T.);
#3823=EDGE_CURVE('',#3090,#3088,#1282,.T.);
#3824=EDGE_CURVE('',#3089,#3090,#1283,.T.);
#3825=EDGE_CURVE('',#3089,#3091,#1284,.T.);
#3826=EDGE_CURVE('',#3092,#3090,#1285,.T.);
#3827=EDGE_CURVE('',#3091,#3092,#1286,.T.);
#3828=EDGE_CURVE('',#3091,#3093,#1287,.T.);
#3829=EDGE_CURVE('',#3094,#3092,#1288,.T.);
#3830=EDGE_CURVE('',#3093,#3094,#1289,.T.);
#3831=EDGE_CURVE('',#3093,#3095,#1290,.T.);
#3832=EDGE_CURVE('',#3096,#3094,#1291,.T.);
#3833=EDGE_CURVE('',#3095,#3096,#1292,.T.);
#3834=EDGE_CURVE('',#3095,#3097,#1293,.T.);
#3835=EDGE_CURVE('',#3098,#3096,#1294,.T.);
#3836=EDGE_CURVE('',#3097,#3098,#1295,.T.);
#3837=EDGE_CURVE('',#3097,#3099,#1296,.T.);
#3838=EDGE_CURVE('',#3100,#3098,#1297,.T.);
#3839=EDGE_CURVE('',#3099,#3100,#1298,.T.);
#3840=EDGE_CURVE('',#3099,#3101,#1299,.T.);
#3841=EDGE_CURVE('',#3102,#3100,#1300,.T.);
#3842=EDGE_CURVE('',#3101,#3102,#1301,.T.);
#3843=EDGE_CURVE('',#3101,#3103,#1302,.T.);
#3844=EDGE_CURVE('',#3104,#3102,#1303,.T.);
#3845=EDGE_CURVE('',#3103,#3104,#1304,.T.);
#3846=EDGE_CURVE('',#3103,#3105,#1305,.T.);
#3847=EDGE_CURVE('',#3106,#3104,#1306,.T.);
#3848=EDGE_CURVE('',#3105,#3106,#1307,.T.);
#3849=EDGE_CURVE('',#3105,#3107,#1308,.T.);
#3850=EDGE_CURVE('',#3108,#3106,#1309,.T.);
#3851=EDGE_CURVE('',#3107,#3108,#1310,.T.);
#3852=EDGE_CURVE('',#3107,#3109,#1311,.T.);
#3853=EDGE_CURVE('',#3110,#3108,#1312,.T.);
#3854=EDGE_CURVE('',#3109,#3110,#1313,.T.);
#3855=EDGE_CURVE('',#3109,#3111,#1314,.T.);
#3856=EDGE_CURVE('',#3112,#3110,#1315,.T.);
#3857=EDGE_CURVE('',#3111,#3112,#1316,.T.);
#3858=EDGE_CURVE('',#3111,#3113,#1317,.T.);
#3859=EDGE_CURVE('',#3114,#3112,#1318,.T.);
#3860=EDGE_CURVE('',#3113,#3114,#1319,.T.);
#3861=EDGE_CURVE('',#3113,#3115,#1320,.T.);
#3862=EDGE_CURVE('',#3116,#3114,#1321,.T.);
#3863=EDGE_CURVE('',#3115,#3116,#1322,.T.);
#3864=EDGE_CURVE('',#3115,#3117,#1323,.T.);
#3865=EDGE_CURVE('',#3118,#3116,#1324,.T.);
#3866=EDGE_CURVE('',#3117,#3118,#1325,.T.);
#3867=EDGE_CURVE('',#3117,#3119,#1326,.T.);
#3868=EDGE_CURVE('',#3120,#3118,#1327,.T.);
#3869=EDGE_CURVE('',#3119,#3120,#1328,.T.);
#3870=EDGE_CURVE('',#3119,#3121,#1329,.T.);
#3871=EDGE_CURVE('',#3122,#3120,#1330,.T.);
#3872=EDGE_CURVE('',#3121,#3122,#1331,.T.);
#3873=EDGE_CURVE('',#3121,#3123,#1332,.T.);
#3874=EDGE_CURVE('',#3124,#3122,#1333,.T.);
#3875=EDGE_CURVE('',#3123,#3124,#1334,.T.);
#3876=EDGE_CURVE('',#3123,#3125,#1335,.T.);
#3877=EDGE_CURVE('',#3126,#3124,#1336,.T.);
#3878=EDGE_CURVE('',#3125,#3126,#1337,.T.);
#3879=EDGE_CURVE('',#3125,#3127,#1338,.T.);
#3880=EDGE_CURVE('',#3128,#3126,#1339,.T.);
#3881=EDGE_CURVE('',#3127,#3128,#1340,.T.);
#3882=EDGE_CURVE('',#3127,#3129,#1341,.T.);
#3883=EDGE_CURVE('',#3130,#3128,#1342,.T.);
#3884=EDGE_CURVE('',#3129,#3130,#1343,.T.);
#3885=EDGE_CURVE('',#3129,#3131,#1344,.T.);
#3886=EDGE_CURVE('',#3132,#3130,#1345,.T.);
#3887=EDGE_CURVE('',#3131,#3132,#1346,.T.);
#3888=EDGE_CURVE('',#3131,#3133,#1347,.T.);
#3889=EDGE_CURVE('',#3134,#3132,#1348,.T.);
#3890=EDGE_CURVE('',#3133,#3134,#1349,.T.);
#3891=EDGE_CURVE('',#3133,#3135,#1350,.T.);
#3892=EDGE_CURVE('',#3136,#3134,#1351,.T.);
#3893=EDGE_CURVE('',#3135,#3136,#1352,.T.);
#3894=EDGE_CURVE('',#3135,#3137,#1353,.T.);
#3895=EDGE_CURVE('',#3138,#3136,#1354,.T.);
#3896=EDGE_CURVE('',#3137,#3138,#1355,.T.);
#3897=EDGE_CURVE('',#3137,#3139,#1356,.T.);
#3898=EDGE_CURVE('',#3140,#3138,#1357,.T.);
#3899=EDGE_CURVE('',#3139,#3140,#1358,.T.);
#3900=EDGE_CURVE('',#3139,#3141,#1359,.T.);
#3901=EDGE_CURVE('',#3142,#3140,#1360,.T.);
#3902=EDGE_CURVE('',#3141,#3142,#1361,.T.);
#3903=EDGE_CURVE('',#3141,#3143,#1362,.T.);
#3904=EDGE_CURVE('',#3144,#3142,#1363,.T.);
#3905=EDGE_CURVE('',#3143,#3144,#1364,.T.);
#3906=EDGE_CURVE('',#3143,#3145,#1365,.T.);
#3907=EDGE_CURVE('',#3146,#3144,#1366,.T.);
#3908=EDGE_CURVE('',#3145,#3146,#1367,.T.);
#3909=EDGE_CURVE('',#3145,#3147,#1368,.T.);
#3910=EDGE_CURVE('',#3148,#3146,#1369,.T.);
#3911=EDGE_CURVE('',#3147,#3148,#1370,.T.);
#3912=EDGE_CURVE('',#3147,#3149,#1371,.T.);
#3913=EDGE_CURVE('',#3150,#3148,#1372,.T.);
#3914=EDGE_CURVE('',#3149,#3150,#1373,.T.);
#3915=EDGE_CURVE('',#3149,#3151,#1374,.T.);
#3916=EDGE_CURVE('',#3152,#3150,#1375,.T.);
#3917=EDGE_CURVE('',#3151,#3152,#1376,.T.);
#3918=EDGE_CURVE('',#3151,#3153,#1377,.T.);
#3919=EDGE_CURVE('',#3154,#3152,#1378,.T.);
#3920=EDGE_CURVE('',#3153,#3154,#1379,.T.);
#3921=EDGE_CURVE('',#3153,#3155,#1380,.T.);
#3922=EDGE_CURVE('',#3156,#3154,#1381,.T.);
#3923=EDGE_CURVE('',#3155,#3156,#1382,.T.);
#3924=EDGE_CURVE('',#3155,#3157,#1383,.T.);
#3925=EDGE_CURVE('',#3158,#3156,#1384,.T.);
#3926=EDGE_CURVE('',#3157,#3158,#1385,.T.);
#3927=EDGE_CURVE('',#3157,#3159,#1386,.T.);
#3928=EDGE_CURVE('',#3160,#3158,#1387,.T.);
#3929=EDGE_CURVE('',#3159,#3160,#1388,.T.);
#3930=EDGE_CURVE('',#3159,#3161,#1389,.T.);
#3931=EDGE_CURVE('',#3162,#3160,#1390,.T.);
#3932=EDGE_CURVE('',#3161,#3162,#1391,.T.);
#3933=EDGE_CURVE('',#3161,#3163,#1392,.T.);
#3934=EDGE_CURVE('',#3164,#3162,#1393,.T.);
#3935=EDGE_CURVE('',#3163,#3164,#1394,.T.);
#3936=EDGE_CURVE('',#3163,#3165,#1395,.T.);
#3937=EDGE_CURVE('',#3166,#3164,#1396,.T.);
#3938=EDGE_CURVE('',#3165,#3166,#1397,.T.);
#3939=EDGE_CURVE('',#3165,#3167,#1398,.T.);
#3940=EDGE_CURVE('',#3168,#3166,#1399,.T.);
#3941=EDGE_CURVE('',#3167,#3168,#1400,.T.);
#3942=EDGE_CURVE('',#3167,#3169,#1401,.T.);
#3943=EDGE_CURVE('',#3170,#3168,#1402,.T.);
#3944=EDGE_CURVE('',#3169,#3170,#1403,.T.);
#3945=EDGE_CURVE('',#3169,#3171,#1404,.T.);
#3946=EDGE_CURVE('',#3172,#3170,#1405,.T.);
#3947=EDGE_CURVE('',#3171,#3172,#1406,.T.);
#3948=EDGE_CURVE('',#3171,#3173,#1407,.T.);
#3949=EDGE_CURVE('',#3174,#3172,#1408,.T.);
#3950=EDGE_CURVE('',#3173,#3174,#1409,.T.);
#3951=EDGE_CURVE('',#3173,#3175,#1410,.T.);
#3952=EDGE_CURVE('',#3176,#3174,#1411,.T.);
#3953=EDGE_CURVE('',#3175,#3176,#1412,.T.);
#3954=EDGE_CURVE('',#3175,#3177,#1413,.T.);
#3955=EDGE_CURVE('',#3178,#3176,#1414,.T.);
#3956=EDGE_CURVE('',#3177,#3178,#1415,.T.);
#3957=EDGE_CURVE('',#3177,#3179,#1416,.T.);
#3958=EDGE_CURVE('',#3180,#3178,#1417,.T.);
#3959=EDGE_CURVE('',#3179,#3180,#1418,.T.);
#3960=EDGE_CURVE('',#3179,#3021,#1419,.T.);
#3961=EDGE_CURVE('',#3023,#3180,#1420,.T.);
#3962=EDGE_CURVE('',#3181,#3182,#1421,.T.);
#3963=EDGE_CURVE('',#3183,#3181,#1422,.T.);
#3964=EDGE_CURVE('',#3184,#3183,#1423,.T.);
#3965=EDGE_CURVE('',#3185,#3184,#1424,.T.);
#3966=EDGE_CURVE('',#3186,#3185,#1425,.T.);
#3967=EDGE_CURVE('',#3187,#3186,#1426,.T.);
#3968=EDGE_CURVE('',#3188,#3187,#1427,.T.);
#3969=EDGE_CURVE('',#3189,#3188,#1428,.T.);
#3970=EDGE_CURVE('',#3190,#3189,#1429,.T.);
#3971=EDGE_CURVE('',#3191,#3190,#1430,.T.);
#3972=EDGE_CURVE('',#3192,#3191,#1431,.T.);
#3973=EDGE_CURVE('',#3193,#3192,#1432,.T.);
#3974=EDGE_CURVE('',#3194,#3193,#1433,.T.);
#3975=EDGE_CURVE('',#3195,#3194,#1434,.T.);
#3976=EDGE_CURVE('',#3196,#3195,#1435,.T.);
#3977=EDGE_CURVE('',#3197,#3196,#1436,.T.);
#3978=EDGE_CURVE('',#3198,#3197,#1437,.T.);
#3979=EDGE_CURVE('',#3199,#3198,#1438,.T.);
#3980=EDGE_CURVE('',#3200,#3199,#1439,.T.);
#3981=EDGE_CURVE('',#3201,#3200,#1440,.T.);
#3982=EDGE_CURVE('',#3202,#3201,#1441,.T.);
#3983=EDGE_CURVE('',#3203,#3202,#1442,.T.);
#3984=EDGE_CURVE('',#3204,#3203,#1443,.T.);
#3985=EDGE_CURVE('',#3205,#3204,#1444,.T.);
#3986=EDGE_CURVE('',#3206,#3205,#1445,.T.);
#3987=EDGE_CURVE('',#3207,#3206,#1446,.T.);
#3988=EDGE_CURVE('',#3208,#3207,#1447,.T.);
#3989=EDGE_CURVE('',#3209,#3208,#1448,.T.);
#3990=EDGE_CURVE('',#3210,#3209,#1449,.T.);
#3991=EDGE_CURVE('',#3211,#3210,#1450,.T.);
#3992=EDGE_CURVE('',#3212,#3211,#1451,.T.);
#3993=EDGE_CURVE('',#3213,#3212,#1452,.T.);
#3994=EDGE_CURVE('',#3214,#3213,#1453,.T.);
#3995=EDGE_CURVE('',#3215,#3214,#1454,.T.);
#3996=EDGE_CURVE('',#3216,#3215,#1455,.T.);
#3997=EDGE_CURVE('',#3217,#3216,#1456,.T.);
#3998=EDGE_CURVE('',#3218,#3217,#1457,.T.);
#3999=EDGE_CURVE('',#3219,#3218,#1458,.T.);
#4000=EDGE_CURVE('',#3220,#3219,#1459,.T.);
#4001=EDGE_CURVE('',#3221,#3220,#1460,.T.);
#4002=EDGE_CURVE('',#3222,#3221,#1461,.T.);
#4003=EDGE_CURVE('',#3223,#3222,#1462,.T.);
#4004=EDGE_CURVE('',#3224,#3223,#1463,.T.);
#4005=EDGE_CURVE('',#3225,#3224,#1464,.T.);
#4006=EDGE_CURVE('',#3226,#3225,#1465,.T.);
#4007=EDGE_CURVE('',#3227,#3226,#1466,.T.);
#4008=EDGE_CURVE('',#3228,#3227,#1467,.T.);
#4009=EDGE_CURVE('',#3229,#3228,#1468,.T.);
#4010=EDGE_CURVE('',#3230,#3229,#1469,.T.);
#4011=EDGE_CURVE('',#3231,#3230,#1470,.T.);
#4012=EDGE_CURVE('',#3232,#3231,#1471,.T.);
#4013=EDGE_CURVE('',#3233,#3232,#1472,.T.);
#4014=EDGE_CURVE('',#3234,#3233,#1473,.T.);
#4015=EDGE_CURVE('',#3235,#3234,#1474,.T.);
#4016=EDGE_CURVE('',#3236,#3235,#1475,.T.);
#4017=EDGE_CURVE('',#3237,#3236,#1476,.T.);
#4018=EDGE_CURVE('',#3238,#3237,#1477,.T.);
#4019=EDGE_CURVE('',#3239,#3238,#1478,.T.);
#4020=EDGE_CURVE('',#3240,#3239,#1479,.T.);
#4021=EDGE_CURVE('',#3241,#3240,#1480,.T.);
#4022=EDGE_CURVE('',#3242,#3241,#1481,.T.);
#4023=EDGE_CURVE('',#3243,#3242,#1482,.T.);
#4024=EDGE_CURVE('',#3244,#3243,#1483,.T.);
#4025=EDGE_CURVE('',#3245,#3244,#1484,.T.);
#4026=EDGE_CURVE('',#3246,#3245,#1485,.T.);
#4027=EDGE_CURVE('',#3247,#3246,#1486,.T.);
#4028=EDGE_CURVE('',#3248,#3247,#1487,.T.);
#4029=EDGE_CURVE('',#3249,#3248,#1488,.T.);
#4030=EDGE_CURVE('',#3250,#3249,#1489,.T.);
#4031=EDGE_CURVE('',#3251,#3250,#1490,.T.);
#4032=EDGE_CURVE('',#3252,#3251,#1491,.T.);
#4033=EDGE_CURVE('',#3253,#3252,#1492,.T.);
#4034=EDGE_CURVE('',#3254,#3253,#1493,.T.);
#4035=EDGE_CURVE('',#3255,#3254,#1494,.T.);
#4036=EDGE_CURVE('',#3256,#3255,#1495,.T.);
#4037=EDGE_CURVE('',#3257,#3256,#1496,.T.);
#4038=EDGE_CURVE('',#3258,#3257,#1497,.T.);
#4039=EDGE_CURVE('',#3259,#3258,#1498,.T.);
#4040=EDGE_CURVE('',#3260,#3259,#1499,.T.);
#4041=EDGE_CURVE('',#3182,#3260,#1500,.T.);
#4042=EDGE_CURVE('',#3261,#3221,#1501,.T.);
#4043=EDGE_CURVE('',#3262,#3261,#1502,.T.);
#4044=EDGE_CURVE('',#3262,#3222,#1503,.T.);
#4045=EDGE_CURVE('',#3263,#3220,#1504,.T.);
#4046=EDGE_CURVE('',#3261,#3263,#1505,.T.);
#4047=EDGE_CURVE('',#3264,#3219,#1506,.T.);
#4048=EDGE_CURVE('',#3263,#3264,#1507,.T.);
#4049=EDGE_CURVE('',#3265,#3218,#1508,.T.);
#4050=EDGE_CURVE('',#3264,#3265,#1509,.T.);
#4051=EDGE_CURVE('',#3266,#3217,#1510,.T.);
#4052=EDGE_CURVE('',#3265,#3266,#1511,.T.);
#4053=EDGE_CURVE('',#3267,#3216,#1512,.T.);
#4054=EDGE_CURVE('',#3266,#3267,#1513,.T.);
#4055=EDGE_CURVE('',#3268,#3215,#1514,.T.);
#4056=EDGE_CURVE('',#3267,#3268,#1515,.T.);
#4057=EDGE_CURVE('',#3269,#3214,#1516,.T.);
#4058=EDGE_CURVE('',#3268,#3269,#1517,.T.);
#4059=EDGE_CURVE('',#3270,#3213,#1518,.T.);
#4060=EDGE_CURVE('',#3269,#3270,#1519,.T.);
#4061=EDGE_CURVE('',#3271,#3212,#1520,.T.);
#4062=EDGE_CURVE('',#3270,#3271,#1521,.T.);
#4063=EDGE_CURVE('',#3272,#3211,#1522,.T.);
#4064=EDGE_CURVE('',#3271,#3272,#1523,.T.);
#4065=EDGE_CURVE('',#3273,#3210,#1524,.T.);
#4066=EDGE_CURVE('',#3272,#3273,#1525,.T.);
#4067=EDGE_CURVE('',#3274,#3209,#1526,.T.);
#4068=EDGE_CURVE('',#3273,#3274,#1527,.T.);
#4069=EDGE_CURVE('',#3275,#3208,#1528,.T.);
#4070=EDGE_CURVE('',#3274,#3275,#1529,.T.);
#4071=EDGE_CURVE('',#3276,#3207,#1530,.T.);
#4072=EDGE_CURVE('',#3275,#3276,#1531,.T.);
#4073=EDGE_CURVE('',#3277,#3206,#1532,.T.);
#4074=EDGE_CURVE('',#3276,#3277,#1533,.T.);
#4075=EDGE_CURVE('',#3278,#3205,#1534,.T.);
#4076=EDGE_CURVE('',#3277,#3278,#1535,.T.);
#4077=EDGE_CURVE('',#3279,#3204,#1536,.T.);
#4078=EDGE_CURVE('',#3278,#3279,#1537,.T.);
#4079=EDGE_CURVE('',#3280,#3203,#1538,.T.);
#4080=EDGE_CURVE('',#3279,#3280,#1539,.T.);
#4081=EDGE_CURVE('',#3281,#3202,#1540,.T.);
#4082=EDGE_CURVE('',#3280,#3281,#1541,.T.);
#4083=EDGE_CURVE('',#3282,#3201,#1542,.T.);
#4084=EDGE_CURVE('',#3281,#3282,#1543,.T.);
#4085=EDGE_CURVE('',#3283,#3200,#1544,.T.);
#4086=EDGE_CURVE('',#3282,#3283,#1545,.T.);
#4087=EDGE_CURVE('',#3284,#3199,#1546,.T.);
#4088=EDGE_CURVE('',#3283,#3284,#1547,.T.);
#4089=EDGE_CURVE('',#3285,#3198,#1548,.T.);
#4090=EDGE_CURVE('',#3284,#3285,#1549,.T.);
#4091=EDGE_CURVE('',#3286,#3197,#1550,.T.);
#4092=EDGE_CURVE('',#3285,#3286,#1551,.T.);
#4093=EDGE_CURVE('',#3287,#3196,#1552,.T.);
#4094=EDGE_CURVE('',#3286,#3287,#1553,.T.);
#4095=EDGE_CURVE('',#3288,#3195,#1554,.T.);
#4096=EDGE_CURVE('',#3287,#3288,#1555,.T.);
#4097=EDGE_CURVE('',#3289,#3194,#1556,.T.);
#4098=EDGE_CURVE('',#3288,#3289,#1557,.T.);
#4099=EDGE_CURVE('',#3290,#3193,#1558,.T.);
#4100=EDGE_CURVE('',#3289,#3290,#1559,.T.);
#4101=EDGE_CURVE('',#3291,#3192,#1560,.T.);
#4102=EDGE_CURVE('',#3290,#3291,#1561,.T.);
#4103=EDGE_CURVE('',#3292,#3191,#1562,.T.);
#4104=EDGE_CURVE('',#3291,#3292,#1563,.T.);
#4105=EDGE_CURVE('',#3293,#3190,#1564,.T.);
#4106=EDGE_CURVE('',#3292,#3293,#1565,.T.);
#4107=EDGE_CURVE('',#3294,#3189,#1566,.T.);
#4108=EDGE_CURVE('',#3293,#3294,#1567,.T.);
#4109=EDGE_CURVE('',#3295,#3188,#1568,.T.);
#4110=EDGE_CURVE('',#3294,#3295,#1569,.T.);
#4111=EDGE_CURVE('',#3296,#3187,#1570,.T.);
#4112=EDGE_CURVE('',#3295,#3296,#1571,.T.);
#4113=EDGE_CURVE('',#3297,#3186,#1572,.T.);
#4114=EDGE_CURVE('',#3296,#3297,#1573,.T.);
#4115=EDGE_CURVE('',#3298,#3185,#1574,.T.);
#4116=EDGE_CURVE('',#3297,#3298,#1575,.T.);
#4117=EDGE_CURVE('',#3299,#3184,#1576,.T.);
#4118=EDGE_CURVE('',#3298,#3299,#1577,.T.);
#4119=EDGE_CURVE('',#3300,#3183,#1578,.T.);
#4120=EDGE_CURVE('',#3299,#3300,#1579,.T.);
#4121=EDGE_CURVE('',#3301,#3181,#1580,.T.);
#4122=EDGE_CURVE('',#3300,#3301,#1581,.T.);
#4123=EDGE_CURVE('',#3302,#3303,#123,.T.);
#4124=EDGE_CURVE('',#3303,#3304,#1582,.T.);
#4125=EDGE_CURVE('',#3304,#3305,#124,.T.);
#4126=EDGE_CURVE('',#3305,#3302,#1583,.T.);
#4127=EDGE_CURVE('',#3306,#3307,#125,.T.);
#4128=EDGE_CURVE('',#3307,#3305,#126,.T.);
#4129=EDGE_CURVE('',#3304,#3306,#127,.T.);
#4130=EDGE_CURVE('',#3308,#3309,#128,.T.);
#4131=EDGE_CURVE('',#3309,#3307,#1584,.T.);
#4132=EDGE_CURVE('',#3306,#3308,#1585,.T.);
#4133=EDGE_CURVE('',#3310,#3311,#129,.T.);
#4134=EDGE_CURVE('',#3311,#3309,#130,.T.);
#4135=EDGE_CURVE('',#3308,#3310,#131,.T.);
#4136=EDGE_CURVE('',#3312,#3313,#132,.T.);
#4137=EDGE_CURVE('',#3313,#3311,#1586,.T.);
#4138=EDGE_CURVE('',#3310,#3312,#1587,.T.);
#4139=EDGE_CURVE('',#3314,#3315,#133,.T.);
#4140=EDGE_CURVE('',#3315,#3313,#134,.T.);
#4141=EDGE_CURVE('',#3312,#3314,#135,.T.);
#4142=EDGE_CURVE('',#3316,#3317,#136,.T.);
#4143=EDGE_CURVE('',#3317,#3315,#1588,.T.);
#4144=EDGE_CURVE('',#3314,#3316,#1589,.T.);
#4145=EDGE_CURVE('',#3302,#3317,#137,.T.);
#4146=EDGE_CURVE('',#3316,#3303,#138,.T.);
#4147=EDGE_CURVE('',#3318,#3308,#1590,.T.);
#4148=EDGE_CURVE('',#3319,#3318,#139,.T.);
#4149=EDGE_CURVE('',#3319,#3310,#1591,.T.);
#4150=EDGE_CURVE('',#3320,#3306,#1592,.T.);
#4151=EDGE_CURVE('',#3318,#3320,#1593,.T.);
#4152=EDGE_CURVE('',#3321,#3304,#1594,.T.);
#4153=EDGE_CURVE('',#3320,#3321,#140,.T.);
#4154=EDGE_CURVE('',#3322,#3303,#1595,.T.);
#4155=EDGE_CURVE('',#3321,#3322,#1596,.T.);
#4156=EDGE_CURVE('',#3323,#3324,#1597,.T.);
#4157=EDGE_CURVE('',#3324,#3325,#141,.T.);
#4158=EDGE_CURVE('',#3325,#3326,#1598,.T.);
#4159=EDGE_CURVE('',#3326,#3327,#142,.T.);
#4160=EDGE_CURVE('',#3327,#3328,#1599,.T.);
#4161=EDGE_CURVE('',#3328,#3329,#143,.T.);
#4162=EDGE_CURVE('',#3329,#3330,#1600,.T.);
#4163=EDGE_CURVE('',#3330,#3323,#144,.T.);
#4164=EDGE_CURVE('',#3331,#3332,#1601,.T.);
#4165=EDGE_CURVE('',#3332,#3333,#145,.T.);
#4166=EDGE_CURVE('',#3333,#3334,#1602,.T.);
#4167=EDGE_CURVE('',#3334,#3335,#146,.T.);
#4168=EDGE_CURVE('',#3335,#3336,#1603,.T.);
#4169=EDGE_CURVE('',#3336,#3337,#147,.T.);
#4170=EDGE_CURVE('',#3337,#3338,#1604,.T.);
#4171=EDGE_CURVE('',#3338,#3331,#148,.T.);
#4172=EDGE_CURVE('',#3339,#3340,#1605,.T.);
#4173=EDGE_CURVE('',#3340,#3341,#149,.T.);
#4174=EDGE_CURVE('',#3341,#3342,#1606,.T.);
#4175=EDGE_CURVE('',#3342,#3343,#150,.T.);
#4176=EDGE_CURVE('',#3343,#3344,#1607,.T.);
#4177=EDGE_CURVE('',#3344,#3345,#151,.T.);
#4178=EDGE_CURVE('',#3345,#3346,#1608,.T.);
#4179=EDGE_CURVE('',#3346,#3339,#152,.T.);
#4180=EDGE_CURVE('',#3347,#3348,#1609,.T.);
#4181=EDGE_CURVE('',#3348,#3349,#35,.T.);
#4182=EDGE_CURVE('',#3350,#3349,#1610,.T.);
#4183=EDGE_CURVE('',#3350,#3347,#36,.T.);
#4184=EDGE_CURVE('',#3349,#3351,#1611,.T.);
#4185=EDGE_CURVE('',#3348,#3352,#1612,.T.);
#4186=EDGE_CURVE('',#3351,#3352,#37,.T.);
#4187=EDGE_CURVE('',#3353,#3347,#1613,.T.);
#4188=EDGE_CURVE('',#3354,#3350,#1614,.T.);
#4189=EDGE_CURVE('',#3354,#3353,#38,.T.);
#4190=EDGE_CURVE('',#3352,#3353,#1615,.T.);
#4191=EDGE_CURVE('',#3351,#3354,#1616,.T.);
#4192=EDGE_CURVE('',#3355,#3356,#153,.T.);
#4193=EDGE_CURVE('',#3357,#3355,#1617,.T.);
#4194=EDGE_CURVE('',#3358,#3357,#1618,.T.);
#4195=EDGE_CURVE('',#3359,#3358,#1619,.T.);
#4196=EDGE_CURVE('',#3360,#3359,#1620,.T.);
#4197=EDGE_CURVE('',#3361,#3360,#1621,.T.);
#4198=EDGE_CURVE('',#3362,#3361,#1622,.T.);
#4199=EDGE_CURVE('',#3363,#3362,#1623,.T.);
#4200=EDGE_CURVE('',#3364,#3363,#1624,.T.);
#4201=EDGE_CURVE('',#3365,#3364,#1625,.T.);
#4202=EDGE_CURVE('',#3366,#3365,#1626,.T.);
#4203=EDGE_CURVE('',#3367,#3366,#1627,.T.);
#4204=EDGE_CURVE('',#3368,#3367,#1628,.T.);
#4205=EDGE_CURVE('',#3369,#3368,#1629,.T.);
#4206=EDGE_CURVE('',#3370,#3369,#1630,.T.);
#4207=EDGE_CURVE('',#3371,#3370,#1631,.T.);
#4208=EDGE_CURVE('',#3372,#3371,#1632,.T.);
#4209=EDGE_CURVE('',#3373,#3372,#1633,.T.);
#4210=EDGE_CURVE('',#3374,#3373,#1634,.T.);
#4211=EDGE_CURVE('',#3375,#3374,#1635,.T.);
#4212=EDGE_CURVE('',#3376,#3375,#1636,.T.);
#4213=EDGE_CURVE('',#3377,#3376,#1637,.T.);
#4214=EDGE_CURVE('',#3378,#3377,#1638,.T.);
#4215=EDGE_CURVE('',#3379,#3378,#1639,.T.);
#4216=EDGE_CURVE('',#3380,#3379,#1640,.T.);
#4217=EDGE_CURVE('',#3381,#3380,#1641,.T.);
#4218=EDGE_CURVE('',#3382,#3381,#1642,.T.);
#4219=EDGE_CURVE('',#3383,#3382,#154,.T.);
#4220=EDGE_CURVE('',#3384,#3383,#1643,.T.);
#4221=EDGE_CURVE('',#3385,#3384,#1644,.T.);
#4222=EDGE_CURVE('',#3386,#3385,#1645,.T.);
#4223=EDGE_CURVE('',#3387,#3386,#1646,.T.);
#4224=EDGE_CURVE('',#3388,#3387,#1647,.T.);
#4225=EDGE_CURVE('',#3389,#3388,#1648,.T.);
#4226=EDGE_CURVE('',#3390,#3389,#1649,.T.);
#4227=EDGE_CURVE('',#3391,#3390,#1650,.T.);
#4228=EDGE_CURVE('',#3392,#3391,#1651,.T.);
#4229=EDGE_CURVE('',#3393,#3392,#1652,.T.);
#4230=EDGE_CURVE('',#3394,#3393,#1653,.T.);
#4231=EDGE_CURVE('',#3395,#3394,#1654,.T.);
#4232=EDGE_CURVE('',#3396,#3395,#1655,.T.);
#4233=EDGE_CURVE('',#3397,#3396,#1656,.T.);
#4234=EDGE_CURVE('',#3398,#3397,#1657,.T.);
#4235=EDGE_CURVE('',#3399,#3398,#1658,.T.);
#4236=EDGE_CURVE('',#3400,#3399,#1659,.T.);
#4237=EDGE_CURVE('',#3401,#3400,#1660,.T.);
#4238=EDGE_CURVE('',#3402,#3401,#1661,.T.);
#4239=EDGE_CURVE('',#3403,#3402,#1662,.T.);
#4240=EDGE_CURVE('',#3404,#3403,#1663,.T.);
#4241=EDGE_CURVE('',#3405,#3404,#1664,.T.);
#4242=EDGE_CURVE('',#3406,#3405,#1665,.T.);
#4243=EDGE_CURVE('',#3407,#3406,#1666,.T.);
#4244=EDGE_CURVE('',#3408,#3407,#155,.T.);
#4245=EDGE_CURVE('',#3409,#3408,#156,.T.);
#4246=EDGE_CURVE('',#3410,#3409,#1667,.T.);
#4247=EDGE_CURVE('',#3411,#3410,#1668,.T.);
#4248=EDGE_CURVE('',#3412,#3411,#1669,.T.);
#4249=EDGE_CURVE('',#3413,#3412,#1670,.T.);
#4250=EDGE_CURVE('',#3414,#3413,#1671,.T.);
#4251=EDGE_CURVE('',#3415,#3414,#1672,.T.);
#4252=EDGE_CURVE('',#3416,#3415,#1673,.T.);
#4253=EDGE_CURVE('',#3417,#3416,#1674,.T.);
#4254=EDGE_CURVE('',#3418,#3417,#1675,.T.);
#4255=EDGE_CURVE('',#3419,#3418,#1676,.T.);
#4256=EDGE_CURVE('',#3420,#3419,#1677,.T.);
#4257=EDGE_CURVE('',#3421,#3420,#1678,.T.);
#4258=EDGE_CURVE('',#3422,#3421,#1679,.T.);
#4259=EDGE_CURVE('',#3423,#3422,#1680,.T.);
#4260=EDGE_CURVE('',#3424,#3423,#1681,.T.);
#4261=EDGE_CURVE('',#3425,#3424,#1682,.T.);
#4262=EDGE_CURVE('',#3426,#3425,#1683,.T.);
#4263=EDGE_CURVE('',#3427,#3426,#1684,.T.);
#4264=EDGE_CURVE('',#3428,#3427,#1685,.T.);
#4265=EDGE_CURVE('',#3429,#3428,#1686,.T.);
#4266=EDGE_CURVE('',#3430,#3429,#1687,.T.);
#4267=EDGE_CURVE('',#3431,#3430,#1688,.T.);
#4268=EDGE_CURVE('',#3432,#3431,#1689,.T.);
#4269=EDGE_CURVE('',#3433,#3432,#1690,.T.);
#4270=EDGE_CURVE('',#3356,#3433,#157,.T.);
#4271=EDGE_CURVE('',#3434,#3435,#1691,.T.);
#4272=EDGE_CURVE('',#3436,#3434,#158,.T.);
#4273=EDGE_CURVE('',#3437,#3436,#1692,.T.);
#4274=EDGE_CURVE('',#3438,#3437,#159,.T.);
#4275=EDGE_CURVE('',#3439,#3438,#1693,.T.);
#4276=EDGE_CURVE('',#3440,#3439,#160,.T.);
#4277=EDGE_CURVE('',#3441,#3440,#1694,.T.);
#4278=EDGE_CURVE('',#3435,#3441,#161,.T.);
#4279=EDGE_CURVE('',#3435,#3442,#162,.T.);
#4280=EDGE_CURVE('',#3442,#3443,#1695,.T.);
#4281=EDGE_CURVE('',#3443,#3434,#163,.T.);
#4282=EDGE_CURVE('',#3444,#3436,#164,.T.);
#4283=EDGE_CURVE('',#3443,#3444,#165,.T.);
#4284=EDGE_CURVE('',#3445,#3437,#166,.T.);
#4285=EDGE_CURVE('',#3444,#3445,#1696,.T.);
#4286=EDGE_CURVE('',#3446,#3438,#167,.T.);
#4287=EDGE_CURVE('',#3445,#3446,#168,.T.);
#4288=EDGE_CURVE('',#3447,#3439,#169,.T.);
#4289=EDGE_CURVE('',#3446,#3447,#1697,.T.);
#4290=EDGE_CURVE('',#3448,#3440,#170,.T.);
#4291=EDGE_CURVE('',#3447,#3448,#171,.T.);
#4292=EDGE_CURVE('',#3449,#3441,#172,.T.);
#4293=EDGE_CURVE('',#3448,#3449,#1698,.T.);
#4294=EDGE_CURVE('',#3449,#3442,#173,.T.);
#4295=EDGE_CURVE('',#3445,#3450,#1699,.T.);
#4296=EDGE_CURVE('',#3450,#3451,#174,.T.);
#4297=EDGE_CURVE('',#3446,#3451,#1700,.T.);
#4298=EDGE_CURVE('',#3444,#3452,#1701,.T.);
#4299=EDGE_CURVE('',#3452,#3450,#1702,.T.);
#4300=EDGE_CURVE('',#3443,#3453,#1703,.T.);
#4301=EDGE_CURVE('',#3453,#3452,#175,.T.);
#4302=EDGE_CURVE('',#3442,#3454,#1704,.T.);
#4303=EDGE_CURVE('',#3454,#3453,#1705,.T.);
#4304=EDGE_CURVE('',#3455,#3355,#15,.T.);
#4305=EDGE_CURVE('',#3356,#3456,#176,.T.);
#4306=EDGE_CURVE('',#3456,#3456,#177,.T.);
#4307=EDGE_CURVE('',#3433,#3457,#16,.T.);
#4308=EDGE_CURVE('',#3457,#3458,#17,.T.);
#4309=EDGE_CURVE('',#3458,#3455,#18,.T.);
#4310=EDGE_CURVE('',#3459,#3455,#19,.T.);
#4311=EDGE_CURVE('',#3459,#3460,#1706,.T.);
#4312=EDGE_CURVE('',#3460,#3357,#20,.T.);
#4313=EDGE_CURVE('',#3458,#3461,#39,.T.);
#4314=EDGE_CURVE('',#3461,#3459,#1707,.T.);
#4315=EDGE_CURVE('',#3462,#3462,#178,.T.);
#4316=EDGE_CURVE('',#3462,#3456,#1708,.T.);
#4317=EDGE_CURVE('',#3463,#3383,#21,.T.);
#4318=EDGE_CURVE('',#3382,#3464,#22,.T.);
#4319=EDGE_CURVE('',#3464,#3465,#23,.T.);
#4320=EDGE_CURVE('',#3465,#3466,#24,.T.);
#4321=EDGE_CURVE('',#3466,#3467,#179,.T.);
#4322=EDGE_CURVE('',#3467,#3467,#180,.T.);
#4323=EDGE_CURVE('',#3466,#3463,#25,.T.);
#4324=EDGE_CURVE('',#3468,#3463,#26,.T.);
#4325=EDGE_CURVE('',#3468,#3469,#1709,.T.);
#4326=EDGE_CURVE('',#3469,#3384,#27,.T.);
#4327=EDGE_CURVE('',#3465,#3470,#40,.T.);
#4328=EDGE_CURVE('',#3470,#3468,#1710,.T.);
#4329=EDGE_CURVE('',#3471,#3471,#181,.T.);
#4330=EDGE_CURVE('',#3471,#3467,#1711,.T.);
#4331=EDGE_CURVE('',#3472,#3409,#28,.T.);
#4332=EDGE_CURVE('',#3408,#3473,#182,.T.);
#4333=EDGE_CURVE('',#3473,#3473,#183,.T.);
#4334=EDGE_CURVE('',#3407,#3474,#29,.T.);
#4335=EDGE_CURVE('',#3474,#3475,#30,.T.);
#4336=EDGE_CURVE('',#3475,#3472,#31,.T.);
#4337=EDGE_CURVE('',#3476,#3472,#32,.T.);
#4338=EDGE_CURVE('',#3476,#3477,#1712,.T.);
#4339=EDGE_CURVE('',#3477,#3410,#33,.T.);
#4340=EDGE_CURVE('',#3475,#3478,#41,.T.);
#4341=EDGE_CURVE('',#3478,#3476,#1713,.T.);
#4342=EDGE_CURVE('',#3479,#3479,#184,.T.);
#4343=EDGE_CURVE('',#3479,#3473,#1714,.T.);
#4344=EDGE_CURVE('',#3427,#3480,#42,.T.);
#4345=EDGE_CURVE('',#3480,#3481,#1715,.T.);
#4346=EDGE_CURVE('',#3428,#3481,#43,.T.);
#4347=EDGE_CURVE('',#3426,#3482,#44,.T.);
#4348=EDGE_CURVE('',#3482,#3480,#1716,.T.);
#4349=EDGE_CURVE('',#3425,#3483,#45,.T.);
#4350=EDGE_CURVE('',#3483,#3482,#1717,.T.);
#4351=EDGE_CURVE('',#3424,#3484,#46,.T.);
#4352=EDGE_CURVE('',#3484,#3483,#1718,.T.);
#4353=EDGE_CURVE('',#3423,#3485,#47,.T.);
#4354=EDGE_CURVE('',#3485,#3484,#1719,.T.);
#4355=EDGE_CURVE('',#3422,#3486,#48,.T.);
#4356=EDGE_CURVE('',#3486,#3485,#1720,.T.);
#4357=EDGE_CURVE('',#3421,#3487,#49,.T.);
#4358=EDGE_CURVE('',#3487,#3486,#1721,.T.);
#4359=EDGE_CURVE('',#3420,#3488,#50,.T.);
#4360=EDGE_CURVE('',#3488,#3487,#1722,.T.);
#4361=EDGE_CURVE('',#3419,#3489,#51,.T.);
#4362=EDGE_CURVE('',#3489,#3488,#1723,.T.);
#4363=EDGE_CURVE('',#3418,#3490,#52,.T.);
#4364=EDGE_CURVE('',#3490,#3489,#1724,.T.);
#4365=EDGE_CURVE('',#3417,#3491,#53,.T.);
#4366=EDGE_CURVE('',#3491,#3490,#1725,.T.);
#4367=EDGE_CURVE('',#3416,#3492,#54,.T.);
#4368=EDGE_CURVE('',#3492,#3491,#1726,.T.);
#4369=EDGE_CURVE('',#3415,#3493,#55,.T.);
#4370=EDGE_CURVE('',#3493,#3492,#1727,.T.);
#4371=EDGE_CURVE('',#3414,#3494,#56,.T.);
#4372=EDGE_CURVE('',#3494,#3493,#1728,.T.);
#4373=EDGE_CURVE('',#3413,#3495,#57,.T.);
#4374=EDGE_CURVE('',#3495,#3494,#1729,.T.);
#4375=EDGE_CURVE('',#3412,#3496,#58,.T.);
#4376=EDGE_CURVE('',#3496,#3495,#1730,.T.);
#4377=EDGE_CURVE('',#3411,#3497,#59,.T.);
#4378=EDGE_CURVE('',#3497,#3496,#1731,.T.);
#4379=EDGE_CURVE('',#3474,#3498,#60,.T.);
#4380=EDGE_CURVE('',#3498,#3478,#1732,.T.);
#4381=EDGE_CURVE('',#3499,#3500,#1733,.T.);
#4382=EDGE_CURVE('',#3500,#3369,#34,.T.);
#4383=EDGE_CURVE('',#3368,#3499,#61,.T.);
#4384=EDGE_CURVE('',#3406,#3501,#62,.T.);
#4385=EDGE_CURVE('',#3501,#3498,#1734,.T.);
#4386=EDGE_CURVE('',#3405,#3502,#63,.T.);
#4387=EDGE_CURVE('',#3502,#3501,#1735,.T.);
#4388=EDGE_CURVE('',#3404,#3503,#64,.T.);
#4389=EDGE_CURVE('',#3503,#3502,#1736,.T.);
#4390=EDGE_CURVE('',#3403,#3504,#65,.T.);
#4391=EDGE_CURVE('',#3504,#3503,#1737,.T.);
#4392=EDGE_CURVE('',#3402,#3505,#66,.T.);
#4393=EDGE_CURVE('',#3505,#3504,#1738,.T.);
#4394=EDGE_CURVE('',#3401,#3506,#67,.T.);
#4395=EDGE_CURVE('',#3506,#3505,#1739,.T.);
#4396=EDGE_CURVE('',#3400,#3507,#68,.T.);
#4397=EDGE_CURVE('',#3507,#3506,#1740,.T.);
#4398=EDGE_CURVE('',#3399,#3508,#69,.T.);
#4399=EDGE_CURVE('',#3508,#3507,#1741,.T.);
#4400=EDGE_CURVE('',#3398,#3509,#70,.T.);
#4401=EDGE_CURVE('',#3509,#3508,#1742,.T.);
#4402=EDGE_CURVE('',#3397,#3510,#71,.T.);
#4403=EDGE_CURVE('',#3510,#3509,#1743,.T.);
#4404=EDGE_CURVE('',#3396,#3511,#72,.T.);
#4405=EDGE_CURVE('',#3511,#3510,#1744,.T.);
#4406=EDGE_CURVE('',#3395,#3512,#73,.T.);
#4407=EDGE_CURVE('',#3512,#3511,#1745,.T.);
#4408=EDGE_CURVE('',#3394,#3513,#74,.T.);
#4409=EDGE_CURVE('',#3513,#3512,#1746,.T.);
#4410=EDGE_CURVE('',#3393,#3514,#75,.T.);
#4411=EDGE_CURVE('',#3514,#3513,#1747,.T.);
#4412=EDGE_CURVE('',#3392,#3515,#76,.T.);
#4413=EDGE_CURVE('',#3515,#3514,#1748,.T.);
#4414=EDGE_CURVE('',#3391,#3516,#77,.T.);
#4415=EDGE_CURVE('',#3516,#3515,#1749,.T.);
#4416=EDGE_CURVE('',#3390,#3517,#78,.T.);
#4417=EDGE_CURVE('',#3517,#3516,#1750,.T.);
#4418=EDGE_CURVE('',#3389,#3518,#79,.T.);
#4419=EDGE_CURVE('',#3518,#3517,#1751,.T.);
#4420=EDGE_CURVE('',#3388,#3519,#80,.T.);
#4421=EDGE_CURVE('',#3519,#3518,#1752,.T.);
#4422=EDGE_CURVE('',#3387,#3520,#81,.T.);
#4423=EDGE_CURVE('',#3520,#3519,#1753,.T.);
#4424=EDGE_CURVE('',#3521,#3520,#1754,.T.);
#4425=EDGE_CURVE('',#3386,#3521,#82,.T.);
#4426=EDGE_CURVE('',#3522,#3521,#1755,.T.);
#4427=EDGE_CURVE('',#3385,#3522,#83,.T.);
#4428=EDGE_CURVE('',#3469,#3522,#1756,.T.);
#4429=EDGE_CURVE('',#3464,#3523,#84,.T.);
#4430=EDGE_CURVE('',#3523,#3470,#1757,.T.);
#4431=EDGE_CURVE('',#3381,#3524,#85,.T.);
#4432=EDGE_CURVE('',#3524,#3523,#1758,.T.);
#4433=EDGE_CURVE('',#3525,#3524,#1759,.T.);
#4434=EDGE_CURVE('',#3380,#3525,#86,.T.);
#4435=EDGE_CURVE('',#3526,#3525,#1760,.T.);
#4436=EDGE_CURVE('',#3379,#3526,#87,.T.);
#4437=EDGE_CURVE('',#3527,#3526,#1761,.T.);
#4438=EDGE_CURVE('',#3378,#3527,#88,.T.);
#4439=EDGE_CURVE('',#3528,#3527,#1762,.T.);
#4440=EDGE_CURVE('',#3377,#3528,#89,.T.);
#4441=EDGE_CURVE('',#3529,#3528,#1763,.T.);
#4442=EDGE_CURVE('',#3376,#3529,#90,.T.);
#4443=EDGE_CURVE('',#3530,#3529,#1764,.T.);
#4444=EDGE_CURVE('',#3375,#3530,#91,.T.);
#4445=EDGE_CURVE('',#3531,#3530,#1765,.T.);
#4446=EDGE_CURVE('',#3374,#3531,#92,.T.);
#4447=EDGE_CURVE('',#3532,#3531,#1766,.T.);
#4448=EDGE_CURVE('',#3373,#3532,#93,.T.);
#4449=EDGE_CURVE('',#3533,#3532,#1767,.T.);
#4450=EDGE_CURVE('',#3372,#3533,#94,.T.);
#4451=EDGE_CURVE('',#3534,#3533,#1768,.T.);
#4452=EDGE_CURVE('',#3371,#3534,#95,.T.);
#4453=EDGE_CURVE('',#3535,#3534,#1769,.T.);
#4454=EDGE_CURVE('',#3370,#3535,#96,.T.);
#4455=EDGE_CURVE('',#3500,#3535,#1770,.T.);
#4456=EDGE_CURVE('',#3536,#3499,#1771,.T.);
#4457=EDGE_CURVE('',#3367,#3536,#97,.T.);
#4458=EDGE_CURVE('',#3537,#3536,#1772,.T.);
#4459=EDGE_CURVE('',#3366,#3537,#98,.T.);
#4460=EDGE_CURVE('',#3538,#3537,#1773,.T.);
#4461=EDGE_CURVE('',#3365,#3538,#99,.T.);
#4462=EDGE_CURVE('',#3477,#3497,#1774,.T.);
#4463=EDGE_CURVE('',#3539,#3538,#1775,.T.);
#4464=EDGE_CURVE('',#3364,#3539,#100,.T.);
#4465=EDGE_CURVE('',#3540,#3539,#1776,.T.);
#4466=EDGE_CURVE('',#3363,#3540,#101,.T.);
#4467=EDGE_CURVE('',#3541,#3540,#1777,.T.);
#4468=EDGE_CURVE('',#3362,#3541,#102,.T.);
#4469=EDGE_CURVE('',#3542,#3541,#1778,.T.);
#4470=EDGE_CURVE('',#3361,#3542,#103,.T.);
#4471=EDGE_CURVE('',#3543,#3542,#1779,.T.);
#4472=EDGE_CURVE('',#3360,#3543,#104,.T.);
#4473=EDGE_CURVE('',#3544,#3543,#1780,.T.);
#4474=EDGE_CURVE('',#3359,#3544,#105,.T.);
#4475=EDGE_CURVE('',#3545,#3544,#1781,.T.);
#4476=EDGE_CURVE('',#3358,#3545,#106,.T.);
#4477=EDGE_CURVE('',#3460,#3545,#1782,.T.);
#4478=EDGE_CURVE('',#3457,#3546,#107,.T.);
#4479=EDGE_CURVE('',#3546,#3461,#1783,.T.);
#4480=EDGE_CURVE('',#3432,#3547,#108,.T.);
#4481=EDGE_CURVE('',#3547,#3546,#1784,.T.);
#4482=EDGE_CURVE('',#3548,#3547,#1785,.T.);
#4483=EDGE_CURVE('',#3431,#3548,#109,.T.);
#4484=EDGE_CURVE('',#3549,#3548,#1786,.T.);
#4485=EDGE_CURVE('',#3430,#3549,#110,.T.);
#4486=EDGE_CURVE('',#3550,#3549,#1787,.T.);
#4487=EDGE_CURVE('',#3429,#3550,#111,.T.);
#4488=EDGE_CURVE('',#3481,#3550,#1788,.T.);
#4489=EDGE_CURVE('',#3551,#3487,#1789,.T.);
#4490=EDGE_CURVE('',#3552,#3551,#1790,.T.);
#4491=EDGE_CURVE('',#3552,#3486,#1791,.T.);
#4492=EDGE_CURVE('',#3553,#3488,#1792,.T.);
#4493=EDGE_CURVE('',#3551,#3553,#1793,.T.);
#4494=EDGE_CURVE('',#3554,#3489,#1794,.T.);
#4495=EDGE_CURVE('',#3553,#3554,#1795,.T.);
#4496=EDGE_CURVE('',#3555,#3490,#1796,.T.);
#4497=EDGE_CURVE('',#3554,#3555,#1797,.T.);
#4498=EDGE_CURVE('',#3556,#3491,#1798,.T.);
#4499=EDGE_CURVE('',#3555,#3556,#1799,.T.);
#4500=EDGE_CURVE('',#3557,#3492,#1800,.T.);
#4501=EDGE_CURVE('',#3556,#3557,#1801,.T.);
#4502=EDGE_CURVE('',#3558,#3493,#1802,.T.);
#4503=EDGE_CURVE('',#3557,#3558,#1803,.T.);
#4504=EDGE_CURVE('',#3559,#3494,#1804,.T.);
#4505=EDGE_CURVE('',#3558,#3559,#1805,.T.);
#4506=EDGE_CURVE('',#3560,#3495,#1806,.T.);
#4507=EDGE_CURVE('',#3559,#3560,#1807,.T.);
#4508=EDGE_CURVE('',#3561,#3496,#1808,.T.);
#4509=EDGE_CURVE('',#3560,#3561,#1809,.T.);
#4510=EDGE_CURVE('',#3562,#3497,#1810,.T.);
#4511=EDGE_CURVE('',#3561,#3562,#1811,.T.);
#4512=EDGE_CURVE('',#3563,#3477,#1812,.T.);
#4513=EDGE_CURVE('',#3562,#3563,#1813,.T.);
#4514=EDGE_CURVE('',#3564,#3476,#1814,.T.);
#4515=EDGE_CURVE('',#3563,#3564,#1815,.T.);
#4516=EDGE_CURVE('',#3565,#3478,#1816,.T.);
#4517=EDGE_CURVE('',#3564,#3565,#1817,.T.);
#4518=EDGE_CURVE('',#3566,#3498,#1818,.T.);
#4519=EDGE_CURVE('',#3565,#3566,#1819,.T.);
#4520=EDGE_CURVE('',#3567,#3501,#1820,.T.);
#4521=EDGE_CURVE('',#3566,#3567,#1821,.T.);
#4522=EDGE_CURVE('',#3568,#3502,#1822,.T.);
#4523=EDGE_CURVE('',#3567,#3568,#1823,.T.);
#4524=EDGE_CURVE('',#3569,#3503,#1824,.T.);
#4525=EDGE_CURVE('',#3568,#3569,#1825,.T.);
#4526=EDGE_CURVE('',#3570,#3504,#1826,.T.);
#4527=EDGE_CURVE('',#3569,#3570,#1827,.T.);
#4528=EDGE_CURVE('',#3571,#3505,#1828,.T.);
#4529=EDGE_CURVE('',#3570,#3571,#1829,.T.);
#4530=EDGE_CURVE('',#3572,#3506,#1830,.T.);
#4531=EDGE_CURVE('',#3571,#3572,#1831,.T.);
#4532=EDGE_CURVE('',#3573,#3507,#1832,.T.);
#4533=EDGE_CURVE('',#3572,#3573,#1833,.T.);
#4534=EDGE_CURVE('',#3574,#3508,#1834,.T.);
#4535=EDGE_CURVE('',#3573,#3574,#1835,.T.);
#4536=EDGE_CURVE('',#3575,#3509,#1836,.T.);
#4537=EDGE_CURVE('',#3574,#3575,#1837,.T.);
#4538=EDGE_CURVE('',#3576,#3510,#1838,.T.);
#4539=EDGE_CURVE('',#3575,#3576,#1839,.T.);
#4540=EDGE_CURVE('',#3577,#3511,#1840,.T.);
#4541=EDGE_CURVE('',#3576,#3577,#1841,.T.);
#4542=EDGE_CURVE('',#3578,#3512,#1842,.T.);
#4543=EDGE_CURVE('',#3577,#3578,#1843,.T.);
#4544=EDGE_CURVE('',#3579,#3513,#1844,.T.);
#4545=EDGE_CURVE('',#3578,#3579,#1845,.T.);
#4546=EDGE_CURVE('',#3580,#3514,#1846,.T.);
#4547=EDGE_CURVE('',#3579,#3580,#1847,.T.);
#4548=EDGE_CURVE('',#3581,#3515,#1848,.T.);
#4549=EDGE_CURVE('',#3580,#3581,#1849,.T.);
#4550=EDGE_CURVE('',#3582,#3516,#1850,.T.);
#4551=EDGE_CURVE('',#3581,#3582,#1851,.T.);
#4552=EDGE_CURVE('',#3583,#3517,#1852,.T.);
#4553=EDGE_CURVE('',#3582,#3583,#1853,.T.);
#4554=EDGE_CURVE('',#3584,#3518,#1854,.T.);
#4555=EDGE_CURVE('',#3583,#3584,#1855,.T.);
#4556=EDGE_CURVE('',#3585,#3519,#1856,.T.);
#4557=EDGE_CURVE('',#3584,#3585,#1857,.T.);
#4558=EDGE_CURVE('',#3586,#3520,#1858,.T.);
#4559=EDGE_CURVE('',#3585,#3586,#1859,.T.);
#4560=EDGE_CURVE('',#3587,#3521,#1860,.T.);
#4561=EDGE_CURVE('',#3586,#3587,#1861,.T.);
#4562=EDGE_CURVE('',#3588,#3522,#1862,.T.);
#4563=EDGE_CURVE('',#3587,#3588,#1863,.T.);
#4564=EDGE_CURVE('',#3589,#3469,#1864,.T.);
#4565=EDGE_CURVE('',#3588,#3589,#1865,.T.);
#4566=EDGE_CURVE('',#3590,#3468,#1866,.T.);
#4567=EDGE_CURVE('',#3589,#3590,#1867,.T.);
#4568=EDGE_CURVE('',#3591,#3470,#1868,.T.);
#4569=EDGE_CURVE('',#3590,#3591,#1869,.T.);
#4570=EDGE_CURVE('',#3592,#3262,#1870,.T.);
#4571=EDGE_CURVE('',#3592,#3223,#1871,.T.);
#4572=EDGE_CURVE('',#3593,#3593,#185,.T.);
#4573=EDGE_CURVE('',#3594,#3594,#186,.T.);
#4574=EDGE_CURVE('',#3595,#3595,#187,.T.);
#4575=EDGE_CURVE('',#3596,#3596,#188,.T.);
#4576=EDGE_CURVE('',#3596,#3593,#1872,.T.);
#4577=EDGE_CURVE('',#3597,#3597,#189,.T.);
#4578=EDGE_CURVE('',#3597,#3594,#1873,.T.);
#4579=EDGE_CURVE('',#3598,#3598,#190,.T.);
#4580=EDGE_CURVE('',#3598,#3595,#1874,.T.);
#4581=EDGE_CURVE('',#3599,#3182,#1875,.T.);
#4582=EDGE_CURVE('',#3301,#3599,#1876,.T.);
#4583=EDGE_CURVE('',#3600,#3260,#1877,.T.);
#4584=EDGE_CURVE('',#3599,#3600,#1878,.T.);
#4585=EDGE_CURVE('',#3601,#3259,#1879,.T.);
#4586=EDGE_CURVE('',#3600,#3601,#1880,.T.);
#4587=EDGE_CURVE('',#3602,#3258,#1881,.T.);
#4588=EDGE_CURVE('',#3601,#3602,#1882,.T.);
#4589=EDGE_CURVE('',#3603,#3257,#1883,.T.);
#4590=EDGE_CURVE('',#3602,#3603,#1884,.T.);
#4591=EDGE_CURVE('',#3604,#3256,#1885,.T.);
#4592=EDGE_CURVE('',#3603,#3604,#1886,.T.);
#4593=EDGE_CURVE('',#3605,#3255,#1887,.T.);
#4594=EDGE_CURVE('',#3604,#3605,#1888,.T.);
#4595=EDGE_CURVE('',#3606,#3254,#1889,.T.);
#4596=EDGE_CURVE('',#3605,#3606,#1890,.T.);
#4597=EDGE_CURVE('',#3607,#3253,#1891,.T.);
#4598=EDGE_CURVE('',#3606,#3607,#1892,.T.);
#4599=EDGE_CURVE('',#3608,#3252,#1893,.T.);
#4600=EDGE_CURVE('',#3607,#3608,#1894,.T.);
#4601=EDGE_CURVE('',#3609,#3251,#1895,.T.);
#4602=EDGE_CURVE('',#3608,#3609,#1896,.T.);
#4603=EDGE_CURVE('',#3610,#3250,#1897,.T.);
#4604=EDGE_CURVE('',#3609,#3610,#1898,.T.);
#4605=EDGE_CURVE('',#3611,#3249,#1899,.T.);
#4606=EDGE_CURVE('',#3610,#3611,#1900,.T.);
#4607=EDGE_CURVE('',#3612,#3248,#1901,.T.);
#4608=EDGE_CURVE('',#3611,#3612,#1902,.T.);
#4609=EDGE_CURVE('',#3613,#3247,#1903,.T.);
#4610=EDGE_CURVE('',#3612,#3613,#1904,.T.);
#4611=EDGE_CURVE('',#3614,#3246,#1905,.T.);
#4612=EDGE_CURVE('',#3613,#3614,#1906,.T.);
#4613=EDGE_CURVE('',#3615,#3245,#1907,.T.);
#4614=EDGE_CURVE('',#3614,#3615,#1908,.T.);
#4615=EDGE_CURVE('',#3616,#3244,#1909,.T.);
#4616=EDGE_CURVE('',#3615,#3616,#1910,.T.);
#4617=EDGE_CURVE('',#3617,#3243,#1911,.T.);
#4618=EDGE_CURVE('',#3616,#3617,#1912,.T.);
#4619=EDGE_CURVE('',#3618,#3242,#1913,.T.);
#4620=EDGE_CURVE('',#3617,#3618,#1914,.T.);
#4621=EDGE_CURVE('',#3619,#3241,#1915,.T.);
#4622=EDGE_CURVE('',#3618,#3619,#1916,.T.);
#4623=EDGE_CURVE('',#3620,#3240,#1917,.T.);
#4624=EDGE_CURVE('',#3619,#3620,#1918,.T.);
#4625=EDGE_CURVE('',#3621,#3239,#1919,.T.);
#4626=EDGE_CURVE('',#3620,#3621,#1920,.T.);
#4627=EDGE_CURVE('',#3622,#3238,#1921,.T.);
#4628=EDGE_CURVE('',#3621,#3622,#1922,.T.);
#4629=EDGE_CURVE('',#3623,#3237,#1923,.T.);
#4630=EDGE_CURVE('',#3622,#3623,#1924,.T.);
#4631=EDGE_CURVE('',#3624,#3236,#1925,.T.);
#4632=EDGE_CURVE('',#3623,#3624,#1926,.T.);
#4633=EDGE_CURVE('',#3625,#3235,#1927,.T.);
#4634=EDGE_CURVE('',#3624,#3625,#1928,.T.);
#4635=EDGE_CURVE('',#3626,#3234,#1929,.T.);
#4636=EDGE_CURVE('',#3625,#3626,#1930,.T.);
#4637=EDGE_CURVE('',#3627,#3233,#1931,.T.);
#4638=EDGE_CURVE('',#3626,#3627,#1932,.T.);
#4639=EDGE_CURVE('',#3628,#3232,#1933,.T.);
#4640=EDGE_CURVE('',#3627,#3628,#1934,.T.);
#4641=EDGE_CURVE('',#3629,#3231,#1935,.T.);
#4642=EDGE_CURVE('',#3628,#3629,#1936,.T.);
#4643=EDGE_CURVE('',#3630,#3230,#1937,.T.);
#4644=EDGE_CURVE('',#3629,#3630,#1938,.T.);
#4645=EDGE_CURVE('',#3631,#3229,#1939,.T.);
#4646=EDGE_CURVE('',#3630,#3631,#1940,.T.);
#4647=EDGE_CURVE('',#3632,#3228,#1941,.T.);
#4648=EDGE_CURVE('',#3631,#3632,#1942,.T.);
#4649=EDGE_CURVE('',#3633,#3227,#1943,.T.);
#4650=EDGE_CURVE('',#3632,#3633,#1944,.T.);
#4651=EDGE_CURVE('',#3634,#3226,#1945,.T.);
#4652=EDGE_CURVE('',#3633,#3634,#1946,.T.);
#4653=EDGE_CURVE('',#3635,#3225,#1947,.T.);
#4654=EDGE_CURVE('',#3634,#3635,#1948,.T.);
#4655=EDGE_CURVE('',#3636,#3224,#1949,.T.);
#4656=EDGE_CURVE('',#3635,#3636,#1950,.T.);
#4657=EDGE_CURVE('',#3636,#3592,#1951,.T.);
#4658=EDGE_CURVE('',#3637,#3523,#1952,.T.);
#4659=EDGE_CURVE('',#3591,#3637,#1953,.T.);
#4660=EDGE_CURVE('',#3638,#3524,#1954,.T.);
#4661=EDGE_CURVE('',#3637,#3638,#1955,.T.);
#4662=EDGE_CURVE('',#3639,#3525,#1956,.T.);
#4663=EDGE_CURVE('',#3638,#3639,#1957,.T.);
#4664=EDGE_CURVE('',#3640,#3526,#1958,.T.);
#4665=EDGE_CURVE('',#3639,#3640,#1959,.T.);
#4666=EDGE_CURVE('',#3641,#3527,#1960,.T.);
#4667=EDGE_CURVE('',#3640,#3641,#1961,.T.);
#4668=EDGE_CURVE('',#3642,#3528,#1962,.T.);
#4669=EDGE_CURVE('',#3641,#3642,#1963,.T.);
#4670=EDGE_CURVE('',#3643,#3529,#1964,.T.);
#4671=EDGE_CURVE('',#3642,#3643,#1965,.T.);
#4672=EDGE_CURVE('',#3644,#3530,#1966,.T.);
#4673=EDGE_CURVE('',#3643,#3644,#1967,.T.);
#4674=EDGE_CURVE('',#3645,#3531,#1968,.T.);
#4675=EDGE_CURVE('',#3644,#3645,#1969,.T.);
#4676=EDGE_CURVE('',#3646,#3532,#1970,.T.);
#4677=EDGE_CURVE('',#3645,#3646,#1971,.T.);
#4678=EDGE_CURVE('',#3647,#3533,#1972,.T.);
#4679=EDGE_CURVE('',#3646,#3647,#1973,.T.);
#4680=EDGE_CURVE('',#3648,#3534,#1974,.T.);
#4681=EDGE_CURVE('',#3647,#3648,#1975,.T.);
#4682=EDGE_CURVE('',#3649,#3535,#1976,.T.);
#4683=EDGE_CURVE('',#3648,#3649,#1977,.T.);
#4684=EDGE_CURVE('',#3650,#3500,#1978,.T.);
#4685=EDGE_CURVE('',#3649,#3650,#1979,.T.);
#4686=EDGE_CURVE('',#3651,#3499,#1980,.T.);
#4687=EDGE_CURVE('',#3650,#3651,#1981,.T.);
#4688=EDGE_CURVE('',#3652,#3536,#1982,.T.);
#4689=EDGE_CURVE('',#3651,#3652,#1983,.T.);
#4690=EDGE_CURVE('',#3653,#3537,#1984,.T.);
#4691=EDGE_CURVE('',#3652,#3653,#1985,.T.);
#4692=EDGE_CURVE('',#3654,#3538,#1986,.T.);
#4693=EDGE_CURVE('',#3653,#3654,#1987,.T.);
#4694=EDGE_CURVE('',#3655,#3539,#1988,.T.);
#4695=EDGE_CURVE('',#3654,#3655,#1989,.T.);
#4696=EDGE_CURVE('',#3656,#3540,#1990,.T.);
#4697=EDGE_CURVE('',#3655,#3656,#1991,.T.);
#4698=EDGE_CURVE('',#3657,#3541,#1992,.T.);
#4699=EDGE_CURVE('',#3656,#3657,#1993,.T.);
#4700=EDGE_CURVE('',#3658,#3542,#1994,.T.);
#4701=EDGE_CURVE('',#3657,#3658,#1995,.T.);
#4702=EDGE_CURVE('',#3659,#3543,#1996,.T.);
#4703=EDGE_CURVE('',#3658,#3659,#1997,.T.);
#4704=EDGE_CURVE('',#3660,#3544,#1998,.T.);
#4705=EDGE_CURVE('',#3659,#3660,#1999,.T.);
#4706=EDGE_CURVE('',#3661,#3545,#2000,.T.);
#4707=EDGE_CURVE('',#3660,#3661,#2001,.T.);
#4708=EDGE_CURVE('',#3662,#3460,#2002,.T.);
#4709=EDGE_CURVE('',#3661,#3662,#2003,.T.);
#4710=EDGE_CURVE('',#3663,#3459,#2004,.T.);
#4711=EDGE_CURVE('',#3662,#3663,#2005,.T.);
#4712=EDGE_CURVE('',#3664,#3461,#2006,.T.);
#4713=EDGE_CURVE('',#3663,#3664,#2007,.T.);
#4714=EDGE_CURVE('',#3665,#3546,#2008,.T.);
#4715=EDGE_CURVE('',#3664,#3665,#2009,.T.);
#4716=EDGE_CURVE('',#3666,#3547,#2010,.T.);
#4717=EDGE_CURVE('',#3665,#3666,#2011,.T.);
#4718=EDGE_CURVE('',#3667,#3548,#2012,.T.);
#4719=EDGE_CURVE('',#3666,#3667,#2013,.T.);
#4720=EDGE_CURVE('',#3668,#3549,#2014,.T.);
#4721=EDGE_CURVE('',#3667,#3668,#2015,.T.);
#4722=EDGE_CURVE('',#3669,#3550,#2016,.T.);
#4723=EDGE_CURVE('',#3668,#3669,#2017,.T.);
#4724=EDGE_CURVE('',#3670,#3481,#2018,.T.);
#4725=EDGE_CURVE('',#3669,#3670,#2019,.T.);
#4726=EDGE_CURVE('',#3671,#3480,#2020,.T.);
#4727=EDGE_CURVE('',#3670,#3671,#2021,.T.);
#4728=EDGE_CURVE('',#3672,#3482,#2022,.T.);
#4729=EDGE_CURVE('',#3671,#3672,#2023,.T.);
#4730=EDGE_CURVE('',#3673,#3483,#2024,.T.);
#4731=EDGE_CURVE('',#3672,#3673,#2025,.T.);
#4732=EDGE_CURVE('',#3674,#3484,#2026,.T.);
#4733=EDGE_CURVE('',#3673,#3674,#2027,.T.);
#4734=EDGE_CURVE('',#3675,#3485,#2028,.T.);
#4735=EDGE_CURVE('',#3674,#3675,#2029,.T.);
#4736=EDGE_CURVE('',#3675,#3552,#2030,.T.);
#4737=EDGE_CURVE('',#3676,#3677,#2031,.T.);
#4738=EDGE_CURVE('',#3676,#3344,#2032,.T.);
#4739=EDGE_CURVE('',#3677,#3343,#2033,.T.);
#4740=EDGE_CURVE('',#3677,#3678,#191,.T.);
#4741=EDGE_CURVE('',#3678,#3342,#2034,.T.);
#4742=EDGE_CURVE('',#3678,#3679,#2035,.T.);
#4743=EDGE_CURVE('',#3679,#3341,#2036,.T.);
#4744=EDGE_CURVE('',#3679,#3680,#192,.T.);
#4745=EDGE_CURVE('',#3680,#3340,#2037,.T.);
#4746=EDGE_CURVE('',#3680,#3681,#2038,.T.);
#4747=EDGE_CURVE('',#3681,#3339,#2039,.T.);
#4748=EDGE_CURVE('',#3682,#3676,#193,.T.);
#4749=EDGE_CURVE('',#3682,#3345,#2040,.T.);
#4750=EDGE_CURVE('',#3683,#3682,#2041,.T.);
#4751=EDGE_CURVE('',#3683,#3346,#2042,.T.);
#4752=EDGE_CURVE('',#3681,#3683,#194,.T.);
#4753=EDGE_CURVE('',#3684,#3685,#2043,.T.);
#4754=EDGE_CURVE('',#3684,#3336,#2044,.T.);
#4755=EDGE_CURVE('',#3685,#3335,#2045,.T.);
#4756=EDGE_CURVE('',#3685,#3686,#195,.T.);
#4757=EDGE_CURVE('',#3686,#3334,#2046,.T.);
#4758=EDGE_CURVE('',#3686,#3687,#2047,.T.);
#4759=EDGE_CURVE('',#3687,#3333,#2048,.T.);
#4760=EDGE_CURVE('',#3687,#3688,#196,.T.);
#4761=EDGE_CURVE('',#3688,#3332,#2049,.T.);
#4762=EDGE_CURVE('',#3688,#3689,#2050,.T.);
#4763=EDGE_CURVE('',#3689,#3331,#2051,.T.);
#4764=EDGE_CURVE('',#3690,#3684,#197,.T.);
#4765=EDGE_CURVE('',#3690,#3337,#2052,.T.);
#4766=EDGE_CURVE('',#3691,#3690,#2053,.T.);
#4767=EDGE_CURVE('',#3691,#3338,#2054,.T.);
#4768=EDGE_CURVE('',#3689,#3691,#198,.T.);
#4769=EDGE_CURVE('',#3692,#3693,#2055,.T.);
#4770=EDGE_CURVE('',#3692,#3328,#2056,.T.);
#4771=EDGE_CURVE('',#3693,#3327,#2057,.T.);
#4772=EDGE_CURVE('',#3693,#3694,#199,.T.);
#4773=EDGE_CURVE('',#3694,#3326,#2058,.T.);
#4774=EDGE_CURVE('',#3694,#3695,#2059,.T.);
#4775=EDGE_CURVE('',#3695,#3325,#2060,.T.);
#4776=EDGE_CURVE('',#3695,#3696,#200,.T.);
#4777=EDGE_CURVE('',#3696,#3324,#2061,.T.);
#4778=EDGE_CURVE('',#3696,#3697,#2062,.T.);
#4779=EDGE_CURVE('',#3697,#3323,#2063,.T.);
#4780=EDGE_CURVE('',#3698,#3692,#201,.T.);
#4781=EDGE_CURVE('',#3698,#3329,#2064,.T.);
#4782=EDGE_CURVE('',#3699,#3698,#2065,.T.);
#4783=EDGE_CURVE('',#3699,#3330,#2066,.T.);
#4784=EDGE_CURVE('',#3697,#3699,#202,.T.);
#4785=EDGE_CURVE('',#3700,#3701,#203,.T.);
#4786=EDGE_CURVE('',#3451,#3700,#2067,.T.);
#4787=EDGE_CURVE('',#3702,#3454,#204,.T.);
#4788=EDGE_CURVE('',#3701,#3702,#2068,.T.);
#4789=EDGE_CURVE('',#3447,#3700,#2069,.T.);
#4790=EDGE_CURVE('',#3448,#3701,#2070,.T.);
#4791=EDGE_CURVE('',#3703,#3314,#2071,.T.);
#4792=EDGE_CURVE('',#3704,#3703,#2072,.T.);
#4793=EDGE_CURVE('',#3704,#3316,#2073,.T.);
#4794=EDGE_CURVE('',#3322,#3704,#205,.T.);
#4795=EDGE_CURVE('',#3449,#3702,#2074,.T.);
#4796=EDGE_CURVE('',#3705,#3312,#2075,.T.);
#4797=EDGE_CURVE('',#3703,#3705,#206,.T.);
#4798=EDGE_CURVE('',#3705,#3319,#2076,.T.);
#4799=EDGE_CURVE('',#3706,#3707,#2077,.T.);
#4800=EDGE_CURVE('',#3707,#3708,#2078,.T.);
#4801=EDGE_CURVE('',#3708,#3709,#2079,.T.);
#4802=EDGE_CURVE('',#3709,#3706,#2080,.T.);
#4803=EDGE_CURVE('',#3710,#3711,#2081,.T.);
#4804=EDGE_CURVE('',#3710,#3712,#2082,.T.);
#4805=EDGE_CURVE('',#3713,#3712,#2083,.T.);
#4806=EDGE_CURVE('',#3711,#3713,#2084,.T.);
#4807=EDGE_CURVE('',#3714,#3710,#2085,.T.);
#4808=EDGE_CURVE('',#3714,#3715,#2086,.T.);
#4809=EDGE_CURVE('',#3712,#3715,#2087,.T.);
#4810=EDGE_CURVE('',#3707,#3716,#2088,.T.);
#4811=EDGE_CURVE('',#3717,#3716,#2089,.T.);
#4812=EDGE_CURVE('',#3708,#3717,#2090,.T.);
#4813=EDGE_CURVE('',#3706,#3718,#2091,.T.);
#4814=EDGE_CURVE('',#3716,#3718,#2092,.T.);
#4815=EDGE_CURVE('',#3711,#3719,#2093,.T.);
#4816=EDGE_CURVE('',#3720,#3713,#2094,.T.);
#4817=EDGE_CURVE('',#3719,#3720,#2095,.T.);
#4818=EDGE_CURVE('',#3719,#3714,#2096,.T.);
#4819=EDGE_CURVE('',#3715,#3720,#2097,.T.);
#4820=EDGE_CURVE('',#3721,#3717,#2098,.T.);
#4821=EDGE_CURVE('',#3709,#3721,#2099,.T.);
#4822=EDGE_CURVE('',#3718,#3721,#2100,.T.);
#4823=ORIENTED_EDGE('',*,*,#3722,.F.);
#4824=ORIENTED_EDGE('',*,*,#3723,.T.);
#4825=ORIENTED_EDGE('',*,*,#3724,.F.);
#4826=ORIENTED_EDGE('',*,*,#3725,.F.);
#4827=ORIENTED_EDGE('',*,*,#3726,.F.);
#4828=ORIENTED_EDGE('',*,*,#3725,.T.);
#4829=ORIENTED_EDGE('',*,*,#3727,.F.);
#4830=ORIENTED_EDGE('',*,*,#3728,.F.);
#4831=ORIENTED_EDGE('',*,*,#3729,.F.);
#4832=ORIENTED_EDGE('',*,*,#3728,.T.);
#4833=ORIENTED_EDGE('',*,*,#3730,.F.);
#4834=ORIENTED_EDGE('',*,*,#3731,.F.);
#4835=ORIENTED_EDGE('',*,*,#3732,.F.);
#4836=ORIENTED_EDGE('',*,*,#3731,.T.);
#4837=ORIENTED_EDGE('',*,*,#3733,.F.);
#4838=ORIENTED_EDGE('',*,*,#3734,.F.);
#4839=ORIENTED_EDGE('',*,*,#3735,.F.);
#4840=ORIENTED_EDGE('',*,*,#3734,.T.);
#4841=ORIENTED_EDGE('',*,*,#3736,.F.);
#4842=ORIENTED_EDGE('',*,*,#3737,.F.);
#4843=ORIENTED_EDGE('',*,*,#3738,.F.);
#4844=ORIENTED_EDGE('',*,*,#3737,.T.);
#4845=ORIENTED_EDGE('',*,*,#3739,.F.);
#4846=ORIENTED_EDGE('',*,*,#3740,.F.);
#4847=ORIENTED_EDGE('',*,*,#3741,.F.);
#4848=ORIENTED_EDGE('',*,*,#3740,.T.);
#4849=ORIENTED_EDGE('',*,*,#3742,.F.);
#4850=ORIENTED_EDGE('',*,*,#3743,.F.);
#4851=ORIENTED_EDGE('',*,*,#3744,.F.);
#4852=ORIENTED_EDGE('',*,*,#3743,.T.);
#4853=ORIENTED_EDGE('',*,*,#3745,.F.);
#4854=ORIENTED_EDGE('',*,*,#3746,.F.);
#4855=ORIENTED_EDGE('',*,*,#3747,.F.);
#4856=ORIENTED_EDGE('',*,*,#3746,.T.);
#4857=ORIENTED_EDGE('',*,*,#3748,.F.);
#4858=ORIENTED_EDGE('',*,*,#3749,.F.);
#4859=ORIENTED_EDGE('',*,*,#3750,.F.);
#4860=ORIENTED_EDGE('',*,*,#3749,.T.);
#4861=ORIENTED_EDGE('',*,*,#3751,.F.);
#4862=ORIENTED_EDGE('',*,*,#3752,.F.);
#4863=ORIENTED_EDGE('',*,*,#3753,.F.);
#4864=ORIENTED_EDGE('',*,*,#3752,.T.);
#4865=ORIENTED_EDGE('',*,*,#3754,.F.);
#4866=ORIENTED_EDGE('',*,*,#3755,.F.);
#4867=ORIENTED_EDGE('',*,*,#3756,.F.);
#4868=ORIENTED_EDGE('',*,*,#3755,.T.);
#4869=ORIENTED_EDGE('',*,*,#3757,.F.);
#4870=ORIENTED_EDGE('',*,*,#3758,.F.);
#4871=ORIENTED_EDGE('',*,*,#3759,.F.);
#4872=ORIENTED_EDGE('',*,*,#3758,.T.);
#4873=ORIENTED_EDGE('',*,*,#3760,.F.);
#4874=ORIENTED_EDGE('',*,*,#3761,.F.);
#4875=ORIENTED_EDGE('',*,*,#3762,.F.);
#4876=ORIENTED_EDGE('',*,*,#3761,.T.);
#4877=ORIENTED_EDGE('',*,*,#3763,.F.);
#4878=ORIENTED_EDGE('',*,*,#3764,.F.);
#4879=ORIENTED_EDGE('',*,*,#3765,.F.);
#4880=ORIENTED_EDGE('',*,*,#3764,.T.);
#4881=ORIENTED_EDGE('',*,*,#3766,.F.);
#4882=ORIENTED_EDGE('',*,*,#3767,.F.);
#4883=ORIENTED_EDGE('',*,*,#3768,.F.);
#4884=ORIENTED_EDGE('',*,*,#3767,.T.);
#4885=ORIENTED_EDGE('',*,*,#3769,.F.);
#4886=ORIENTED_EDGE('',*,*,#3770,.F.);
#4887=ORIENTED_EDGE('',*,*,#3771,.F.);
#4888=ORIENTED_EDGE('',*,*,#3770,.T.);
#4889=ORIENTED_EDGE('',*,*,#3772,.F.);
#4890=ORIENTED_EDGE('',*,*,#3773,.F.);
#4891=ORIENTED_EDGE('',*,*,#3774,.F.);
#4892=ORIENTED_EDGE('',*,*,#3773,.T.);
#4893=ORIENTED_EDGE('',*,*,#3775,.F.);
#4894=ORIENTED_EDGE('',*,*,#3776,.F.);
#4895=ORIENTED_EDGE('',*,*,#3777,.F.);
#4896=ORIENTED_EDGE('',*,*,#3776,.T.);
#4897=ORIENTED_EDGE('',*,*,#3778,.F.);
#4898=ORIENTED_EDGE('',*,*,#3779,.F.);
#4899=ORIENTED_EDGE('',*,*,#3780,.F.);
#4900=ORIENTED_EDGE('',*,*,#3779,.T.);
#4901=ORIENTED_EDGE('',*,*,#3781,.F.);
#4902=ORIENTED_EDGE('',*,*,#3782,.F.);
#4903=ORIENTED_EDGE('',*,*,#3783,.F.);
#4904=ORIENTED_EDGE('',*,*,#3782,.T.);
#4905=ORIENTED_EDGE('',*,*,#3784,.F.);
#4906=ORIENTED_EDGE('',*,*,#3785,.F.);
#4907=ORIENTED_EDGE('',*,*,#3786,.F.);
#4908=ORIENTED_EDGE('',*,*,#3785,.T.);
#4909=ORIENTED_EDGE('',*,*,#3787,.F.);
#4910=ORIENTED_EDGE('',*,*,#3788,.F.);
#4911=ORIENTED_EDGE('',*,*,#3789,.F.);
#4912=ORIENTED_EDGE('',*,*,#3788,.T.);
#4913=ORIENTED_EDGE('',*,*,#3790,.F.);
#4914=ORIENTED_EDGE('',*,*,#3791,.F.);
#4915=ORIENTED_EDGE('',*,*,#3792,.F.);
#4916=ORIENTED_EDGE('',*,*,#3791,.T.);
#4917=ORIENTED_EDGE('',*,*,#3793,.F.);
#4918=ORIENTED_EDGE('',*,*,#3794,.F.);
#4919=ORIENTED_EDGE('',*,*,#3795,.F.);
#4920=ORIENTED_EDGE('',*,*,#3794,.T.);
#4921=ORIENTED_EDGE('',*,*,#3796,.F.);
#4922=ORIENTED_EDGE('',*,*,#3797,.F.);
#4923=ORIENTED_EDGE('',*,*,#3798,.F.);
#4924=ORIENTED_EDGE('',*,*,#3797,.T.);
#4925=ORIENTED_EDGE('',*,*,#3799,.F.);
#4926=ORIENTED_EDGE('',*,*,#3800,.F.);
#4927=ORIENTED_EDGE('',*,*,#3801,.F.);
#4928=ORIENTED_EDGE('',*,*,#3800,.T.);
#4929=ORIENTED_EDGE('',*,*,#3802,.F.);
#4930=ORIENTED_EDGE('',*,*,#3803,.F.);
#4931=ORIENTED_EDGE('',*,*,#3804,.F.);
#4932=ORIENTED_EDGE('',*,*,#3803,.T.);
#4933=ORIENTED_EDGE('',*,*,#3805,.F.);
#4934=ORIENTED_EDGE('',*,*,#3806,.F.);
#4935=ORIENTED_EDGE('',*,*,#3807,.F.);
#4936=ORIENTED_EDGE('',*,*,#3806,.T.);
#4937=ORIENTED_EDGE('',*,*,#3808,.F.);
#4938=ORIENTED_EDGE('',*,*,#3809,.F.);
#4939=ORIENTED_EDGE('',*,*,#3810,.F.);
#4940=ORIENTED_EDGE('',*,*,#3809,.T.);
#4941=ORIENTED_EDGE('',*,*,#3811,.F.);
#4942=ORIENTED_EDGE('',*,*,#3812,.F.);
#4943=ORIENTED_EDGE('',*,*,#3813,.F.);
#4944=ORIENTED_EDGE('',*,*,#3812,.T.);
#4945=ORIENTED_EDGE('',*,*,#3814,.F.);
#4946=ORIENTED_EDGE('',*,*,#3815,.F.);
#4947=ORIENTED_EDGE('',*,*,#3816,.F.);
#4948=ORIENTED_EDGE('',*,*,#3815,.T.);
#4949=ORIENTED_EDGE('',*,*,#3817,.F.);
#4950=ORIENTED_EDGE('',*,*,#3818,.F.);
#4951=ORIENTED_EDGE('',*,*,#3819,.F.);
#4952=ORIENTED_EDGE('',*,*,#3818,.T.);
#4953=ORIENTED_EDGE('',*,*,#3820,.F.);
#4954=ORIENTED_EDGE('',*,*,#3821,.F.);
#4955=ORIENTED_EDGE('',*,*,#3822,.F.);
#4956=ORIENTED_EDGE('',*,*,#3821,.T.);
#4957=ORIENTED_EDGE('',*,*,#3823,.F.);
#4958=ORIENTED_EDGE('',*,*,#3824,.F.);
#4959=ORIENTED_EDGE('',*,*,#3825,.F.);
#4960=ORIENTED_EDGE('',*,*,#3824,.T.);
#4961=ORIENTED_EDGE('',*,*,#3826,.F.);
#4962=ORIENTED_EDGE('',*,*,#3827,.F.);
#4963=ORIENTED_EDGE('',*,*,#3828,.F.);
#4964=ORIENTED_EDGE('',*,*,#3827,.T.);
#4965=ORIENTED_EDGE('',*,*,#3829,.F.);
#4966=ORIENTED_EDGE('',*,*,#3830,.F.);
#4967=ORIENTED_EDGE('',*,*,#3831,.F.);
#4968=ORIENTED_EDGE('',*,*,#3830,.T.);
#4969=ORIENTED_EDGE('',*,*,#3832,.F.);
#4970=ORIENTED_EDGE('',*,*,#3833,.F.);
#4971=ORIENTED_EDGE('',*,*,#3834,.F.);
#4972=ORIENTED_EDGE('',*,*,#3833,.T.);
#4973=ORIENTED_EDGE('',*,*,#3835,.F.);
#4974=ORIENTED_EDGE('',*,*,#3836,.F.);
#4975=ORIENTED_EDGE('',*,*,#3837,.F.);
#4976=ORIENTED_EDGE('',*,*,#3836,.T.);
#4977=ORIENTED_EDGE('',*,*,#3838,.F.);
#4978=ORIENTED_EDGE('',*,*,#3839,.F.);
#4979=ORIENTED_EDGE('',*,*,#3840,.F.);
#4980=ORIENTED_EDGE('',*,*,#3839,.T.);
#4981=ORIENTED_EDGE('',*,*,#3841,.F.);
#4982=ORIENTED_EDGE('',*,*,#3842,.F.);
#4983=ORIENTED_EDGE('',*,*,#3843,.F.);
#4984=ORIENTED_EDGE('',*,*,#3842,.T.);
#4985=ORIENTED_EDGE('',*,*,#3844,.F.);
#4986=ORIENTED_EDGE('',*,*,#3845,.F.);
#4987=ORIENTED_EDGE('',*,*,#3846,.F.);
#4988=ORIENTED_EDGE('',*,*,#3845,.T.);
#4989=ORIENTED_EDGE('',*,*,#3847,.F.);
#4990=ORIENTED_EDGE('',*,*,#3848,.F.);
#4991=ORIENTED_EDGE('',*,*,#3849,.F.);
#4992=ORIENTED_EDGE('',*,*,#3848,.T.);
#4993=ORIENTED_EDGE('',*,*,#3850,.F.);
#4994=ORIENTED_EDGE('',*,*,#3851,.F.);
#4995=ORIENTED_EDGE('',*,*,#3852,.F.);
#4996=ORIENTED_EDGE('',*,*,#3851,.T.);
#4997=ORIENTED_EDGE('',*,*,#3853,.F.);
#4998=ORIENTED_EDGE('',*,*,#3854,.F.);
#4999=ORIENTED_EDGE('',*,*,#3855,.F.);
#5000=ORIENTED_EDGE('',*,*,#3854,.T.);
#5001=ORIENTED_EDGE('',*,*,#3856,.F.);
#5002=ORIENTED_EDGE('',*,*,#3857,.F.);
#5003=ORIENTED_EDGE('',*,*,#3858,.F.);
#5004=ORIENTED_EDGE('',*,*,#3857,.T.);
#5005=ORIENTED_EDGE('',*,*,#3859,.F.);
#5006=ORIENTED_EDGE('',*,*,#3860,.F.);
#5007=ORIENTED_EDGE('',*,*,#3861,.F.);
#5008=ORIENTED_EDGE('',*,*,#3860,.T.);
#5009=ORIENTED_EDGE('',*,*,#3862,.F.);
#5010=ORIENTED_EDGE('',*,*,#3863,.F.);
#5011=ORIENTED_EDGE('',*,*,#3864,.F.);
#5012=ORIENTED_EDGE('',*,*,#3863,.T.);
#5013=ORIENTED_EDGE('',*,*,#3865,.F.);
#5014=ORIENTED_EDGE('',*,*,#3866,.F.);
#5015=ORIENTED_EDGE('',*,*,#3867,.F.);
#5016=ORIENTED_EDGE('',*,*,#3866,.T.);
#5017=ORIENTED_EDGE('',*,*,#3868,.F.);
#5018=ORIENTED_EDGE('',*,*,#3869,.F.);
#5019=ORIENTED_EDGE('',*,*,#3870,.F.);
#5020=ORIENTED_EDGE('',*,*,#3869,.T.);
#5021=ORIENTED_EDGE('',*,*,#3871,.F.);
#5022=ORIENTED_EDGE('',*,*,#3872,.F.);
#5023=ORIENTED_EDGE('',*,*,#3873,.F.);
#5024=ORIENTED_EDGE('',*,*,#3872,.T.);
#5025=ORIENTED_EDGE('',*,*,#3874,.F.);
#5026=ORIENTED_EDGE('',*,*,#3875,.F.);
#5027=ORIENTED_EDGE('',*,*,#3876,.F.);
#5028=ORIENTED_EDGE('',*,*,#3875,.T.);
#5029=ORIENTED_EDGE('',*,*,#3877,.F.);
#5030=ORIENTED_EDGE('',*,*,#3878,.F.);
#5031=ORIENTED_EDGE('',*,*,#3879,.F.);
#5032=ORIENTED_EDGE('',*,*,#3878,.T.);
#5033=ORIENTED_EDGE('',*,*,#3880,.F.);
#5034=ORIENTED_EDGE('',*,*,#3881,.F.);
#5035=ORIENTED_EDGE('',*,*,#3882,.F.);
#5036=ORIENTED_EDGE('',*,*,#3881,.T.);
#5037=ORIENTED_EDGE('',*,*,#3883,.F.);
#5038=ORIENTED_EDGE('',*,*,#3884,.F.);
#5039=ORIENTED_EDGE('',*,*,#3885,.F.);
#5040=ORIENTED_EDGE('',*,*,#3884,.T.);
#5041=ORIENTED_EDGE('',*,*,#3886,.F.);
#5042=ORIENTED_EDGE('',*,*,#3887,.F.);
#5043=ORIENTED_EDGE('',*,*,#3888,.F.);
#5044=ORIENTED_EDGE('',*,*,#3887,.T.);
#5045=ORIENTED_EDGE('',*,*,#3889,.F.);
#5046=ORIENTED_EDGE('',*,*,#3890,.F.);
#5047=ORIENTED_EDGE('',*,*,#3891,.F.);
#5048=ORIENTED_EDGE('',*,*,#3890,.T.);
#5049=ORIENTED_EDGE('',*,*,#3892,.F.);
#5050=ORIENTED_EDGE('',*,*,#3893,.F.);
#5051=ORIENTED_EDGE('',*,*,#3894,.F.);
#5052=ORIENTED_EDGE('',*,*,#3893,.T.);
#5053=ORIENTED_EDGE('',*,*,#3895,.F.);
#5054=ORIENTED_EDGE('',*,*,#3896,.F.);
#5055=ORIENTED_EDGE('',*,*,#3897,.F.);
#5056=ORIENTED_EDGE('',*,*,#3896,.T.);
#5057=ORIENTED_EDGE('',*,*,#3898,.F.);
#5058=ORIENTED_EDGE('',*,*,#3899,.F.);
#5059=ORIENTED_EDGE('',*,*,#3900,.F.);
#5060=ORIENTED_EDGE('',*,*,#3899,.T.);
#5061=ORIENTED_EDGE('',*,*,#3901,.F.);
#5062=ORIENTED_EDGE('',*,*,#3902,.F.);
#5063=ORIENTED_EDGE('',*,*,#3903,.F.);
#5064=ORIENTED_EDGE('',*,*,#3902,.T.);
#5065=ORIENTED_EDGE('',*,*,#3904,.F.);
#5066=ORIENTED_EDGE('',*,*,#3905,.F.);
#5067=ORIENTED_EDGE('',*,*,#3906,.F.);
#5068=ORIENTED_EDGE('',*,*,#3905,.T.);
#5069=ORIENTED_EDGE('',*,*,#3907,.F.);
#5070=ORIENTED_EDGE('',*,*,#3908,.F.);
#5071=ORIENTED_EDGE('',*,*,#3909,.F.);
#5072=ORIENTED_EDGE('',*,*,#3908,.T.);
#5073=ORIENTED_EDGE('',*,*,#3910,.F.);
#5074=ORIENTED_EDGE('',*,*,#3911,.F.);
#5075=ORIENTED_EDGE('',*,*,#3912,.F.);
#5076=ORIENTED_EDGE('',*,*,#3911,.T.);
#5077=ORIENTED_EDGE('',*,*,#3913,.F.);
#5078=ORIENTED_EDGE('',*,*,#3914,.F.);
#5079=ORIENTED_EDGE('',*,*,#3915,.F.);
#5080=ORIENTED_EDGE('',*,*,#3914,.T.);
#5081=ORIENTED_EDGE('',*,*,#3916,.F.);
#5082=ORIENTED_EDGE('',*,*,#3917,.F.);
#5083=ORIENTED_EDGE('',*,*,#3918,.F.);
#5084=ORIENTED_EDGE('',*,*,#3917,.T.);
#5085=ORIENTED_EDGE('',*,*,#3919,.F.);
#5086=ORIENTED_EDGE('',*,*,#3920,.F.);
#5087=ORIENTED_EDGE('',*,*,#3921,.F.);
#5088=ORIENTED_EDGE('',*,*,#3920,.T.);
#5089=ORIENTED_EDGE('',*,*,#3922,.F.);
#5090=ORIENTED_EDGE('',*,*,#3923,.F.);
#5091=ORIENTED_EDGE('',*,*,#3924,.F.);
#5092=ORIENTED_EDGE('',*,*,#3923,.T.);
#5093=ORIENTED_EDGE('',*,*,#3925,.F.);
#5094=ORIENTED_EDGE('',*,*,#3926,.F.);
#5095=ORIENTED_EDGE('',*,*,#3927,.F.);
#5096=ORIENTED_EDGE('',*,*,#3926,.T.);
#5097=ORIENTED_EDGE('',*,*,#3928,.F.);
#5098=ORIENTED_EDGE('',*,*,#3929,.F.);
#5099=ORIENTED_EDGE('',*,*,#3930,.F.);
#5100=ORIENTED_EDGE('',*,*,#3929,.T.);
#5101=ORIENTED_EDGE('',*,*,#3931,.F.);
#5102=ORIENTED_EDGE('',*,*,#3932,.F.);
#5103=ORIENTED_EDGE('',*,*,#3933,.F.);
#5104=ORIENTED_EDGE('',*,*,#3932,.T.);
#5105=ORIENTED_EDGE('',*,*,#3934,.F.);
#5106=ORIENTED_EDGE('',*,*,#3935,.F.);
#5107=ORIENTED_EDGE('',*,*,#3936,.F.);
#5108=ORIENTED_EDGE('',*,*,#3935,.T.);
#5109=ORIENTED_EDGE('',*,*,#3937,.F.);
#5110=ORIENTED_EDGE('',*,*,#3938,.F.);
#5111=ORIENTED_EDGE('',*,*,#3939,.F.);
#5112=ORIENTED_EDGE('',*,*,#3938,.T.);
#5113=ORIENTED_EDGE('',*,*,#3940,.F.);
#5114=ORIENTED_EDGE('',*,*,#3941,.F.);
#5115=ORIENTED_EDGE('',*,*,#3942,.F.);
#5116=ORIENTED_EDGE('',*,*,#3941,.T.);
#5117=ORIENTED_EDGE('',*,*,#3943,.F.);
#5118=ORIENTED_EDGE('',*,*,#3944,.F.);
#5119=ORIENTED_EDGE('',*,*,#3945,.F.);
#5120=ORIENTED_EDGE('',*,*,#3944,.T.);
#5121=ORIENTED_EDGE('',*,*,#3946,.F.);
#5122=ORIENTED_EDGE('',*,*,#3947,.F.);
#5123=ORIENTED_EDGE('',*,*,#3948,.F.);
#5124=ORIENTED_EDGE('',*,*,#3947,.T.);
#5125=ORIENTED_EDGE('',*,*,#3949,.F.);
#5126=ORIENTED_EDGE('',*,*,#3950,.F.);
#5127=ORIENTED_EDGE('',*,*,#3951,.F.);
#5128=ORIENTED_EDGE('',*,*,#3950,.T.);
#5129=ORIENTED_EDGE('',*,*,#3952,.F.);
#5130=ORIENTED_EDGE('',*,*,#3953,.F.);
#5131=ORIENTED_EDGE('',*,*,#3954,.F.);
#5132=ORIENTED_EDGE('',*,*,#3953,.T.);
#5133=ORIENTED_EDGE('',*,*,#3955,.F.);
#5134=ORIENTED_EDGE('',*,*,#3956,.F.);
#5135=ORIENTED_EDGE('',*,*,#3957,.F.);
#5136=ORIENTED_EDGE('',*,*,#3956,.T.);
#5137=ORIENTED_EDGE('',*,*,#3958,.F.);
#5138=ORIENTED_EDGE('',*,*,#3959,.F.);
#5139=ORIENTED_EDGE('',*,*,#3960,.F.);
#5140=ORIENTED_EDGE('',*,*,#3959,.T.);
#5141=ORIENTED_EDGE('',*,*,#3961,.F.);
#5142=ORIENTED_EDGE('',*,*,#3723,.F.);
#5143=ORIENTED_EDGE('',*,*,#3962,.F.);
#5144=ORIENTED_EDGE('',*,*,#3963,.F.);
#5145=ORIENTED_EDGE('',*,*,#3964,.F.);
#5146=ORIENTED_EDGE('',*,*,#3965,.F.);
#5147=ORIENTED_EDGE('',*,*,#3966,.F.);
#5148=ORIENTED_EDGE('',*,*,#3967,.F.);
#5149=ORIENTED_EDGE('',*,*,#3968,.F.);
#5150=ORIENTED_EDGE('',*,*,#3969,.F.);
#5151=ORIENTED_EDGE('',*,*,#3970,.F.);
#5152=ORIENTED_EDGE('',*,*,#3971,.F.);
#5153=ORIENTED_EDGE('',*,*,#3972,.F.);
#5154=ORIENTED_EDGE('',*,*,#3973,.F.);
#5155=ORIENTED_EDGE('',*,*,#3974,.F.);
#5156=ORIENTED_EDGE('',*,*,#3975,.F.);
#5157=ORIENTED_EDGE('',*,*,#3976,.F.);
#5158=ORIENTED_EDGE('',*,*,#3977,.F.);
#5159=ORIENTED_EDGE('',*,*,#3978,.F.);
#5160=ORIENTED_EDGE('',*,*,#3979,.F.);
#5161=ORIENTED_EDGE('',*,*,#3980,.F.);
#5162=ORIENTED_EDGE('',*,*,#3981,.F.);
#5163=ORIENTED_EDGE('',*,*,#3982,.F.);
#5164=ORIENTED_EDGE('',*,*,#3983,.F.);
#5165=ORIENTED_EDGE('',*,*,#3984,.F.);
#5166=ORIENTED_EDGE('',*,*,#3985,.F.);
#5167=ORIENTED_EDGE('',*,*,#3986,.F.);
#5168=ORIENTED_EDGE('',*,*,#3987,.F.);
#5169=ORIENTED_EDGE('',*,*,#3988,.F.);
#5170=ORIENTED_EDGE('',*,*,#3989,.F.);
#5171=ORIENTED_EDGE('',*,*,#3990,.F.);
#5172=ORIENTED_EDGE('',*,*,#3991,.F.);
#5173=ORIENTED_EDGE('',*,*,#3992,.F.);
#5174=ORIENTED_EDGE('',*,*,#3993,.F.);
#5175=ORIENTED_EDGE('',*,*,#3994,.F.);
#5176=ORIENTED_EDGE('',*,*,#3995,.F.);
#5177=ORIENTED_EDGE('',*,*,#3996,.F.);
#5178=ORIENTED_EDGE('',*,*,#3997,.F.);
#5179=ORIENTED_EDGE('',*,*,#3998,.F.);
#5180=ORIENTED_EDGE('',*,*,#3999,.F.);
#5181=ORIENTED_EDGE('',*,*,#4000,.F.);
#5182=ORIENTED_EDGE('',*,*,#4001,.F.);
#5183=ORIENTED_EDGE('',*,*,#4002,.F.);
#5184=ORIENTED_EDGE('',*,*,#4003,.F.);
#5185=ORIENTED_EDGE('',*,*,#4004,.F.);
#5186=ORIENTED_EDGE('',*,*,#4005,.F.);
#5187=ORIENTED_EDGE('',*,*,#4006,.F.);
#5188=ORIENTED_EDGE('',*,*,#4007,.F.);
#5189=ORIENTED_EDGE('',*,*,#4008,.F.);
#5190=ORIENTED_EDGE('',*,*,#4009,.F.);
#5191=ORIENTED_EDGE('',*,*,#4010,.F.);
#5192=ORIENTED_EDGE('',*,*,#4011,.F.);
#5193=ORIENTED_EDGE('',*,*,#4012,.F.);
#5194=ORIENTED_EDGE('',*,*,#4013,.F.);
#5195=ORIENTED_EDGE('',*,*,#4014,.F.);
#5196=ORIENTED_EDGE('',*,*,#4015,.F.);
#5197=ORIENTED_EDGE('',*,*,#4016,.F.);
#5198=ORIENTED_EDGE('',*,*,#4017,.F.);
#5199=ORIENTED_EDGE('',*,*,#4018,.F.);
#5200=ORIENTED_EDGE('',*,*,#4019,.F.);
#5201=ORIENTED_EDGE('',*,*,#4020,.F.);
#5202=ORIENTED_EDGE('',*,*,#4021,.F.);
#5203=ORIENTED_EDGE('',*,*,#4022,.F.);
#5204=ORIENTED_EDGE('',*,*,#4023,.F.);
#5205=ORIENTED_EDGE('',*,*,#4024,.F.);
#5206=ORIENTED_EDGE('',*,*,#4025,.F.);
#5207=ORIENTED_EDGE('',*,*,#4026,.F.);
#5208=ORIENTED_EDGE('',*,*,#4027,.F.);
#5209=ORIENTED_EDGE('',*,*,#4028,.F.);
#5210=ORIENTED_EDGE('',*,*,#4029,.F.);
#5211=ORIENTED_EDGE('',*,*,#4030,.F.);
#5212=ORIENTED_EDGE('',*,*,#4031,.F.);
#5213=ORIENTED_EDGE('',*,*,#4032,.F.);
#5214=ORIENTED_EDGE('',*,*,#4033,.F.);
#5215=ORIENTED_EDGE('',*,*,#4034,.F.);
#5216=ORIENTED_EDGE('',*,*,#4035,.F.);
#5217=ORIENTED_EDGE('',*,*,#4036,.F.);
#5218=ORIENTED_EDGE('',*,*,#4037,.F.);
#5219=ORIENTED_EDGE('',*,*,#4038,.F.);
#5220=ORIENTED_EDGE('',*,*,#4039,.F.);
#5221=ORIENTED_EDGE('',*,*,#4040,.F.);
#5222=ORIENTED_EDGE('',*,*,#4041,.F.);
#5223=ORIENTED_EDGE('',*,*,#3961,.T.);
#5224=ORIENTED_EDGE('',*,*,#3958,.T.);
#5225=ORIENTED_EDGE('',*,*,#3955,.T.);
#5226=ORIENTED_EDGE('',*,*,#3952,.T.);
#5227=ORIENTED_EDGE('',*,*,#3949,.T.);
#5228=ORIENTED_EDGE('',*,*,#3946,.T.);
#5229=ORIENTED_EDGE('',*,*,#3943,.T.);
#5230=ORIENTED_EDGE('',*,*,#3940,.T.);
#5231=ORIENTED_EDGE('',*,*,#3937,.T.);
#5232=ORIENTED_EDGE('',*,*,#3934,.T.);
#5233=ORIENTED_EDGE('',*,*,#3931,.T.);
#5234=ORIENTED_EDGE('',*,*,#3928,.T.);
#5235=ORIENTED_EDGE('',*,*,#3925,.T.);
#5236=ORIENTED_EDGE('',*,*,#3922,.T.);
#5237=ORIENTED_EDGE('',*,*,#3919,.T.);
#5238=ORIENTED_EDGE('',*,*,#3916,.T.);
#5239=ORIENTED_EDGE('',*,*,#3913,.T.);
#5240=ORIENTED_EDGE('',*,*,#3910,.T.);
#5241=ORIENTED_EDGE('',*,*,#3907,.T.);
#5242=ORIENTED_EDGE('',*,*,#3904,.T.);
#5243=ORIENTED_EDGE('',*,*,#3901,.T.);
#5244=ORIENTED_EDGE('',*,*,#3898,.T.);
#5245=ORIENTED_EDGE('',*,*,#3895,.T.);
#5246=ORIENTED_EDGE('',*,*,#3892,.T.);
#5247=ORIENTED_EDGE('',*,*,#3889,.T.);
#5248=ORIENTED_EDGE('',*,*,#3886,.T.);
#5249=ORIENTED_EDGE('',*,*,#3883,.T.);
#5250=ORIENTED_EDGE('',*,*,#3880,.T.);
#5251=ORIENTED_EDGE('',*,*,#3877,.T.);
#5252=ORIENTED_EDGE('',*,*,#3874,.T.);
#5253=ORIENTED_EDGE('',*,*,#3871,.T.);
#5254=ORIENTED_EDGE('',*,*,#3868,.T.);
#5255=ORIENTED_EDGE('',*,*,#3865,.T.);
#5256=ORIENTED_EDGE('',*,*,#3862,.T.);
#5257=ORIENTED_EDGE('',*,*,#3859,.T.);
#5258=ORIENTED_EDGE('',*,*,#3856,.T.);
#5259=ORIENTED_EDGE('',*,*,#3853,.T.);
#5260=ORIENTED_EDGE('',*,*,#3850,.T.);
#5261=ORIENTED_EDGE('',*,*,#3847,.T.);
#5262=ORIENTED_EDGE('',*,*,#3844,.T.);
#5263=ORIENTED_EDGE('',*,*,#3841,.T.);
#5264=ORIENTED_EDGE('',*,*,#3838,.T.);
#5265=ORIENTED_EDGE('',*,*,#3835,.T.);
#5266=ORIENTED_EDGE('',*,*,#3832,.T.);
#5267=ORIENTED_EDGE('',*,*,#3829,.T.);
#5268=ORIENTED_EDGE('',*,*,#3826,.T.);
#5269=ORIENTED_EDGE('',*,*,#3823,.T.);
#5270=ORIENTED_EDGE('',*,*,#3820,.T.);
#5271=ORIENTED_EDGE('',*,*,#3817,.T.);
#5272=ORIENTED_EDGE('',*,*,#3814,.T.);
#5273=ORIENTED_EDGE('',*,*,#3811,.T.);
#5274=ORIENTED_EDGE('',*,*,#3808,.T.);
#5275=ORIENTED_EDGE('',*,*,#3805,.T.);
#5276=ORIENTED_EDGE('',*,*,#3802,.T.);
#5277=ORIENTED_EDGE('',*,*,#3799,.T.);
#5278=ORIENTED_EDGE('',*,*,#3796,.T.);
#5279=ORIENTED_EDGE('',*,*,#3793,.T.);
#5280=ORIENTED_EDGE('',*,*,#3790,.T.);
#5281=ORIENTED_EDGE('',*,*,#3787,.T.);
#5282=ORIENTED_EDGE('',*,*,#3784,.T.);
#5283=ORIENTED_EDGE('',*,*,#3781,.T.);
#5284=ORIENTED_EDGE('',*,*,#3778,.T.);
#5285=ORIENTED_EDGE('',*,*,#3775,.T.);
#5286=ORIENTED_EDGE('',*,*,#3772,.T.);
#5287=ORIENTED_EDGE('',*,*,#3769,.T.);
#5288=ORIENTED_EDGE('',*,*,#3766,.T.);
#5289=ORIENTED_EDGE('',*,*,#3763,.T.);
#5290=ORIENTED_EDGE('',*,*,#3760,.T.);
#5291=ORIENTED_EDGE('',*,*,#3757,.T.);
#5292=ORIENTED_EDGE('',*,*,#3754,.T.);
#5293=ORIENTED_EDGE('',*,*,#3751,.T.);
#5294=ORIENTED_EDGE('',*,*,#3748,.T.);
#5295=ORIENTED_EDGE('',*,*,#3745,.T.);
#5296=ORIENTED_EDGE('',*,*,#3742,.T.);
#5297=ORIENTED_EDGE('',*,*,#3739,.T.);
#5298=ORIENTED_EDGE('',*,*,#3736,.T.);
#5299=ORIENTED_EDGE('',*,*,#3733,.T.);
#5300=ORIENTED_EDGE('',*,*,#3730,.T.);
#5301=ORIENTED_EDGE('',*,*,#3727,.T.);
#5302=ORIENTED_EDGE('',*,*,#3724,.T.);
#5303=ORIENTED_EDGE('',*,*,#4002,.T.);
#5304=ORIENTED_EDGE('',*,*,#4042,.F.);
#5305=ORIENTED_EDGE('',*,*,#4043,.F.);
#5306=ORIENTED_EDGE('',*,*,#4044,.T.);
#5307=ORIENTED_EDGE('',*,*,#4001,.T.);
#5308=ORIENTED_EDGE('',*,*,#4045,.F.);
#5309=ORIENTED_EDGE('',*,*,#4046,.F.);
#5310=ORIENTED_EDGE('',*,*,#4042,.T.);
#5311=ORIENTED_EDGE('',*,*,#4000,.T.);
#5312=ORIENTED_EDGE('',*,*,#4047,.F.);
#5313=ORIENTED_EDGE('',*,*,#4048,.F.);
#5314=ORIENTED_EDGE('',*,*,#4045,.T.);
#5315=ORIENTED_EDGE('',*,*,#3999,.T.);
#5316=ORIENTED_EDGE('',*,*,#4049,.F.);
#5317=ORIENTED_EDGE('',*,*,#4050,.F.);
#5318=ORIENTED_EDGE('',*,*,#4047,.T.);
#5319=ORIENTED_EDGE('',*,*,#3998,.T.);
#5320=ORIENTED_EDGE('',*,*,#4051,.F.);
#5321=ORIENTED_EDGE('',*,*,#4052,.F.);
#5322=ORIENTED_EDGE('',*,*,#4049,.T.);
#5323=ORIENTED_EDGE('',*,*,#3997,.T.);
#5324=ORIENTED_EDGE('',*,*,#4053,.F.);
#5325=ORIENTED_EDGE('',*,*,#4054,.F.);
#5326=ORIENTED_EDGE('',*,*,#4051,.T.);
#5327=ORIENTED_EDGE('',*,*,#3996,.T.);
#5328=ORIENTED_EDGE('',*,*,#4055,.F.);
#5329=ORIENTED_EDGE('',*,*,#4056,.F.);
#5330=ORIENTED_EDGE('',*,*,#4053,.T.);
#5331=ORIENTED_EDGE('',*,*,#3995,.T.);
#5332=ORIENTED_EDGE('',*,*,#4057,.F.);
#5333=ORIENTED_EDGE('',*,*,#4058,.F.);
#5334=ORIENTED_EDGE('',*,*,#4055,.T.);
#5335=ORIENTED_EDGE('',*,*,#3994,.T.);
#5336=ORIENTED_EDGE('',*,*,#4059,.F.);
#5337=ORIENTED_EDGE('',*,*,#4060,.F.);
#5338=ORIENTED_EDGE('',*,*,#4057,.T.);
#5339=ORIENTED_EDGE('',*,*,#3993,.T.);
#5340=ORIENTED_EDGE('',*,*,#4061,.F.);
#5341=ORIENTED_EDGE('',*,*,#4062,.F.);
#5342=ORIENTED_EDGE('',*,*,#4059,.T.);
#5343=ORIENTED_EDGE('',*,*,#3992,.T.);
#5344=ORIENTED_EDGE('',*,*,#4063,.F.);
#5345=ORIENTED_EDGE('',*,*,#4064,.F.);
#5346=ORIENTED_EDGE('',*,*,#4061,.T.);
#5347=ORIENTED_EDGE('',*,*,#3991,.T.);
#5348=ORIENTED_EDGE('',*,*,#4065,.F.);
#5349=ORIENTED_EDGE('',*,*,#4066,.F.);
#5350=ORIENTED_EDGE('',*,*,#4063,.T.);
#5351=ORIENTED_EDGE('',*,*,#3990,.T.);
#5352=ORIENTED_EDGE('',*,*,#4067,.F.);
#5353=ORIENTED_EDGE('',*,*,#4068,.F.);
#5354=ORIENTED_EDGE('',*,*,#4065,.T.);
#5355=ORIENTED_EDGE('',*,*,#3989,.T.);
#5356=ORIENTED_EDGE('',*,*,#4069,.F.);
#5357=ORIENTED_EDGE('',*,*,#4070,.F.);
#5358=ORIENTED_EDGE('',*,*,#4067,.T.);
#5359=ORIENTED_EDGE('',*,*,#3988,.T.);
#5360=ORIENTED_EDGE('',*,*,#4071,.F.);
#5361=ORIENTED_EDGE('',*,*,#4072,.F.);
#5362=ORIENTED_EDGE('',*,*,#4069,.T.);
#5363=ORIENTED_EDGE('',*,*,#3987,.T.);
#5364=ORIENTED_EDGE('',*,*,#4073,.F.);
#5365=ORIENTED_EDGE('',*,*,#4074,.F.);
#5366=ORIENTED_EDGE('',*,*,#4071,.T.);
#5367=ORIENTED_EDGE('',*,*,#3986,.T.);
#5368=ORIENTED_EDGE('',*,*,#4075,.F.);
#5369=ORIENTED_EDGE('',*,*,#4076,.F.);
#5370=ORIENTED_EDGE('',*,*,#4073,.T.);
#5371=ORIENTED_EDGE('',*,*,#3985,.T.);
#5372=ORIENTED_EDGE('',*,*,#4077,.F.);
#5373=ORIENTED_EDGE('',*,*,#4078,.F.);
#5374=ORIENTED_EDGE('',*,*,#4075,.T.);
#5375=ORIENTED_EDGE('',*,*,#3984,.T.);
#5376=ORIENTED_EDGE('',*,*,#4079,.F.);
#5377=ORIENTED_EDGE('',*,*,#4080,.F.);
#5378=ORIENTED_EDGE('',*,*,#4077,.T.);
#5379=ORIENTED_EDGE('',*,*,#3983,.T.);
#5380=ORIENTED_EDGE('',*,*,#4081,.F.);
#5381=ORIENTED_EDGE('',*,*,#4082,.F.);
#5382=ORIENTED_EDGE('',*,*,#4079,.T.);
#5383=ORIENTED_EDGE('',*,*,#3982,.T.);
#5384=ORIENTED_EDGE('',*,*,#4083,.F.);
#5385=ORIENTED_EDGE('',*,*,#4084,.F.);
#5386=ORIENTED_EDGE('',*,*,#4081,.T.);
#5387=ORIENTED_EDGE('',*,*,#3981,.T.);
#5388=ORIENTED_EDGE('',*,*,#4085,.F.);
#5389=ORIENTED_EDGE('',*,*,#4086,.F.);
#5390=ORIENTED_EDGE('',*,*,#4083,.T.);
#5391=ORIENTED_EDGE('',*,*,#3980,.T.);
#5392=ORIENTED_EDGE('',*,*,#4087,.F.);
#5393=ORIENTED_EDGE('',*,*,#4088,.F.);
#5394=ORIENTED_EDGE('',*,*,#4085,.T.);
#5395=ORIENTED_EDGE('',*,*,#3979,.T.);
#5396=ORIENTED_EDGE('',*,*,#4089,.F.);
#5397=ORIENTED_EDGE('',*,*,#4090,.F.);
#5398=ORIENTED_EDGE('',*,*,#4087,.T.);
#5399=ORIENTED_EDGE('',*,*,#3978,.T.);
#5400=ORIENTED_EDGE('',*,*,#4091,.F.);
#5401=ORIENTED_EDGE('',*,*,#4092,.F.);
#5402=ORIENTED_EDGE('',*,*,#4089,.T.);
#5403=ORIENTED_EDGE('',*,*,#3977,.T.);
#5404=ORIENTED_EDGE('',*,*,#4093,.F.);
#5405=ORIENTED_EDGE('',*,*,#4094,.F.);
#5406=ORIENTED_EDGE('',*,*,#4091,.T.);
#5407=ORIENTED_EDGE('',*,*,#3976,.T.);
#5408=ORIENTED_EDGE('',*,*,#4095,.F.);
#5409=ORIENTED_EDGE('',*,*,#4096,.F.);
#5410=ORIENTED_EDGE('',*,*,#4093,.T.);
#5411=ORIENTED_EDGE('',*,*,#3975,.T.);
#5412=ORIENTED_EDGE('',*,*,#4097,.F.);
#5413=ORIENTED_EDGE('',*,*,#4098,.F.);
#5414=ORIENTED_EDGE('',*,*,#4095,.T.);
#5415=ORIENTED_EDGE('',*,*,#3974,.T.);
#5416=ORIENTED_EDGE('',*,*,#4099,.F.);
#5417=ORIENTED_EDGE('',*,*,#4100,.F.);
#5418=ORIENTED_EDGE('',*,*,#4097,.T.);
#5419=ORIENTED_EDGE('',*,*,#3973,.T.);
#5420=ORIENTED_EDGE('',*,*,#4101,.F.);
#5421=ORIENTED_EDGE('',*,*,#4102,.F.);
#5422=ORIENTED_EDGE('',*,*,#4099,.T.);
#5423=ORIENTED_EDGE('',*,*,#3972,.T.);
#5424=ORIENTED_EDGE('',*,*,#4103,.F.);
#5425=ORIENTED_EDGE('',*,*,#4104,.F.);
#5426=ORIENTED_EDGE('',*,*,#4101,.T.);
#5427=ORIENTED_EDGE('',*,*,#3971,.T.);
#5428=ORIENTED_EDGE('',*,*,#4105,.F.);
#5429=ORIENTED_EDGE('',*,*,#4106,.F.);
#5430=ORIENTED_EDGE('',*,*,#4103,.T.);
#5431=ORIENTED_EDGE('',*,*,#3970,.T.);
#5432=ORIENTED_EDGE('',*,*,#4107,.F.);
#5433=ORIENTED_EDGE('',*,*,#4108,.F.);
#5434=ORIENTED_EDGE('',*,*,#4105,.T.);
#5435=ORIENTED_EDGE('',*,*,#3969,.T.);
#5436=ORIENTED_EDGE('',*,*,#4109,.F.);
#5437=ORIENTED_EDGE('',*,*,#4110,.F.);
#5438=ORIENTED_EDGE('',*,*,#4107,.T.);
#5439=ORIENTED_EDGE('',*,*,#3968,.T.);
#5440=ORIENTED_EDGE('',*,*,#4111,.F.);
#5441=ORIENTED_EDGE('',*,*,#4112,.F.);
#5442=ORIENTED_EDGE('',*,*,#4109,.T.);
#5443=ORIENTED_EDGE('',*,*,#3967,.T.);
#5444=ORIENTED_EDGE('',*,*,#4113,.F.);
#5445=ORIENTED_EDGE('',*,*,#4114,.F.);
#5446=ORIENTED_EDGE('',*,*,#4111,.T.);
#5447=ORIENTED_EDGE('',*,*,#3966,.T.);
#5448=ORIENTED_EDGE('',*,*,#4115,.F.);
#5449=ORIENTED_EDGE('',*,*,#4116,.F.);
#5450=ORIENTED_EDGE('',*,*,#4113,.T.);
#5451=ORIENTED_EDGE('',*,*,#3965,.T.);
#5452=ORIENTED_EDGE('',*,*,#4117,.F.);
#5453=ORIENTED_EDGE('',*,*,#4118,.F.);
#5454=ORIENTED_EDGE('',*,*,#4115,.T.);
#5455=ORIENTED_EDGE('',*,*,#3964,.T.);
#5456=ORIENTED_EDGE('',*,*,#4119,.F.);
#5457=ORIENTED_EDGE('',*,*,#4120,.F.);
#5458=ORIENTED_EDGE('',*,*,#4117,.T.);
#5459=ORIENTED_EDGE('',*,*,#3963,.T.);
#5460=ORIENTED_EDGE('',*,*,#4121,.F.);
#5461=ORIENTED_EDGE('',*,*,#4122,.F.);
#5462=ORIENTED_EDGE('',*,*,#4119,.T.);
#5463=ORIENTED_EDGE('',*,*,#4123,.T.);
#5464=ORIENTED_EDGE('',*,*,#4124,.T.);
#5465=ORIENTED_EDGE('',*,*,#4125,.T.);
#5466=ORIENTED_EDGE('',*,*,#4126,.T.);
#5467=ORIENTED_EDGE('',*,*,#4127,.T.);
#5468=ORIENTED_EDGE('',*,*,#4128,.T.);
#5469=ORIENTED_EDGE('',*,*,#4125,.F.);
#5470=ORIENTED_EDGE('',*,*,#4129,.T.);
#5471=ORIENTED_EDGE('',*,*,#4130,.T.);
#5472=ORIENTED_EDGE('',*,*,#4131,.T.);
#5473=ORIENTED_EDGE('',*,*,#4127,.F.);
#5474=ORIENTED_EDGE('',*,*,#4132,.T.);
#5475=ORIENTED_EDGE('',*,*,#4133,.T.);
#5476=ORIENTED_EDGE('',*,*,#4134,.T.);
#5477=ORIENTED_EDGE('',*,*,#4130,.F.);
#5478=ORIENTED_EDGE('',*,*,#4135,.T.);
#5479=ORIENTED_EDGE('',*,*,#4136,.T.);
#5480=ORIENTED_EDGE('',*,*,#4137,.T.);
#5481=ORIENTED_EDGE('',*,*,#4133,.F.);
#5482=ORIENTED_EDGE('',*,*,#4138,.T.);
#5483=ORIENTED_EDGE('',*,*,#4139,.T.);
#5484=ORIENTED_EDGE('',*,*,#4140,.T.);
#5485=ORIENTED_EDGE('',*,*,#4136,.F.);
#5486=ORIENTED_EDGE('',*,*,#4141,.T.);
#5487=ORIENTED_EDGE('',*,*,#4142,.T.);
#5488=ORIENTED_EDGE('',*,*,#4143,.T.);
#5489=ORIENTED_EDGE('',*,*,#4139,.F.);
#5490=ORIENTED_EDGE('',*,*,#4144,.T.);
#5491=ORIENTED_EDGE('',*,*,#4123,.F.);
#5492=ORIENTED_EDGE('',*,*,#4145,.T.);
#5493=ORIENTED_EDGE('',*,*,#4142,.F.);
#5494=ORIENTED_EDGE('',*,*,#4146,.T.);
#5495=ORIENTED_EDGE('',*,*,#4135,.F.);
#5496=ORIENTED_EDGE('',*,*,#4147,.F.);
#5497=ORIENTED_EDGE('',*,*,#4148,.F.);
#5498=ORIENTED_EDGE('',*,*,#4149,.T.);
#5499=ORIENTED_EDGE('',*,*,#4132,.F.);
#5500=ORIENTED_EDGE('',*,*,#4150,.F.);
#5501=ORIENTED_EDGE('',*,*,#4151,.F.);
#5502=ORIENTED_EDGE('',*,*,#4147,.T.);
#5503=ORIENTED_EDGE('',*,*,#4129,.F.);
#5504=ORIENTED_EDGE('',*,*,#4152,.F.);
#5505=ORIENTED_EDGE('',*,*,#4153,.F.);
#5506=ORIENTED_EDGE('',*,*,#4150,.T.);
#5507=ORIENTED_EDGE('',*,*,#4124,.F.);
#5508=ORIENTED_EDGE('',*,*,#4154,.F.);
#5509=ORIENTED_EDGE('',*,*,#4155,.F.);
#5510=ORIENTED_EDGE('',*,*,#4152,.T.);
#5511=ORIENTED_EDGE('',*,*,#4126,.F.);
#5512=ORIENTED_EDGE('',*,*,#4128,.F.);
#5513=ORIENTED_EDGE('',*,*,#4131,.F.);
#5514=ORIENTED_EDGE('',*,*,#4134,.F.);
#5515=ORIENTED_EDGE('',*,*,#4137,.F.);
#5516=ORIENTED_EDGE('',*,*,#4140,.F.);
#5517=ORIENTED_EDGE('',*,*,#4143,.F.);
#5518=ORIENTED_EDGE('',*,*,#4145,.F.);
#5519=ORIENTED_EDGE('',*,*,#4156,.T.);
#5520=ORIENTED_EDGE('',*,*,#4157,.T.);
#5521=ORIENTED_EDGE('',*,*,#4158,.T.);
#5522=ORIENTED_EDGE('',*,*,#4159,.T.);
#5523=ORIENTED_EDGE('',*,*,#4160,.T.);
#5524=ORIENTED_EDGE('',*,*,#4161,.T.);
#5525=ORIENTED_EDGE('',*,*,#4162,.T.);
#5526=ORIENTED_EDGE('',*,*,#4163,.T.);
#5527=ORIENTED_EDGE('',*,*,#4164,.T.);
#5528=ORIENTED_EDGE('',*,*,#4165,.T.);
#5529=ORIENTED_EDGE('',*,*,#4166,.T.);
#5530=ORIENTED_EDGE('',*,*,#4167,.T.);
#5531=ORIENTED_EDGE('',*,*,#4168,.T.);
#5532=ORIENTED_EDGE('',*,*,#4169,.T.);
#5533=ORIENTED_EDGE('',*,*,#4170,.T.);
#5534=ORIENTED_EDGE('',*,*,#4171,.T.);
#5535=ORIENTED_EDGE('',*,*,#4172,.T.);
#5536=ORIENTED_EDGE('',*,*,#4173,.T.);
#5537=ORIENTED_EDGE('',*,*,#4174,.T.);
#5538=ORIENTED_EDGE('',*,*,#4175,.T.);
#5539=ORIENTED_EDGE('',*,*,#4176,.T.);
#5540=ORIENTED_EDGE('',*,*,#4177,.T.);
#5541=ORIENTED_EDGE('',*,*,#4178,.T.);
#5542=ORIENTED_EDGE('',*,*,#4179,.T.);
#5543=ORIENTED_EDGE('',*,*,#4180,.T.);
#5544=ORIENTED_EDGE('',*,*,#4181,.T.);
#5545=ORIENTED_EDGE('',*,*,#4182,.F.);
#5546=ORIENTED_EDGE('',*,*,#4183,.T.);
#5547=ORIENTED_EDGE('',*,*,#4184,.F.);
#5548=ORIENTED_EDGE('',*,*,#4181,.F.);
#5549=ORIENTED_EDGE('',*,*,#4185,.T.);
#5550=ORIENTED_EDGE('',*,*,#4186,.F.);
#5551=ORIENTED_EDGE('',*,*,#4187,.T.);
#5552=ORIENTED_EDGE('',*,*,#4183,.F.);
#5553=ORIENTED_EDGE('',*,*,#4188,.F.);
#5554=ORIENTED_EDGE('',*,*,#4189,.T.);
#5555=ORIENTED_EDGE('',*,*,#4190,.T.);
#5556=ORIENTED_EDGE('',*,*,#4189,.F.);
#5557=ORIENTED_EDGE('',*,*,#4191,.F.);
#5558=ORIENTED_EDGE('',*,*,#4186,.T.);
#5559=ORIENTED_EDGE('',*,*,#4192,.F.);
#5560=ORIENTED_EDGE('',*,*,#4193,.F.);
#5561=ORIENTED_EDGE('',*,*,#4194,.F.);
#5562=ORIENTED_EDGE('',*,*,#4195,.F.);
#5563=ORIENTED_EDGE('',*,*,#4196,.F.);
#5564=ORIENTED_EDGE('',*,*,#4197,.F.);
#5565=ORIENTED_EDGE('',*,*,#4198,.F.);
#5566=ORIENTED_EDGE('',*,*,#4199,.F.);
#5567=ORIENTED_EDGE('',*,*,#4200,.F.);
#5568=ORIENTED_EDGE('',*,*,#4201,.F.);
#5569=ORIENTED_EDGE('',*,*,#4202,.F.);
#5570=ORIENTED_EDGE('',*,*,#4203,.F.);
#5571=ORIENTED_EDGE('',*,*,#4204,.F.);
#5572=ORIENTED_EDGE('',*,*,#4205,.F.);
#5573=ORIENTED_EDGE('',*,*,#4206,.F.);
#5574=ORIENTED_EDGE('',*,*,#4207,.F.);
#5575=ORIENTED_EDGE('',*,*,#4208,.F.);
#5576=ORIENTED_EDGE('',*,*,#4209,.F.);
#5577=ORIENTED_EDGE('',*,*,#4210,.F.);
#5578=ORIENTED_EDGE('',*,*,#4211,.F.);
#5579=ORIENTED_EDGE('',*,*,#4212,.F.);
#5580=ORIENTED_EDGE('',*,*,#4213,.F.);
#5581=ORIENTED_EDGE('',*,*,#4214,.F.);
#5582=ORIENTED_EDGE('',*,*,#4215,.F.);
#5583=ORIENTED_EDGE('',*,*,#4216,.F.);
#5584=ORIENTED_EDGE('',*,*,#4217,.F.);
#5585=ORIENTED_EDGE('',*,*,#4218,.F.);
#5586=ORIENTED_EDGE('',*,*,#4219,.F.);
#5587=ORIENTED_EDGE('',*,*,#4220,.F.);
#5588=ORIENTED_EDGE('',*,*,#4221,.F.);
#5589=ORIENTED_EDGE('',*,*,#4222,.F.);
#5590=ORIENTED_EDGE('',*,*,#4223,.F.);
#5591=ORIENTED_EDGE('',*,*,#4224,.F.);
#5592=ORIENTED_EDGE('',*,*,#4225,.F.);
#5593=ORIENTED_EDGE('',*,*,#4226,.F.);
#5594=ORIENTED_EDGE('',*,*,#4227,.F.);
#5595=ORIENTED_EDGE('',*,*,#4228,.F.);
#5596=ORIENTED_EDGE('',*,*,#4229,.F.);
#5597=ORIENTED_EDGE('',*,*,#4230,.F.);
#5598=ORIENTED_EDGE('',*,*,#4231,.F.);
#5599=ORIENTED_EDGE('',*,*,#4232,.F.);
#5600=ORIENTED_EDGE('',*,*,#4233,.F.);
#5601=ORIENTED_EDGE('',*,*,#4234,.F.);
#5602=ORIENTED_EDGE('',*,*,#4235,.F.);
#5603=ORIENTED_EDGE('',*,*,#4236,.F.);
#5604=ORIENTED_EDGE('',*,*,#4237,.F.);
#5605=ORIENTED_EDGE('',*,*,#4238,.F.);
#5606=ORIENTED_EDGE('',*,*,#4239,.F.);
#5607=ORIENTED_EDGE('',*,*,#4240,.F.);
#5608=ORIENTED_EDGE('',*,*,#4241,.F.);
#5609=ORIENTED_EDGE('',*,*,#4242,.F.);
#5610=ORIENTED_EDGE('',*,*,#4243,.F.);
#5611=ORIENTED_EDGE('',*,*,#4244,.F.);
#5612=ORIENTED_EDGE('',*,*,#4245,.F.);
#5613=ORIENTED_EDGE('',*,*,#4246,.F.);
#5614=ORIENTED_EDGE('',*,*,#4247,.F.);
#5615=ORIENTED_EDGE('',*,*,#4248,.F.);
#5616=ORIENTED_EDGE('',*,*,#4249,.F.);
#5617=ORIENTED_EDGE('',*,*,#4250,.F.);
#5618=ORIENTED_EDGE('',*,*,#4251,.F.);
#5619=ORIENTED_EDGE('',*,*,#4252,.F.);
#5620=ORIENTED_EDGE('',*,*,#4253,.F.);
#5621=ORIENTED_EDGE('',*,*,#4254,.F.);
#5622=ORIENTED_EDGE('',*,*,#4255,.F.);
#5623=ORIENTED_EDGE('',*,*,#4256,.F.);
#5624=ORIENTED_EDGE('',*,*,#4257,.F.);
#5625=ORIENTED_EDGE('',*,*,#4258,.F.);
#5626=ORIENTED_EDGE('',*,*,#4259,.F.);
#5627=ORIENTED_EDGE('',*,*,#4260,.F.);
#5628=ORIENTED_EDGE('',*,*,#4261,.F.);
#5629=ORIENTED_EDGE('',*,*,#4262,.F.);
#5630=ORIENTED_EDGE('',*,*,#4263,.F.);
#5631=ORIENTED_EDGE('',*,*,#4264,.F.);
#5632=ORIENTED_EDGE('',*,*,#4265,.F.);
#5633=ORIENTED_EDGE('',*,*,#4266,.F.);
#5634=ORIENTED_EDGE('',*,*,#4267,.F.);
#5635=ORIENTED_EDGE('',*,*,#4268,.F.);
#5636=ORIENTED_EDGE('',*,*,#4269,.F.);
#5637=ORIENTED_EDGE('',*,*,#4270,.F.);
#5638=ORIENTED_EDGE('',*,*,#4271,.F.);
#5639=ORIENTED_EDGE('',*,*,#4272,.F.);
#5640=ORIENTED_EDGE('',*,*,#4273,.F.);
#5641=ORIENTED_EDGE('',*,*,#4274,.F.);
#5642=ORIENTED_EDGE('',*,*,#4275,.F.);
#5643=ORIENTED_EDGE('',*,*,#4276,.F.);
#5644=ORIENTED_EDGE('',*,*,#4277,.F.);
#5645=ORIENTED_EDGE('',*,*,#4278,.F.);
#5646=ORIENTED_EDGE('',*,*,#4180,.F.);
#5647=ORIENTED_EDGE('',*,*,#4187,.F.);
#5648=ORIENTED_EDGE('',*,*,#4190,.F.);
#5649=ORIENTED_EDGE('',*,*,#4185,.F.);
#5650=ORIENTED_EDGE('',*,*,#4279,.T.);
#5651=ORIENTED_EDGE('',*,*,#4280,.T.);
#5652=ORIENTED_EDGE('',*,*,#4281,.T.);
#5653=ORIENTED_EDGE('',*,*,#4271,.T.);
#5654=ORIENTED_EDGE('',*,*,#4282,.T.);
#5655=ORIENTED_EDGE('',*,*,#4272,.T.);
#5656=ORIENTED_EDGE('',*,*,#4281,.F.);
#5657=ORIENTED_EDGE('',*,*,#4283,.T.);
#5658=ORIENTED_EDGE('',*,*,#4284,.T.);
#5659=ORIENTED_EDGE('',*,*,#4273,.T.);
#5660=ORIENTED_EDGE('',*,*,#4282,.F.);
#5661=ORIENTED_EDGE('',*,*,#4285,.T.);
#5662=ORIENTED_EDGE('',*,*,#4286,.T.);
#5663=ORIENTED_EDGE('',*,*,#4274,.T.);
#5664=ORIENTED_EDGE('',*,*,#4284,.F.);
#5665=ORIENTED_EDGE('',*,*,#4287,.T.);
#5666=ORIENTED_EDGE('',*,*,#4288,.T.);
#5667=ORIENTED_EDGE('',*,*,#4275,.T.);
#5668=ORIENTED_EDGE('',*,*,#4286,.F.);
#5669=ORIENTED_EDGE('',*,*,#4289,.T.);
#5670=ORIENTED_EDGE('',*,*,#4290,.T.);
#5671=ORIENTED_EDGE('',*,*,#4276,.T.);
#5672=ORIENTED_EDGE('',*,*,#4288,.F.);
#5673=ORIENTED_EDGE('',*,*,#4291,.T.);
#5674=ORIENTED_EDGE('',*,*,#4292,.T.);
#5675=ORIENTED_EDGE('',*,*,#4277,.T.);
#5676=ORIENTED_EDGE('',*,*,#4290,.F.);
#5677=ORIENTED_EDGE('',*,*,#4293,.T.);
#5678=ORIENTED_EDGE('',*,*,#4279,.F.);
#5679=ORIENTED_EDGE('',*,*,#4278,.T.);
#5680=ORIENTED_EDGE('',*,*,#4292,.F.);
#5681=ORIENTED_EDGE('',*,*,#4294,.T.);
#5682=ORIENTED_EDGE('',*,*,#4287,.F.);
#5683=ORIENTED_EDGE('',*,*,#4295,.T.);
#5684=ORIENTED_EDGE('',*,*,#4296,.T.);
#5685=ORIENTED_EDGE('',*,*,#4297,.F.);
#5686=ORIENTED_EDGE('',*,*,#4285,.F.);
#5687=ORIENTED_EDGE('',*,*,#4298,.T.);
#5688=ORIENTED_EDGE('',*,*,#4299,.T.);
#5689=ORIENTED_EDGE('',*,*,#4295,.F.);
#5690=ORIENTED_EDGE('',*,*,#4283,.F.);
#5691=ORIENTED_EDGE('',*,*,#4300,.T.);
#5692=ORIENTED_EDGE('',*,*,#4301,.T.);
#5693=ORIENTED_EDGE('',*,*,#4298,.F.);
#5694=ORIENTED_EDGE('',*,*,#4280,.F.);
#5695=ORIENTED_EDGE('',*,*,#4302,.T.);
#5696=ORIENTED_EDGE('',*,*,#4303,.T.);
#5697=ORIENTED_EDGE('',*,*,#4300,.F.);
#5698=ORIENTED_EDGE('',*,*,#4304,.T.);
#5699=ORIENTED_EDGE('',*,*,#4192,.T.);
#5700=ORIENTED_EDGE('',*,*,#4305,.T.);
#5701=ORIENTED_EDGE('',*,*,#4306,.T.);
#5702=ORIENTED_EDGE('',*,*,#4305,.F.);
#5703=ORIENTED_EDGE('',*,*,#4270,.T.);
#5704=ORIENTED_EDGE('',*,*,#4307,.T.);
#5705=ORIENTED_EDGE('',*,*,#4308,.T.);
#5706=ORIENTED_EDGE('',*,*,#4309,.T.);
#5707=ORIENTED_EDGE('',*,*,#4304,.F.);
#5708=ORIENTED_EDGE('',*,*,#4310,.F.);
#5709=ORIENTED_EDGE('',*,*,#4311,.T.);
#5710=ORIENTED_EDGE('',*,*,#4312,.T.);
#5711=ORIENTED_EDGE('',*,*,#4193,.T.);
#5712=ORIENTED_EDGE('',*,*,#4309,.F.);
#5713=ORIENTED_EDGE('',*,*,#4313,.T.);
#5714=ORIENTED_EDGE('',*,*,#4314,.T.);
#5715=ORIENTED_EDGE('',*,*,#4310,.T.);
#5716=ORIENTED_EDGE('',*,*,#4315,.F.);
#5717=ORIENTED_EDGE('',*,*,#4316,.T.);
#5718=ORIENTED_EDGE('',*,*,#4306,.F.);
#5719=ORIENTED_EDGE('',*,*,#4316,.F.);
#5720=ORIENTED_EDGE('',*,*,#4317,.T.);
#5721=ORIENTED_EDGE('',*,*,#4219,.T.);
#5722=ORIENTED_EDGE('',*,*,#4318,.T.);
#5723=ORIENTED_EDGE('',*,*,#4319,.T.);
#5724=ORIENTED_EDGE('',*,*,#4320,.T.);
#5725=ORIENTED_EDGE('',*,*,#4321,.T.);
#5726=ORIENTED_EDGE('',*,*,#4322,.T.);
#5727=ORIENTED_EDGE('',*,*,#4321,.F.);
#5728=ORIENTED_EDGE('',*,*,#4323,.T.);
#5729=ORIENTED_EDGE('',*,*,#4317,.F.);
#5730=ORIENTED_EDGE('',*,*,#4324,.F.);
#5731=ORIENTED_EDGE('',*,*,#4325,.T.);
#5732=ORIENTED_EDGE('',*,*,#4326,.T.);
#5733=ORIENTED_EDGE('',*,*,#4220,.T.);
#5734=ORIENTED_EDGE('',*,*,#4320,.F.);
#5735=ORIENTED_EDGE('',*,*,#4327,.T.);
#5736=ORIENTED_EDGE('',*,*,#4328,.T.);
#5737=ORIENTED_EDGE('',*,*,#4324,.T.);
#5738=ORIENTED_EDGE('',*,*,#4323,.F.);
#5739=ORIENTED_EDGE('',*,*,#4329,.F.);
#5740=ORIENTED_EDGE('',*,*,#4330,.T.);
#5741=ORIENTED_EDGE('',*,*,#4322,.F.);
#5742=ORIENTED_EDGE('',*,*,#4330,.F.);
#5743=ORIENTED_EDGE('',*,*,#4331,.T.);
#5744=ORIENTED_EDGE('',*,*,#4245,.T.);
#5745=ORIENTED_EDGE('',*,*,#4332,.T.);
#5746=ORIENTED_EDGE('',*,*,#4333,.T.);
#5747=ORIENTED_EDGE('',*,*,#4332,.F.);
#5748=ORIENTED_EDGE('',*,*,#4244,.T.);
#5749=ORIENTED_EDGE('',*,*,#4334,.T.);
#5750=ORIENTED_EDGE('',*,*,#4335,.T.);
#5751=ORIENTED_EDGE('',*,*,#4336,.T.);
#5752=ORIENTED_EDGE('',*,*,#4331,.F.);
#5753=ORIENTED_EDGE('',*,*,#4337,.F.);
#5754=ORIENTED_EDGE('',*,*,#4338,.T.);
#5755=ORIENTED_EDGE('',*,*,#4339,.T.);
#5756=ORIENTED_EDGE('',*,*,#4246,.T.);
#5757=ORIENTED_EDGE('',*,*,#4336,.F.);
#5758=ORIENTED_EDGE('',*,*,#4340,.T.);
#5759=ORIENTED_EDGE('',*,*,#4341,.T.);
#5760=ORIENTED_EDGE('',*,*,#4337,.T.);
#5761=ORIENTED_EDGE('',*,*,#4342,.F.);
#5762=ORIENTED_EDGE('',*,*,#4343,.T.);
#5763=ORIENTED_EDGE('',*,*,#4333,.F.);
#5764=ORIENTED_EDGE('',*,*,#4343,.F.);
#5765=ORIENTED_EDGE('',*,*,#4264,.T.);
#5766=ORIENTED_EDGE('',*,*,#4344,.T.);
#5767=ORIENTED_EDGE('',*,*,#4345,.T.);
#5768=ORIENTED_EDGE('',*,*,#4346,.F.);
#5769=ORIENTED_EDGE('',*,*,#4263,.T.);
#5770=ORIENTED_EDGE('',*,*,#4347,.T.);
#5771=ORIENTED_EDGE('',*,*,#4348,.T.);
#5772=ORIENTED_EDGE('',*,*,#4344,.F.);
#5773=ORIENTED_EDGE('',*,*,#4262,.T.);
#5774=ORIENTED_EDGE('',*,*,#4349,.T.);
#5775=ORIENTED_EDGE('',*,*,#4350,.T.);
#5776=ORIENTED_EDGE('',*,*,#4347,.F.);
#5777=ORIENTED_EDGE('',*,*,#4261,.T.);
#5778=ORIENTED_EDGE('',*,*,#4351,.T.);
#5779=ORIENTED_EDGE('',*,*,#4352,.T.);
#5780=ORIENTED_EDGE('',*,*,#4349,.F.);
#5781=ORIENTED_EDGE('',*,*,#4260,.T.);
#5782=ORIENTED_EDGE('',*,*,#4353,.T.);
#5783=ORIENTED_EDGE('',*,*,#4354,.T.);
#5784=ORIENTED_EDGE('',*,*,#4351,.F.);
#5785=ORIENTED_EDGE('',*,*,#4259,.T.);
#5786=ORIENTED_EDGE('',*,*,#4355,.T.);
#5787=ORIENTED_EDGE('',*,*,#4356,.T.);
#5788=ORIENTED_EDGE('',*,*,#4353,.F.);
#5789=ORIENTED_EDGE('',*,*,#4258,.T.);
#5790=ORIENTED_EDGE('',*,*,#4357,.T.);
#5791=ORIENTED_EDGE('',*,*,#4358,.T.);
#5792=ORIENTED_EDGE('',*,*,#4355,.F.);
#5793=ORIENTED_EDGE('',*,*,#4257,.T.);
#5794=ORIENTED_EDGE('',*,*,#4359,.T.);
#5795=ORIENTED_EDGE('',*,*,#4360,.T.);
#5796=ORIENTED_EDGE('',*,*,#4357,.F.);
#5797=ORIENTED_EDGE('',*,*,#4256,.T.);
#5798=ORIENTED_EDGE('',*,*,#4361,.T.);
#5799=ORIENTED_EDGE('',*,*,#4362,.T.);
#5800=ORIENTED_EDGE('',*,*,#4359,.F.);
#5801=ORIENTED_EDGE('',*,*,#4255,.T.);
#5802=ORIENTED_EDGE('',*,*,#4363,.T.);
#5803=ORIENTED_EDGE('',*,*,#4364,.T.);
#5804=ORIENTED_EDGE('',*,*,#4361,.F.);
#5805=ORIENTED_EDGE('',*,*,#4254,.T.);
#5806=ORIENTED_EDGE('',*,*,#4365,.T.);
#5807=ORIENTED_EDGE('',*,*,#4366,.T.);
#5808=ORIENTED_EDGE('',*,*,#4363,.F.);
#5809=ORIENTED_EDGE('',*,*,#4253,.T.);
#5810=ORIENTED_EDGE('',*,*,#4367,.T.);
#5811=ORIENTED_EDGE('',*,*,#4368,.T.);
#5812=ORIENTED_EDGE('',*,*,#4365,.F.);
#5813=ORIENTED_EDGE('',*,*,#4252,.T.);
#5814=ORIENTED_EDGE('',*,*,#4369,.T.);
#5815=ORIENTED_EDGE('',*,*,#4370,.T.);
#5816=ORIENTED_EDGE('',*,*,#4367,.F.);
#5817=ORIENTED_EDGE('',*,*,#4251,.T.);
#5818=ORIENTED_EDGE('',*,*,#4371,.T.);
#5819=ORIENTED_EDGE('',*,*,#4372,.T.);
#5820=ORIENTED_EDGE('',*,*,#4369,.F.);
#5821=ORIENTED_EDGE('',*,*,#4250,.T.);
#5822=ORIENTED_EDGE('',*,*,#4373,.T.);
#5823=ORIENTED_EDGE('',*,*,#4374,.T.);
#5824=ORIENTED_EDGE('',*,*,#4371,.F.);
#5825=ORIENTED_EDGE('',*,*,#4249,.T.);
#5826=ORIENTED_EDGE('',*,*,#4375,.T.);
#5827=ORIENTED_EDGE('',*,*,#4376,.T.);
#5828=ORIENTED_EDGE('',*,*,#4373,.F.);
#5829=ORIENTED_EDGE('',*,*,#4248,.T.);
#5830=ORIENTED_EDGE('',*,*,#4377,.T.);
#5831=ORIENTED_EDGE('',*,*,#4378,.T.);
#5832=ORIENTED_EDGE('',*,*,#4375,.F.);
#5833=ORIENTED_EDGE('',*,*,#4335,.F.);
#5834=ORIENTED_EDGE('',*,*,#4379,.T.);
#5835=ORIENTED_EDGE('',*,*,#4380,.T.);
#5836=ORIENTED_EDGE('',*,*,#4340,.F.);
#5837=ORIENTED_EDGE('',*,*,#4381,.T.);
#5838=ORIENTED_EDGE('',*,*,#4382,.T.);
#5839=ORIENTED_EDGE('',*,*,#4205,.T.);
#5840=ORIENTED_EDGE('',*,*,#4383,.T.);
#5841=ORIENTED_EDGE('',*,*,#4334,.F.);
#5842=ORIENTED_EDGE('',*,*,#4243,.T.);
#5843=ORIENTED_EDGE('',*,*,#4384,.T.);
#5844=ORIENTED_EDGE('',*,*,#4385,.T.);
#5845=ORIENTED_EDGE('',*,*,#4379,.F.);
#5846=ORIENTED_EDGE('',*,*,#4242,.T.);
#5847=ORIENTED_EDGE('',*,*,#4386,.T.);
#5848=ORIENTED_EDGE('',*,*,#4387,.T.);
#5849=ORIENTED_EDGE('',*,*,#4384,.F.);
#5850=ORIENTED_EDGE('',*,*,#4241,.T.);
#5851=ORIENTED_EDGE('',*,*,#4388,.T.);
#5852=ORIENTED_EDGE('',*,*,#4389,.T.);
#5853=ORIENTED_EDGE('',*,*,#4386,.F.);
#5854=ORIENTED_EDGE('',*,*,#4240,.T.);
#5855=ORIENTED_EDGE('',*,*,#4390,.T.);
#5856=ORIENTED_EDGE('',*,*,#4391,.T.);
#5857=ORIENTED_EDGE('',*,*,#4388,.F.);
#5858=ORIENTED_EDGE('',*,*,#4239,.T.);
#5859=ORIENTED_EDGE('',*,*,#4392,.T.);
#5860=ORIENTED_EDGE('',*,*,#4393,.T.);
#5861=ORIENTED_EDGE('',*,*,#4390,.F.);
#5862=ORIENTED_EDGE('',*,*,#4238,.T.);
#5863=ORIENTED_EDGE('',*,*,#4394,.T.);
#5864=ORIENTED_EDGE('',*,*,#4395,.T.);
#5865=ORIENTED_EDGE('',*,*,#4392,.F.);
#5866=ORIENTED_EDGE('',*,*,#4237,.T.);
#5867=ORIENTED_EDGE('',*,*,#4396,.T.);
#5868=ORIENTED_EDGE('',*,*,#4397,.T.);
#5869=ORIENTED_EDGE('',*,*,#4394,.F.);
#5870=ORIENTED_EDGE('',*,*,#4236,.T.);
#5871=ORIENTED_EDGE('',*,*,#4398,.T.);
#5872=ORIENTED_EDGE('',*,*,#4399,.T.);
#5873=ORIENTED_EDGE('',*,*,#4396,.F.);
#5874=ORIENTED_EDGE('',*,*,#4235,.T.);
#5875=ORIENTED_EDGE('',*,*,#4400,.T.);
#5876=ORIENTED_EDGE('',*,*,#4401,.T.);
#5877=ORIENTED_EDGE('',*,*,#4398,.F.);
#5878=ORIENTED_EDGE('',*,*,#4234,.T.);
#5879=ORIENTED_EDGE('',*,*,#4402,.T.);
#5880=ORIENTED_EDGE('',*,*,#4403,.T.);
#5881=ORIENTED_EDGE('',*,*,#4400,.F.);
#5882=ORIENTED_EDGE('',*,*,#4233,.T.);
#5883=ORIENTED_EDGE('',*,*,#4404,.T.);
#5884=ORIENTED_EDGE('',*,*,#4405,.T.);
#5885=ORIENTED_EDGE('',*,*,#4402,.F.);
#5886=ORIENTED_EDGE('',*,*,#4232,.T.);
#5887=ORIENTED_EDGE('',*,*,#4406,.T.);
#5888=ORIENTED_EDGE('',*,*,#4407,.T.);
#5889=ORIENTED_EDGE('',*,*,#4404,.F.);
#5890=ORIENTED_EDGE('',*,*,#4231,.T.);
#5891=ORIENTED_EDGE('',*,*,#4408,.T.);
#5892=ORIENTED_EDGE('',*,*,#4409,.T.);
#5893=ORIENTED_EDGE('',*,*,#4406,.F.);
#5894=ORIENTED_EDGE('',*,*,#4230,.T.);
#5895=ORIENTED_EDGE('',*,*,#4410,.T.);
#5896=ORIENTED_EDGE('',*,*,#4411,.T.);
#5897=ORIENTED_EDGE('',*,*,#4408,.F.);
#5898=ORIENTED_EDGE('',*,*,#4229,.T.);
#5899=ORIENTED_EDGE('',*,*,#4412,.T.);
#5900=ORIENTED_EDGE('',*,*,#4413,.T.);
#5901=ORIENTED_EDGE('',*,*,#4410,.F.);
#5902=ORIENTED_EDGE('',*,*,#4228,.T.);
#5903=ORIENTED_EDGE('',*,*,#4414,.T.);
#5904=ORIENTED_EDGE('',*,*,#4415,.T.);
#5905=ORIENTED_EDGE('',*,*,#4412,.F.);
#5906=ORIENTED_EDGE('',*,*,#4227,.T.);
#5907=ORIENTED_EDGE('',*,*,#4416,.T.);
#5908=ORIENTED_EDGE('',*,*,#4417,.T.);
#5909=ORIENTED_EDGE('',*,*,#4414,.F.);
#5910=ORIENTED_EDGE('',*,*,#4226,.T.);
#5911=ORIENTED_EDGE('',*,*,#4418,.T.);
#5912=ORIENTED_EDGE('',*,*,#4419,.T.);
#5913=ORIENTED_EDGE('',*,*,#4416,.F.);
#5914=ORIENTED_EDGE('',*,*,#4225,.T.);
#5915=ORIENTED_EDGE('',*,*,#4420,.T.);
#5916=ORIENTED_EDGE('',*,*,#4421,.T.);
#5917=ORIENTED_EDGE('',*,*,#4418,.F.);
#5918=ORIENTED_EDGE('',*,*,#4224,.T.);
#5919=ORIENTED_EDGE('',*,*,#4422,.T.);
#5920=ORIENTED_EDGE('',*,*,#4423,.T.);
#5921=ORIENTED_EDGE('',*,*,#4420,.F.);
#5922=ORIENTED_EDGE('',*,*,#4424,.T.);
#5923=ORIENTED_EDGE('',*,*,#4422,.F.);
#5924=ORIENTED_EDGE('',*,*,#4223,.T.);
#5925=ORIENTED_EDGE('',*,*,#4425,.T.);
#5926=ORIENTED_EDGE('',*,*,#4426,.T.);
#5927=ORIENTED_EDGE('',*,*,#4425,.F.);
#5928=ORIENTED_EDGE('',*,*,#4222,.T.);
#5929=ORIENTED_EDGE('',*,*,#4427,.T.);
#5930=ORIENTED_EDGE('',*,*,#4326,.F.);
#5931=ORIENTED_EDGE('',*,*,#4428,.T.);
#5932=ORIENTED_EDGE('',*,*,#4427,.F.);
#5933=ORIENTED_EDGE('',*,*,#4221,.T.);
#5934=ORIENTED_EDGE('',*,*,#4319,.F.);
#5935=ORIENTED_EDGE('',*,*,#4429,.T.);
#5936=ORIENTED_EDGE('',*,*,#4430,.T.);
#5937=ORIENTED_EDGE('',*,*,#4327,.F.);
#5938=ORIENTED_EDGE('',*,*,#4318,.F.);
#5939=ORIENTED_EDGE('',*,*,#4218,.T.);
#5940=ORIENTED_EDGE('',*,*,#4431,.T.);
#5941=ORIENTED_EDGE('',*,*,#4432,.T.);
#5942=ORIENTED_EDGE('',*,*,#4429,.F.);
#5943=ORIENTED_EDGE('',*,*,#4433,.T.);
#5944=ORIENTED_EDGE('',*,*,#4431,.F.);
#5945=ORIENTED_EDGE('',*,*,#4217,.T.);
#5946=ORIENTED_EDGE('',*,*,#4434,.T.);
#5947=ORIENTED_EDGE('',*,*,#4435,.T.);
#5948=ORIENTED_EDGE('',*,*,#4434,.F.);
#5949=ORIENTED_EDGE('',*,*,#4216,.T.);
#5950=ORIENTED_EDGE('',*,*,#4436,.T.);
#5951=ORIENTED_EDGE('',*,*,#4437,.T.);
#5952=ORIENTED_EDGE('',*,*,#4436,.F.);
#5953=ORIENTED_EDGE('',*,*,#4215,.T.);
#5954=ORIENTED_EDGE('',*,*,#4438,.T.);
#5955=ORIENTED_EDGE('',*,*,#4439,.T.);
#5956=ORIENTED_EDGE('',*,*,#4438,.F.);
#5957=ORIENTED_EDGE('',*,*,#4214,.T.);
#5958=ORIENTED_EDGE('',*,*,#4440,.T.);
#5959=ORIENTED_EDGE('',*,*,#4441,.T.);
#5960=ORIENTED_EDGE('',*,*,#4440,.F.);
#5961=ORIENTED_EDGE('',*,*,#4213,.T.);
#5962=ORIENTED_EDGE('',*,*,#4442,.T.);
#5963=ORIENTED_EDGE('',*,*,#4443,.T.);
#5964=ORIENTED_EDGE('',*,*,#4442,.F.);
#5965=ORIENTED_EDGE('',*,*,#4212,.T.);
#5966=ORIENTED_EDGE('',*,*,#4444,.T.);
#5967=ORIENTED_EDGE('',*,*,#4445,.T.);
#5968=ORIENTED_EDGE('',*,*,#4444,.F.);
#5969=ORIENTED_EDGE('',*,*,#4211,.T.);
#5970=ORIENTED_EDGE('',*,*,#4446,.T.);
#5971=ORIENTED_EDGE('',*,*,#4447,.T.);
#5972=ORIENTED_EDGE('',*,*,#4446,.F.);
#5973=ORIENTED_EDGE('',*,*,#4210,.T.);
#5974=ORIENTED_EDGE('',*,*,#4448,.T.);
#5975=ORIENTED_EDGE('',*,*,#4449,.T.);
#5976=ORIENTED_EDGE('',*,*,#4448,.F.);
#5977=ORIENTED_EDGE('',*,*,#4209,.T.);
#5978=ORIENTED_EDGE('',*,*,#4450,.T.);
#5979=ORIENTED_EDGE('',*,*,#4451,.T.);
#5980=ORIENTED_EDGE('',*,*,#4450,.F.);
#5981=ORIENTED_EDGE('',*,*,#4208,.T.);
#5982=ORIENTED_EDGE('',*,*,#4452,.T.);
#5983=ORIENTED_EDGE('',*,*,#4453,.T.);
#5984=ORIENTED_EDGE('',*,*,#4452,.F.);
#5985=ORIENTED_EDGE('',*,*,#4207,.T.);
#5986=ORIENTED_EDGE('',*,*,#4454,.T.);
#5987=ORIENTED_EDGE('',*,*,#4382,.F.);
#5988=ORIENTED_EDGE('',*,*,#4455,.T.);
#5989=ORIENTED_EDGE('',*,*,#4454,.F.);
#5990=ORIENTED_EDGE('',*,*,#4206,.T.);
#5991=ORIENTED_EDGE('',*,*,#4456,.T.);
#5992=ORIENTED_EDGE('',*,*,#4383,.F.);
#5993=ORIENTED_EDGE('',*,*,#4204,.T.);
#5994=ORIENTED_EDGE('',*,*,#4457,.T.);
#5995=ORIENTED_EDGE('',*,*,#4458,.T.);
#5996=ORIENTED_EDGE('',*,*,#4457,.F.);
#5997=ORIENTED_EDGE('',*,*,#4203,.T.);
#5998=ORIENTED_EDGE('',*,*,#4459,.T.);
#5999=ORIENTED_EDGE('',*,*,#4460,.T.);
#6000=ORIENTED_EDGE('',*,*,#4459,.F.);
#6001=ORIENTED_EDGE('',*,*,#4202,.T.);
#6002=ORIENTED_EDGE('',*,*,#4461,.T.);
#6003=ORIENTED_EDGE('',*,*,#4247,.T.);
#6004=ORIENTED_EDGE('',*,*,#4339,.F.);
#6005=ORIENTED_EDGE('',*,*,#4462,.T.);
#6006=ORIENTED_EDGE('',*,*,#4377,.F.);
#6007=ORIENTED_EDGE('',*,*,#4463,.T.);
#6008=ORIENTED_EDGE('',*,*,#4461,.F.);
#6009=ORIENTED_EDGE('',*,*,#4201,.T.);
#6010=ORIENTED_EDGE('',*,*,#4464,.T.);
#6011=ORIENTED_EDGE('',*,*,#4465,.T.);
#6012=ORIENTED_EDGE('',*,*,#4464,.F.);
#6013=ORIENTED_EDGE('',*,*,#4200,.T.);
#6014=ORIENTED_EDGE('',*,*,#4466,.T.);
#6015=ORIENTED_EDGE('',*,*,#4467,.T.);
#6016=ORIENTED_EDGE('',*,*,#4466,.F.);
#6017=ORIENTED_EDGE('',*,*,#4199,.T.);
#6018=ORIENTED_EDGE('',*,*,#4468,.T.);
#6019=ORIENTED_EDGE('',*,*,#4469,.T.);
#6020=ORIENTED_EDGE('',*,*,#4468,.F.);
#6021=ORIENTED_EDGE('',*,*,#4198,.T.);
#6022=ORIENTED_EDGE('',*,*,#4470,.T.);
#6023=ORIENTED_EDGE('',*,*,#4471,.T.);
#6024=ORIENTED_EDGE('',*,*,#4470,.F.);
#6025=ORIENTED_EDGE('',*,*,#4197,.T.);
#6026=ORIENTED_EDGE('',*,*,#4472,.T.);
#6027=ORIENTED_EDGE('',*,*,#4473,.T.);
#6028=ORIENTED_EDGE('',*,*,#4472,.F.);
#6029=ORIENTED_EDGE('',*,*,#4196,.T.);
#6030=ORIENTED_EDGE('',*,*,#4474,.T.);
#6031=ORIENTED_EDGE('',*,*,#4475,.T.);
#6032=ORIENTED_EDGE('',*,*,#4474,.F.);
#6033=ORIENTED_EDGE('',*,*,#4195,.T.);
#6034=ORIENTED_EDGE('',*,*,#4476,.T.);
#6035=ORIENTED_EDGE('',*,*,#4312,.F.);
#6036=ORIENTED_EDGE('',*,*,#4477,.T.);
#6037=ORIENTED_EDGE('',*,*,#4476,.F.);
#6038=ORIENTED_EDGE('',*,*,#4194,.T.);
#6039=ORIENTED_EDGE('',*,*,#4308,.F.);
#6040=ORIENTED_EDGE('',*,*,#4478,.T.);
#6041=ORIENTED_EDGE('',*,*,#4479,.T.);
#6042=ORIENTED_EDGE('',*,*,#4313,.F.);
#6043=ORIENTED_EDGE('',*,*,#4307,.F.);
#6044=ORIENTED_EDGE('',*,*,#4269,.T.);
#6045=ORIENTED_EDGE('',*,*,#4480,.T.);
#6046=ORIENTED_EDGE('',*,*,#4481,.T.);
#6047=ORIENTED_EDGE('',*,*,#4478,.F.);
#6048=ORIENTED_EDGE('',*,*,#4482,.T.);
#6049=ORIENTED_EDGE('',*,*,#4480,.F.);
#6050=ORIENTED_EDGE('',*,*,#4268,.T.);
#6051=ORIENTED_EDGE('',*,*,#4483,.T.);
#6052=ORIENTED_EDGE('',*,*,#4484,.T.);
#6053=ORIENTED_EDGE('',*,*,#4483,.F.);
#6054=ORIENTED_EDGE('',*,*,#4267,.T.);
#6055=ORIENTED_EDGE('',*,*,#4485,.T.);
#6056=ORIENTED_EDGE('',*,*,#4486,.T.);
#6057=ORIENTED_EDGE('',*,*,#4485,.F.);
#6058=ORIENTED_EDGE('',*,*,#4266,.T.);
#6059=ORIENTED_EDGE('',*,*,#4487,.T.);
#6060=ORIENTED_EDGE('',*,*,#4488,.T.);
#6061=ORIENTED_EDGE('',*,*,#4487,.F.);
#6062=ORIENTED_EDGE('',*,*,#4265,.T.);
#6063=ORIENTED_EDGE('',*,*,#4346,.T.);
#6064=ORIENTED_EDGE('',*,*,#4358,.F.);
#6065=ORIENTED_EDGE('',*,*,#4489,.F.);
#6066=ORIENTED_EDGE('',*,*,#4490,.F.);
#6067=ORIENTED_EDGE('',*,*,#4491,.T.);
#6068=ORIENTED_EDGE('',*,*,#4360,.F.);
#6069=ORIENTED_EDGE('',*,*,#4492,.F.);
#6070=ORIENTED_EDGE('',*,*,#4493,.F.);
#6071=ORIENTED_EDGE('',*,*,#4489,.T.);
#6072=ORIENTED_EDGE('',*,*,#4362,.F.);
#6073=ORIENTED_EDGE('',*,*,#4494,.F.);
#6074=ORIENTED_EDGE('',*,*,#4495,.F.);
#6075=ORIENTED_EDGE('',*,*,#4492,.T.);
#6076=ORIENTED_EDGE('',*,*,#4364,.F.);
#6077=ORIENTED_EDGE('',*,*,#4496,.F.);
#6078=ORIENTED_EDGE('',*,*,#4497,.F.);
#6079=ORIENTED_EDGE('',*,*,#4494,.T.);
#6080=ORIENTED_EDGE('',*,*,#4366,.F.);
#6081=ORIENTED_EDGE('',*,*,#4498,.F.);
#6082=ORIENTED_EDGE('',*,*,#4499,.F.);
#6083=ORIENTED_EDGE('',*,*,#4496,.T.);
#6084=ORIENTED_EDGE('',*,*,#4368,.F.);
#6085=ORIENTED_EDGE('',*,*,#4500,.F.);
#6086=ORIENTED_EDGE('',*,*,#4501,.F.);
#6087=ORIENTED_EDGE('',*,*,#4498,.T.);
#6088=ORIENTED_EDGE('',*,*,#4370,.F.);
#6089=ORIENTED_EDGE('',*,*,#4502,.F.);
#6090=ORIENTED_EDGE('',*,*,#4503,.F.);
#6091=ORIENTED_EDGE('',*,*,#4500,.T.);
#6092=ORIENTED_EDGE('',*,*,#4372,.F.);
#6093=ORIENTED_EDGE('',*,*,#4504,.F.);
#6094=ORIENTED_EDGE('',*,*,#4505,.F.);
#6095=ORIENTED_EDGE('',*,*,#4502,.T.);
#6096=ORIENTED_EDGE('',*,*,#4374,.F.);
#6097=ORIENTED_EDGE('',*,*,#4506,.F.);
#6098=ORIENTED_EDGE('',*,*,#4507,.F.);
#6099=ORIENTED_EDGE('',*,*,#4504,.T.);
#6100=ORIENTED_EDGE('',*,*,#4376,.F.);
#6101=ORIENTED_EDGE('',*,*,#4508,.F.);
#6102=ORIENTED_EDGE('',*,*,#4509,.F.);
#6103=ORIENTED_EDGE('',*,*,#4506,.T.);
#6104=ORIENTED_EDGE('',*,*,#4378,.F.);
#6105=ORIENTED_EDGE('',*,*,#4510,.F.);
#6106=ORIENTED_EDGE('',*,*,#4511,.F.);
#6107=ORIENTED_EDGE('',*,*,#4508,.T.);
#6108=ORIENTED_EDGE('',*,*,#4462,.F.);
#6109=ORIENTED_EDGE('',*,*,#4512,.F.);
#6110=ORIENTED_EDGE('',*,*,#4513,.F.);
#6111=ORIENTED_EDGE('',*,*,#4510,.T.);
#6112=ORIENTED_EDGE('',*,*,#4338,.F.);
#6113=ORIENTED_EDGE('',*,*,#4514,.F.);
#6114=ORIENTED_EDGE('',*,*,#4515,.F.);
#6115=ORIENTED_EDGE('',*,*,#4512,.T.);
#6116=ORIENTED_EDGE('',*,*,#4341,.F.);
#6117=ORIENTED_EDGE('',*,*,#4516,.F.);
#6118=ORIENTED_EDGE('',*,*,#4517,.F.);
#6119=ORIENTED_EDGE('',*,*,#4514,.T.);
#6120=ORIENTED_EDGE('',*,*,#4380,.F.);
#6121=ORIENTED_EDGE('',*,*,#4518,.F.);
#6122=ORIENTED_EDGE('',*,*,#4519,.F.);
#6123=ORIENTED_EDGE('',*,*,#4516,.T.);
#6124=ORIENTED_EDGE('',*,*,#4385,.F.);
#6125=ORIENTED_EDGE('',*,*,#4520,.F.);
#6126=ORIENTED_EDGE('',*,*,#4521,.F.);
#6127=ORIENTED_EDGE('',*,*,#4518,.T.);
#6128=ORIENTED_EDGE('',*,*,#4387,.F.);
#6129=ORIENTED_EDGE('',*,*,#4522,.F.);
#6130=ORIENTED_EDGE('',*,*,#4523,.F.);
#6131=ORIENTED_EDGE('',*,*,#4520,.T.);
#6132=ORIENTED_EDGE('',*,*,#4389,.F.);
#6133=ORIENTED_EDGE('',*,*,#4524,.F.);
#6134=ORIENTED_EDGE('',*,*,#4525,.F.);
#6135=ORIENTED_EDGE('',*,*,#4522,.T.);
#6136=ORIENTED_EDGE('',*,*,#4391,.F.);
#6137=ORIENTED_EDGE('',*,*,#4526,.F.);
#6138=ORIENTED_EDGE('',*,*,#4527,.F.);
#6139=ORIENTED_EDGE('',*,*,#4524,.T.);
#6140=ORIENTED_EDGE('',*,*,#4393,.F.);
#6141=ORIENTED_EDGE('',*,*,#4528,.F.);
#6142=ORIENTED_EDGE('',*,*,#4529,.F.);
#6143=ORIENTED_EDGE('',*,*,#4526,.T.);
#6144=ORIENTED_EDGE('',*,*,#4395,.F.);
#6145=ORIENTED_EDGE('',*,*,#4530,.F.);
#6146=ORIENTED_EDGE('',*,*,#4531,.F.);
#6147=ORIENTED_EDGE('',*,*,#4528,.T.);
#6148=ORIENTED_EDGE('',*,*,#4397,.F.);
#6149=ORIENTED_EDGE('',*,*,#4532,.F.);
#6150=ORIENTED_EDGE('',*,*,#4533,.F.);
#6151=ORIENTED_EDGE('',*,*,#4530,.T.);
#6152=ORIENTED_EDGE('',*,*,#4399,.F.);
#6153=ORIENTED_EDGE('',*,*,#4534,.F.);
#6154=ORIENTED_EDGE('',*,*,#4535,.F.);
#6155=ORIENTED_EDGE('',*,*,#4532,.T.);
#6156=ORIENTED_EDGE('',*,*,#4401,.F.);
#6157=ORIENTED_EDGE('',*,*,#4536,.F.);
#6158=ORIENTED_EDGE('',*,*,#4537,.F.);
#6159=ORIENTED_EDGE('',*,*,#4534,.T.);
#6160=ORIENTED_EDGE('',*,*,#4403,.F.);
#6161=ORIENTED_EDGE('',*,*,#4538,.F.);
#6162=ORIENTED_EDGE('',*,*,#4539,.F.);
#6163=ORIENTED_EDGE('',*,*,#4536,.T.);
#6164=ORIENTED_EDGE('',*,*,#4405,.F.);
#6165=ORIENTED_EDGE('',*,*,#4540,.F.);
#6166=ORIENTED_EDGE('',*,*,#4541,.F.);
#6167=ORIENTED_EDGE('',*,*,#4538,.T.);
#6168=ORIENTED_EDGE('',*,*,#4407,.F.);
#6169=ORIENTED_EDGE('',*,*,#4542,.F.);
#6170=ORIENTED_EDGE('',*,*,#4543,.F.);
#6171=ORIENTED_EDGE('',*,*,#4540,.T.);
#6172=ORIENTED_EDGE('',*,*,#4409,.F.);
#6173=ORIENTED_EDGE('',*,*,#4544,.F.);
#6174=ORIENTED_EDGE('',*,*,#4545,.F.);
#6175=ORIENTED_EDGE('',*,*,#4542,.T.);
#6176=ORIENTED_EDGE('',*,*,#4411,.F.);
#6177=ORIENTED_EDGE('',*,*,#4546,.F.);
#6178=ORIENTED_EDGE('',*,*,#4547,.F.);
#6179=ORIENTED_EDGE('',*,*,#4544,.T.);
#6180=ORIENTED_EDGE('',*,*,#4413,.F.);
#6181=ORIENTED_EDGE('',*,*,#4548,.F.);
#6182=ORIENTED_EDGE('',*,*,#4549,.F.);
#6183=ORIENTED_EDGE('',*,*,#4546,.T.);
#6184=ORIENTED_EDGE('',*,*,#4415,.F.);
#6185=ORIENTED_EDGE('',*,*,#4550,.F.);
#6186=ORIENTED_EDGE('',*,*,#4551,.F.);
#6187=ORIENTED_EDGE('',*,*,#4548,.T.);
#6188=ORIENTED_EDGE('',*,*,#4417,.F.);
#6189=ORIENTED_EDGE('',*,*,#4552,.F.);
#6190=ORIENTED_EDGE('',*,*,#4553,.F.);
#6191=ORIENTED_EDGE('',*,*,#4550,.T.);
#6192=ORIENTED_EDGE('',*,*,#4419,.F.);
#6193=ORIENTED_EDGE('',*,*,#4554,.F.);
#6194=ORIENTED_EDGE('',*,*,#4555,.F.);
#6195=ORIENTED_EDGE('',*,*,#4552,.T.);
#6196=ORIENTED_EDGE('',*,*,#4421,.F.);
#6197=ORIENTED_EDGE('',*,*,#4556,.F.);
#6198=ORIENTED_EDGE('',*,*,#4557,.F.);
#6199=ORIENTED_EDGE('',*,*,#4554,.T.);
#6200=ORIENTED_EDGE('',*,*,#4423,.F.);
#6201=ORIENTED_EDGE('',*,*,#4558,.F.);
#6202=ORIENTED_EDGE('',*,*,#4559,.F.);
#6203=ORIENTED_EDGE('',*,*,#4556,.T.);
#6204=ORIENTED_EDGE('',*,*,#4424,.F.);
#6205=ORIENTED_EDGE('',*,*,#4560,.F.);
#6206=ORIENTED_EDGE('',*,*,#4561,.F.);
#6207=ORIENTED_EDGE('',*,*,#4558,.T.);
#6208=ORIENTED_EDGE('',*,*,#4426,.F.);
#6209=ORIENTED_EDGE('',*,*,#4562,.F.);
#6210=ORIENTED_EDGE('',*,*,#4563,.F.);
#6211=ORIENTED_EDGE('',*,*,#4560,.T.);
#6212=ORIENTED_EDGE('',*,*,#4428,.F.);
#6213=ORIENTED_EDGE('',*,*,#4564,.F.);
#6214=ORIENTED_EDGE('',*,*,#4565,.F.);
#6215=ORIENTED_EDGE('',*,*,#4562,.T.);
#6216=ORIENTED_EDGE('',*,*,#4325,.F.);
#6217=ORIENTED_EDGE('',*,*,#4566,.F.);
#6218=ORIENTED_EDGE('',*,*,#4567,.F.);
#6219=ORIENTED_EDGE('',*,*,#4564,.T.);
#6220=ORIENTED_EDGE('',*,*,#4328,.F.);
#6221=ORIENTED_EDGE('',*,*,#4568,.F.);
#6222=ORIENTED_EDGE('',*,*,#4569,.F.);
#6223=ORIENTED_EDGE('',*,*,#4566,.T.);
#6224=ORIENTED_EDGE('',*,*,#4003,.T.);
#6225=ORIENTED_EDGE('',*,*,#4044,.F.);
#6226=ORIENTED_EDGE('',*,*,#4570,.F.);
#6227=ORIENTED_EDGE('',*,*,#4571,.T.);
#6228=ORIENTED_EDGE('',*,*,#4315,.T.);
#6229=ORIENTED_EDGE('',*,*,#4572,.F.);
#6230=ORIENTED_EDGE('',*,*,#4329,.T.);
#6231=ORIENTED_EDGE('',*,*,#4573,.F.);
#6232=ORIENTED_EDGE('',*,*,#4342,.T.);
#6233=ORIENTED_EDGE('',*,*,#4574,.F.);
#6234=ORIENTED_EDGE('',*,*,#4575,.F.);
#6235=ORIENTED_EDGE('',*,*,#4576,.T.);
#6236=ORIENTED_EDGE('',*,*,#4572,.T.);
#6237=ORIENTED_EDGE('',*,*,#4576,.F.);
#6238=ORIENTED_EDGE('',*,*,#4577,.F.);
#6239=ORIENTED_EDGE('',*,*,#4578,.T.);
#6240=ORIENTED_EDGE('',*,*,#4573,.T.);
#6241=ORIENTED_EDGE('',*,*,#4578,.F.);
#6242=ORIENTED_EDGE('',*,*,#4579,.F.);
#6243=ORIENTED_EDGE('',*,*,#4580,.T.);
#6244=ORIENTED_EDGE('',*,*,#4574,.T.);
#6245=ORIENTED_EDGE('',*,*,#4580,.F.);
#6246=ORIENTED_EDGE('',*,*,#3962,.T.);
#6247=ORIENTED_EDGE('',*,*,#4581,.F.);
#6248=ORIENTED_EDGE('',*,*,#4582,.F.);
#6249=ORIENTED_EDGE('',*,*,#4121,.T.);
#6250=ORIENTED_EDGE('',*,*,#4041,.T.);
#6251=ORIENTED_EDGE('',*,*,#4583,.F.);
#6252=ORIENTED_EDGE('',*,*,#4584,.F.);
#6253=ORIENTED_EDGE('',*,*,#4581,.T.);
#6254=ORIENTED_EDGE('',*,*,#4040,.T.);
#6255=ORIENTED_EDGE('',*,*,#4585,.F.);
#6256=ORIENTED_EDGE('',*,*,#4586,.F.);
#6257=ORIENTED_EDGE('',*,*,#4583,.T.);
#6258=ORIENTED_EDGE('',*,*,#4039,.T.);
#6259=ORIENTED_EDGE('',*,*,#4587,.F.);
#6260=ORIENTED_EDGE('',*,*,#4588,.F.);
#6261=ORIENTED_EDGE('',*,*,#4585,.T.);
#6262=ORIENTED_EDGE('',*,*,#4038,.T.);
#6263=ORIENTED_EDGE('',*,*,#4589,.F.);
#6264=ORIENTED_EDGE('',*,*,#4590,.F.);
#6265=ORIENTED_EDGE('',*,*,#4587,.T.);
#6266=ORIENTED_EDGE('',*,*,#4037,.T.);
#6267=ORIENTED_EDGE('',*,*,#4591,.F.);
#6268=ORIENTED_EDGE('',*,*,#4592,.F.);
#6269=ORIENTED_EDGE('',*,*,#4589,.T.);
#6270=ORIENTED_EDGE('',*,*,#4036,.T.);
#6271=ORIENTED_EDGE('',*,*,#4593,.F.);
#6272=ORIENTED_EDGE('',*,*,#4594,.F.);
#6273=ORIENTED_EDGE('',*,*,#4591,.T.);
#6274=ORIENTED_EDGE('',*,*,#4035,.T.);
#6275=ORIENTED_EDGE('',*,*,#4595,.F.);
#6276=ORIENTED_EDGE('',*,*,#4596,.F.);
#6277=ORIENTED_EDGE('',*,*,#4593,.T.);
#6278=ORIENTED_EDGE('',*,*,#4034,.T.);
#6279=ORIENTED_EDGE('',*,*,#4597,.F.);
#6280=ORIENTED_EDGE('',*,*,#4598,.F.);
#6281=ORIENTED_EDGE('',*,*,#4595,.T.);
#6282=ORIENTED_EDGE('',*,*,#4033,.T.);
#6283=ORIENTED_EDGE('',*,*,#4599,.F.);
#6284=ORIENTED_EDGE('',*,*,#4600,.F.);
#6285=ORIENTED_EDGE('',*,*,#4597,.T.);
#6286=ORIENTED_EDGE('',*,*,#4032,.T.);
#6287=ORIENTED_EDGE('',*,*,#4601,.F.);
#6288=ORIENTED_EDGE('',*,*,#4602,.F.);
#6289=ORIENTED_EDGE('',*,*,#4599,.T.);
#6290=ORIENTED_EDGE('',*,*,#4031,.T.);
#6291=ORIENTED_EDGE('',*,*,#4603,.F.);
#6292=ORIENTED_EDGE('',*,*,#4604,.F.);
#6293=ORIENTED_EDGE('',*,*,#4601,.T.);
#6294=ORIENTED_EDGE('',*,*,#4030,.T.);
#6295=ORIENTED_EDGE('',*,*,#4605,.F.);
#6296=ORIENTED_EDGE('',*,*,#4606,.F.);
#6297=ORIENTED_EDGE('',*,*,#4603,.T.);
#6298=ORIENTED_EDGE('',*,*,#4029,.T.);
#6299=ORIENTED_EDGE('',*,*,#4607,.F.);
#6300=ORIENTED_EDGE('',*,*,#4608,.F.);
#6301=ORIENTED_EDGE('',*,*,#4605,.T.);
#6302=ORIENTED_EDGE('',*,*,#4028,.T.);
#6303=ORIENTED_EDGE('',*,*,#4609,.F.);
#6304=ORIENTED_EDGE('',*,*,#4610,.F.);
#6305=ORIENTED_EDGE('',*,*,#4607,.T.);
#6306=ORIENTED_EDGE('',*,*,#4027,.T.);
#6307=ORIENTED_EDGE('',*,*,#4611,.F.);
#6308=ORIENTED_EDGE('',*,*,#4612,.F.);
#6309=ORIENTED_EDGE('',*,*,#4609,.T.);
#6310=ORIENTED_EDGE('',*,*,#4026,.T.);
#6311=ORIENTED_EDGE('',*,*,#4613,.F.);
#6312=ORIENTED_EDGE('',*,*,#4614,.F.);
#6313=ORIENTED_EDGE('',*,*,#4611,.T.);
#6314=ORIENTED_EDGE('',*,*,#4025,.T.);
#6315=ORIENTED_EDGE('',*,*,#4615,.F.);
#6316=ORIENTED_EDGE('',*,*,#4616,.F.);
#6317=ORIENTED_EDGE('',*,*,#4613,.T.);
#6318=ORIENTED_EDGE('',*,*,#4024,.T.);
#6319=ORIENTED_EDGE('',*,*,#4617,.F.);
#6320=ORIENTED_EDGE('',*,*,#4618,.F.);
#6321=ORIENTED_EDGE('',*,*,#4615,.T.);
#6322=ORIENTED_EDGE('',*,*,#4023,.T.);
#6323=ORIENTED_EDGE('',*,*,#4619,.F.);
#6324=ORIENTED_EDGE('',*,*,#4620,.F.);
#6325=ORIENTED_EDGE('',*,*,#4617,.T.);
#6326=ORIENTED_EDGE('',*,*,#4022,.T.);
#6327=ORIENTED_EDGE('',*,*,#4621,.F.);
#6328=ORIENTED_EDGE('',*,*,#4622,.F.);
#6329=ORIENTED_EDGE('',*,*,#4619,.T.);
#6330=ORIENTED_EDGE('',*,*,#4021,.T.);
#6331=ORIENTED_EDGE('',*,*,#4623,.F.);
#6332=ORIENTED_EDGE('',*,*,#4624,.F.);
#6333=ORIENTED_EDGE('',*,*,#4621,.T.);
#6334=ORIENTED_EDGE('',*,*,#4020,.T.);
#6335=ORIENTED_EDGE('',*,*,#4625,.F.);
#6336=ORIENTED_EDGE('',*,*,#4626,.F.);
#6337=ORIENTED_EDGE('',*,*,#4623,.T.);
#6338=ORIENTED_EDGE('',*,*,#4019,.T.);
#6339=ORIENTED_EDGE('',*,*,#4627,.F.);
#6340=ORIENTED_EDGE('',*,*,#4628,.F.);
#6341=ORIENTED_EDGE('',*,*,#4625,.T.);
#6342=ORIENTED_EDGE('',*,*,#4018,.T.);
#6343=ORIENTED_EDGE('',*,*,#4629,.F.);
#6344=ORIENTED_EDGE('',*,*,#4630,.F.);
#6345=ORIENTED_EDGE('',*,*,#4627,.T.);
#6346=ORIENTED_EDGE('',*,*,#4017,.T.);
#6347=ORIENTED_EDGE('',*,*,#4631,.F.);
#6348=ORIENTED_EDGE('',*,*,#4632,.F.);
#6349=ORIENTED_EDGE('',*,*,#4629,.T.);
#6350=ORIENTED_EDGE('',*,*,#4016,.T.);
#6351=ORIENTED_EDGE('',*,*,#4633,.F.);
#6352=ORIENTED_EDGE('',*,*,#4634,.F.);
#6353=ORIENTED_EDGE('',*,*,#4631,.T.);
#6354=ORIENTED_EDGE('',*,*,#4015,.T.);
#6355=ORIENTED_EDGE('',*,*,#4635,.F.);
#6356=ORIENTED_EDGE('',*,*,#4636,.F.);
#6357=ORIENTED_EDGE('',*,*,#4633,.T.);
#6358=ORIENTED_EDGE('',*,*,#4014,.T.);
#6359=ORIENTED_EDGE('',*,*,#4637,.F.);
#6360=ORIENTED_EDGE('',*,*,#4638,.F.);
#6361=ORIENTED_EDGE('',*,*,#4635,.T.);
#6362=ORIENTED_EDGE('',*,*,#4013,.T.);
#6363=ORIENTED_EDGE('',*,*,#4639,.F.);
#6364=ORIENTED_EDGE('',*,*,#4640,.F.);
#6365=ORIENTED_EDGE('',*,*,#4637,.T.);
#6366=ORIENTED_EDGE('',*,*,#4012,.T.);
#6367=ORIENTED_EDGE('',*,*,#4641,.F.);
#6368=ORIENTED_EDGE('',*,*,#4642,.F.);
#6369=ORIENTED_EDGE('',*,*,#4639,.T.);
#6370=ORIENTED_EDGE('',*,*,#4011,.T.);
#6371=ORIENTED_EDGE('',*,*,#4643,.F.);
#6372=ORIENTED_EDGE('',*,*,#4644,.F.);
#6373=ORIENTED_EDGE('',*,*,#4641,.T.);
#6374=ORIENTED_EDGE('',*,*,#4010,.T.);
#6375=ORIENTED_EDGE('',*,*,#4645,.F.);
#6376=ORIENTED_EDGE('',*,*,#4646,.F.);
#6377=ORIENTED_EDGE('',*,*,#4643,.T.);
#6378=ORIENTED_EDGE('',*,*,#4009,.T.);
#6379=ORIENTED_EDGE('',*,*,#4647,.F.);
#6380=ORIENTED_EDGE('',*,*,#4648,.F.);
#6381=ORIENTED_EDGE('',*,*,#4645,.T.);
#6382=ORIENTED_EDGE('',*,*,#4008,.T.);
#6383=ORIENTED_EDGE('',*,*,#4649,.F.);
#6384=ORIENTED_EDGE('',*,*,#4650,.F.);
#6385=ORIENTED_EDGE('',*,*,#4647,.T.);
#6386=ORIENTED_EDGE('',*,*,#4007,.T.);
#6387=ORIENTED_EDGE('',*,*,#4651,.F.);
#6388=ORIENTED_EDGE('',*,*,#4652,.F.);
#6389=ORIENTED_EDGE('',*,*,#4649,.T.);
#6390=ORIENTED_EDGE('',*,*,#4006,.T.);
#6391=ORIENTED_EDGE('',*,*,#4653,.F.);
#6392=ORIENTED_EDGE('',*,*,#4654,.F.);
#6393=ORIENTED_EDGE('',*,*,#4651,.T.);
#6394=ORIENTED_EDGE('',*,*,#4005,.T.);
#6395=ORIENTED_EDGE('',*,*,#4655,.F.);
#6396=ORIENTED_EDGE('',*,*,#4656,.F.);
#6397=ORIENTED_EDGE('',*,*,#4653,.T.);
#6398=ORIENTED_EDGE('',*,*,#4004,.T.);
#6399=ORIENTED_EDGE('',*,*,#4571,.F.);
#6400=ORIENTED_EDGE('',*,*,#4657,.F.);
#6401=ORIENTED_EDGE('',*,*,#4655,.T.);
#6402=ORIENTED_EDGE('',*,*,#4430,.F.);
#6403=ORIENTED_EDGE('',*,*,#4658,.F.);
#6404=ORIENTED_EDGE('',*,*,#4659,.F.);
#6405=ORIENTED_EDGE('',*,*,#4568,.T.);
#6406=ORIENTED_EDGE('',*,*,#4432,.F.);
#6407=ORIENTED_EDGE('',*,*,#4660,.F.);
#6408=ORIENTED_EDGE('',*,*,#4661,.F.);
#6409=ORIENTED_EDGE('',*,*,#4658,.T.);
#6410=ORIENTED_EDGE('',*,*,#4433,.F.);
#6411=ORIENTED_EDGE('',*,*,#4662,.F.);
#6412=ORIENTED_EDGE('',*,*,#4663,.F.);
#6413=ORIENTED_EDGE('',*,*,#4660,.T.);
#6414=ORIENTED_EDGE('',*,*,#4435,.F.);
#6415=ORIENTED_EDGE('',*,*,#4664,.F.);
#6416=ORIENTED_EDGE('',*,*,#4665,.F.);
#6417=ORIENTED_EDGE('',*,*,#4662,.T.);
#6418=ORIENTED_EDGE('',*,*,#4437,.F.);
#6419=ORIENTED_EDGE('',*,*,#4666,.F.);
#6420=ORIENTED_EDGE('',*,*,#4667,.F.);
#6421=ORIENTED_EDGE('',*,*,#4664,.T.);
#6422=ORIENTED_EDGE('',*,*,#4439,.F.);
#6423=ORIENTED_EDGE('',*,*,#4668,.F.);
#6424=ORIENTED_EDGE('',*,*,#4669,.F.);
#6425=ORIENTED_EDGE('',*,*,#4666,.T.);
#6426=ORIENTED_EDGE('',*,*,#4441,.F.);
#6427=ORIENTED_EDGE('',*,*,#4670,.F.);
#6428=ORIENTED_EDGE('',*,*,#4671,.F.);
#6429=ORIENTED_EDGE('',*,*,#4668,.T.);
#6430=ORIENTED_EDGE('',*,*,#4443,.F.);
#6431=ORIENTED_EDGE('',*,*,#4672,.F.);
#6432=ORIENTED_EDGE('',*,*,#4673,.F.);
#6433=ORIENTED_EDGE('',*,*,#4670,.T.);
#6434=ORIENTED_EDGE('',*,*,#4445,.F.);
#6435=ORIENTED_EDGE('',*,*,#4674,.F.);
#6436=ORIENTED_EDGE('',*,*,#4675,.F.);
#6437=ORIENTED_EDGE('',*,*,#4672,.T.);
#6438=ORIENTED_EDGE('',*,*,#4447,.F.);
#6439=ORIENTED_EDGE('',*,*,#4676,.F.);
#6440=ORIENTED_EDGE('',*,*,#4677,.F.);
#6441=ORIENTED_EDGE('',*,*,#4674,.T.);
#6442=ORIENTED_EDGE('',*,*,#4449,.F.);
#6443=ORIENTED_EDGE('',*,*,#4678,.F.);
#6444=ORIENTED_EDGE('',*,*,#4679,.F.);
#6445=ORIENTED_EDGE('',*,*,#4676,.T.);
#6446=ORIENTED_EDGE('',*,*,#4451,.F.);
#6447=ORIENTED_EDGE('',*,*,#4680,.F.);
#6448=ORIENTED_EDGE('',*,*,#4681,.F.);
#6449=ORIENTED_EDGE('',*,*,#4678,.T.);
#6450=ORIENTED_EDGE('',*,*,#4453,.F.);
#6451=ORIENTED_EDGE('',*,*,#4682,.F.);
#6452=ORIENTED_EDGE('',*,*,#4683,.F.);
#6453=ORIENTED_EDGE('',*,*,#4680,.T.);
#6454=ORIENTED_EDGE('',*,*,#4455,.F.);
#6455=ORIENTED_EDGE('',*,*,#4684,.F.);
#6456=ORIENTED_EDGE('',*,*,#4685,.F.);
#6457=ORIENTED_EDGE('',*,*,#4682,.T.);
#6458=ORIENTED_EDGE('',*,*,#4381,.F.);
#6459=ORIENTED_EDGE('',*,*,#4686,.F.);
#6460=ORIENTED_EDGE('',*,*,#4687,.F.);
#6461=ORIENTED_EDGE('',*,*,#4684,.T.);
#6462=ORIENTED_EDGE('',*,*,#4456,.F.);
#6463=ORIENTED_EDGE('',*,*,#4688,.F.);
#6464=ORIENTED_EDGE('',*,*,#4689,.F.);
#6465=ORIENTED_EDGE('',*,*,#4686,.T.);
#6466=ORIENTED_EDGE('',*,*,#4458,.F.);
#6467=ORIENTED_EDGE('',*,*,#4690,.F.);
#6468=ORIENTED_EDGE('',*,*,#4691,.F.);
#6469=ORIENTED_EDGE('',*,*,#4688,.T.);
#6470=ORIENTED_EDGE('',*,*,#4460,.F.);
#6471=ORIENTED_EDGE('',*,*,#4692,.F.);
#6472=ORIENTED_EDGE('',*,*,#4693,.F.);
#6473=ORIENTED_EDGE('',*,*,#4690,.T.);
#6474=ORIENTED_EDGE('',*,*,#4463,.F.);
#6475=ORIENTED_EDGE('',*,*,#4694,.F.);
#6476=ORIENTED_EDGE('',*,*,#4695,.F.);
#6477=ORIENTED_EDGE('',*,*,#4692,.T.);
#6478=ORIENTED_EDGE('',*,*,#4465,.F.);
#6479=ORIENTED_EDGE('',*,*,#4696,.F.);
#6480=ORIENTED_EDGE('',*,*,#4697,.F.);
#6481=ORIENTED_EDGE('',*,*,#4694,.T.);
#6482=ORIENTED_EDGE('',*,*,#4467,.F.);
#6483=ORIENTED_EDGE('',*,*,#4698,.F.);
#6484=ORIENTED_EDGE('',*,*,#4699,.F.);
#6485=ORIENTED_EDGE('',*,*,#4696,.T.);
#6486=ORIENTED_EDGE('',*,*,#4469,.F.);
#6487=ORIENTED_EDGE('',*,*,#4700,.F.);
#6488=ORIENTED_EDGE('',*,*,#4701,.F.);
#6489=ORIENTED_EDGE('',*,*,#4698,.T.);
#6490=ORIENTED_EDGE('',*,*,#4471,.F.);
#6491=ORIENTED_EDGE('',*,*,#4702,.F.);
#6492=ORIENTED_EDGE('',*,*,#4703,.F.);
#6493=ORIENTED_EDGE('',*,*,#4700,.T.);
#6494=ORIENTED_EDGE('',*,*,#4473,.F.);
#6495=ORIENTED_EDGE('',*,*,#4704,.F.);
#6496=ORIENTED_EDGE('',*,*,#4705,.F.);
#6497=ORIENTED_EDGE('',*,*,#4702,.T.);
#6498=ORIENTED_EDGE('',*,*,#4475,.F.);
#6499=ORIENTED_EDGE('',*,*,#4706,.F.);
#6500=ORIENTED_EDGE('',*,*,#4707,.F.);
#6501=ORIENTED_EDGE('',*,*,#4704,.T.);
#6502=ORIENTED_EDGE('',*,*,#4477,.F.);
#6503=ORIENTED_EDGE('',*,*,#4708,.F.);
#6504=ORIENTED_EDGE('',*,*,#4709,.F.);
#6505=ORIENTED_EDGE('',*,*,#4706,.T.);
#6506=ORIENTED_EDGE('',*,*,#4311,.F.);
#6507=ORIENTED_EDGE('',*,*,#4710,.F.);
#6508=ORIENTED_EDGE('',*,*,#4711,.F.);
#6509=ORIENTED_EDGE('',*,*,#4708,.T.);
#6510=ORIENTED_EDGE('',*,*,#4314,.F.);
#6511=ORIENTED_EDGE('',*,*,#4712,.F.);
#6512=ORIENTED_EDGE('',*,*,#4713,.F.);
#6513=ORIENTED_EDGE('',*,*,#4710,.T.);
#6514=ORIENTED_EDGE('',*,*,#4479,.F.);
#6515=ORIENTED_EDGE('',*,*,#4714,.F.);
#6516=ORIENTED_EDGE('',*,*,#4715,.F.);
#6517=ORIENTED_EDGE('',*,*,#4712,.T.);
#6518=ORIENTED_EDGE('',*,*,#4481,.F.);
#6519=ORIENTED_EDGE('',*,*,#4716,.F.);
#6520=ORIENTED_EDGE('',*,*,#4717,.F.);
#6521=ORIENTED_EDGE('',*,*,#4714,.T.);
#6522=ORIENTED_EDGE('',*,*,#4482,.F.);
#6523=ORIENTED_EDGE('',*,*,#4718,.F.);
#6524=ORIENTED_EDGE('',*,*,#4719,.F.);
#6525=ORIENTED_EDGE('',*,*,#4716,.T.);
#6526=ORIENTED_EDGE('',*,*,#4484,.F.);
#6527=ORIENTED_EDGE('',*,*,#4720,.F.);
#6528=ORIENTED_EDGE('',*,*,#4721,.F.);
#6529=ORIENTED_EDGE('',*,*,#4718,.T.);
#6530=ORIENTED_EDGE('',*,*,#4486,.F.);
#6531=ORIENTED_EDGE('',*,*,#4722,.F.);
#6532=ORIENTED_EDGE('',*,*,#4723,.F.);
#6533=ORIENTED_EDGE('',*,*,#4720,.T.);
#6534=ORIENTED_EDGE('',*,*,#4488,.F.);
#6535=ORIENTED_EDGE('',*,*,#4724,.F.);
#6536=ORIENTED_EDGE('',*,*,#4725,.F.);
#6537=ORIENTED_EDGE('',*,*,#4722,.T.);
#6538=ORIENTED_EDGE('',*,*,#4345,.F.);
#6539=ORIENTED_EDGE('',*,*,#4726,.F.);
#6540=ORIENTED_EDGE('',*,*,#4727,.F.);
#6541=ORIENTED_EDGE('',*,*,#4724,.T.);
#6542=ORIENTED_EDGE('',*,*,#4348,.F.);
#6543=ORIENTED_EDGE('',*,*,#4728,.F.);
#6544=ORIENTED_EDGE('',*,*,#4729,.F.);
#6545=ORIENTED_EDGE('',*,*,#4726,.T.);
#6546=ORIENTED_EDGE('',*,*,#4350,.F.);
#6547=ORIENTED_EDGE('',*,*,#4730,.F.);
#6548=ORIENTED_EDGE('',*,*,#4731,.F.);
#6549=ORIENTED_EDGE('',*,*,#4728,.T.);
#6550=ORIENTED_EDGE('',*,*,#4352,.F.);
#6551=ORIENTED_EDGE('',*,*,#4732,.F.);
#6552=ORIENTED_EDGE('',*,*,#4733,.F.);
#6553=ORIENTED_EDGE('',*,*,#4730,.T.);
#6554=ORIENTED_EDGE('',*,*,#4354,.F.);
#6555=ORIENTED_EDGE('',*,*,#4734,.F.);
#6556=ORIENTED_EDGE('',*,*,#4735,.F.);
#6557=ORIENTED_EDGE('',*,*,#4732,.T.);
#6558=ORIENTED_EDGE('',*,*,#4356,.F.);
#6559=ORIENTED_EDGE('',*,*,#4491,.F.);
#6560=ORIENTED_EDGE('',*,*,#4736,.F.);
#6561=ORIENTED_EDGE('',*,*,#4734,.T.);
#6562=ORIENTED_EDGE('',*,*,#4559,.T.);
#6563=ORIENTED_EDGE('',*,*,#4561,.T.);
#6564=ORIENTED_EDGE('',*,*,#4563,.T.);
#6565=ORIENTED_EDGE('',*,*,#4565,.T.);
#6566=ORIENTED_EDGE('',*,*,#4567,.T.);
#6567=ORIENTED_EDGE('',*,*,#4569,.T.);
#6568=ORIENTED_EDGE('',*,*,#4659,.T.);
#6569=ORIENTED_EDGE('',*,*,#4661,.T.);
#6570=ORIENTED_EDGE('',*,*,#4663,.T.);
#6571=ORIENTED_EDGE('',*,*,#4665,.T.);
#6572=ORIENTED_EDGE('',*,*,#4667,.T.);
#6573=ORIENTED_EDGE('',*,*,#4669,.T.);
#6574=ORIENTED_EDGE('',*,*,#4671,.T.);
#6575=ORIENTED_EDGE('',*,*,#4673,.T.);
#6576=ORIENTED_EDGE('',*,*,#4675,.T.);
#6577=ORIENTED_EDGE('',*,*,#4677,.T.);
#6578=ORIENTED_EDGE('',*,*,#4679,.T.);
#6579=ORIENTED_EDGE('',*,*,#4681,.T.);
#6580=ORIENTED_EDGE('',*,*,#4683,.T.);
#6581=ORIENTED_EDGE('',*,*,#4685,.T.);
#6582=ORIENTED_EDGE('',*,*,#4687,.T.);
#6583=ORIENTED_EDGE('',*,*,#4689,.T.);
#6584=ORIENTED_EDGE('',*,*,#4691,.T.);
#6585=ORIENTED_EDGE('',*,*,#4693,.T.);
#6586=ORIENTED_EDGE('',*,*,#4695,.T.);
#6587=ORIENTED_EDGE('',*,*,#4697,.T.);
#6588=ORIENTED_EDGE('',*,*,#4699,.T.);
#6589=ORIENTED_EDGE('',*,*,#4701,.T.);
#6590=ORIENTED_EDGE('',*,*,#4703,.T.);
#6591=ORIENTED_EDGE('',*,*,#4705,.T.);
#6592=ORIENTED_EDGE('',*,*,#4707,.T.);
#6593=ORIENTED_EDGE('',*,*,#4709,.T.);
#6594=ORIENTED_EDGE('',*,*,#4711,.T.);
#6595=ORIENTED_EDGE('',*,*,#4713,.T.);
#6596=ORIENTED_EDGE('',*,*,#4715,.T.);
#6597=ORIENTED_EDGE('',*,*,#4717,.T.);
#6598=ORIENTED_EDGE('',*,*,#4719,.T.);
#6599=ORIENTED_EDGE('',*,*,#4721,.T.);
#6600=ORIENTED_EDGE('',*,*,#4723,.T.);
#6601=ORIENTED_EDGE('',*,*,#4725,.T.);
#6602=ORIENTED_EDGE('',*,*,#4727,.T.);
#6603=ORIENTED_EDGE('',*,*,#4729,.T.);
#6604=ORIENTED_EDGE('',*,*,#4731,.T.);
#6605=ORIENTED_EDGE('',*,*,#4733,.T.);
#6606=ORIENTED_EDGE('',*,*,#4735,.T.);
#6607=ORIENTED_EDGE('',*,*,#4736,.T.);
#6608=ORIENTED_EDGE('',*,*,#4490,.T.);
#6609=ORIENTED_EDGE('',*,*,#4493,.T.);
#6610=ORIENTED_EDGE('',*,*,#4495,.T.);
#6611=ORIENTED_EDGE('',*,*,#4497,.T.);
#6612=ORIENTED_EDGE('',*,*,#4499,.T.);
#6613=ORIENTED_EDGE('',*,*,#4501,.T.);
#6614=ORIENTED_EDGE('',*,*,#4503,.T.);
#6615=ORIENTED_EDGE('',*,*,#4505,.T.);
#6616=ORIENTED_EDGE('',*,*,#4507,.T.);
#6617=ORIENTED_EDGE('',*,*,#4509,.T.);
#6618=ORIENTED_EDGE('',*,*,#4511,.T.);
#6619=ORIENTED_EDGE('',*,*,#4513,.T.);
#6620=ORIENTED_EDGE('',*,*,#4515,.T.);
#6621=ORIENTED_EDGE('',*,*,#4517,.T.);
#6622=ORIENTED_EDGE('',*,*,#4519,.T.);
#6623=ORIENTED_EDGE('',*,*,#4521,.T.);
#6624=ORIENTED_EDGE('',*,*,#4523,.T.);
#6625=ORIENTED_EDGE('',*,*,#4525,.T.);
#6626=ORIENTED_EDGE('',*,*,#4527,.T.);
#6627=ORIENTED_EDGE('',*,*,#4529,.T.);
#6628=ORIENTED_EDGE('',*,*,#4531,.T.);
#6629=ORIENTED_EDGE('',*,*,#4533,.T.);
#6630=ORIENTED_EDGE('',*,*,#4535,.T.);
#6631=ORIENTED_EDGE('',*,*,#4537,.T.);
#6632=ORIENTED_EDGE('',*,*,#4539,.T.);
#6633=ORIENTED_EDGE('',*,*,#4541,.T.);
#6634=ORIENTED_EDGE('',*,*,#4543,.T.);
#6635=ORIENTED_EDGE('',*,*,#4545,.T.);
#6636=ORIENTED_EDGE('',*,*,#4547,.T.);
#6637=ORIENTED_EDGE('',*,*,#4549,.T.);
#6638=ORIENTED_EDGE('',*,*,#4551,.T.);
#6639=ORIENTED_EDGE('',*,*,#4553,.T.);
#6640=ORIENTED_EDGE('',*,*,#4555,.T.);
#6641=ORIENTED_EDGE('',*,*,#4557,.T.);
#6642=ORIENTED_EDGE('',*,*,#4575,.T.);
#6643=ORIENTED_EDGE('',*,*,#4577,.T.);
#6644=ORIENTED_EDGE('',*,*,#4579,.T.);
#6645=ORIENTED_EDGE('',*,*,#4118,.T.);
#6646=ORIENTED_EDGE('',*,*,#4120,.T.);
#6647=ORIENTED_EDGE('',*,*,#4122,.T.);
#6648=ORIENTED_EDGE('',*,*,#4582,.T.);
#6649=ORIENTED_EDGE('',*,*,#4584,.T.);
#6650=ORIENTED_EDGE('',*,*,#4586,.T.);
#6651=ORIENTED_EDGE('',*,*,#4588,.T.);
#6652=ORIENTED_EDGE('',*,*,#4590,.T.);
#6653=ORIENTED_EDGE('',*,*,#4592,.T.);
#6654=ORIENTED_EDGE('',*,*,#4594,.T.);
#6655=ORIENTED_EDGE('',*,*,#4596,.T.);
#6656=ORIENTED_EDGE('',*,*,#4598,.T.);
#6657=ORIENTED_EDGE('',*,*,#4600,.T.);
#6658=ORIENTED_EDGE('',*,*,#4602,.T.);
#6659=ORIENTED_EDGE('',*,*,#4604,.T.);
#6660=ORIENTED_EDGE('',*,*,#4606,.T.);
#6661=ORIENTED_EDGE('',*,*,#4608,.T.);
#6662=ORIENTED_EDGE('',*,*,#4610,.T.);
#6663=ORIENTED_EDGE('',*,*,#4612,.T.);
#6664=ORIENTED_EDGE('',*,*,#4614,.T.);
#6665=ORIENTED_EDGE('',*,*,#4616,.T.);
#6666=ORIENTED_EDGE('',*,*,#4618,.T.);
#6667=ORIENTED_EDGE('',*,*,#4620,.T.);
#6668=ORIENTED_EDGE('',*,*,#4622,.T.);
#6669=ORIENTED_EDGE('',*,*,#4624,.T.);
#6670=ORIENTED_EDGE('',*,*,#4626,.T.);
#6671=ORIENTED_EDGE('',*,*,#4628,.T.);
#6672=ORIENTED_EDGE('',*,*,#4630,.T.);
#6673=ORIENTED_EDGE('',*,*,#4632,.T.);
#6674=ORIENTED_EDGE('',*,*,#4634,.T.);
#6675=ORIENTED_EDGE('',*,*,#4636,.T.);
#6676=ORIENTED_EDGE('',*,*,#4638,.T.);
#6677=ORIENTED_EDGE('',*,*,#4640,.T.);
#6678=ORIENTED_EDGE('',*,*,#4642,.T.);
#6679=ORIENTED_EDGE('',*,*,#4644,.T.);
#6680=ORIENTED_EDGE('',*,*,#4646,.T.);
#6681=ORIENTED_EDGE('',*,*,#4648,.T.);
#6682=ORIENTED_EDGE('',*,*,#4650,.T.);
#6683=ORIENTED_EDGE('',*,*,#4652,.T.);
#6684=ORIENTED_EDGE('',*,*,#4654,.T.);
#6685=ORIENTED_EDGE('',*,*,#4656,.T.);
#6686=ORIENTED_EDGE('',*,*,#4657,.T.);
#6687=ORIENTED_EDGE('',*,*,#4570,.T.);
#6688=ORIENTED_EDGE('',*,*,#4043,.T.);
#6689=ORIENTED_EDGE('',*,*,#4046,.T.);
#6690=ORIENTED_EDGE('',*,*,#4048,.T.);
#6691=ORIENTED_EDGE('',*,*,#4050,.T.);
#6692=ORIENTED_EDGE('',*,*,#4052,.T.);
#6693=ORIENTED_EDGE('',*,*,#4054,.T.);
#6694=ORIENTED_EDGE('',*,*,#4056,.T.);
#6695=ORIENTED_EDGE('',*,*,#4058,.T.);
#6696=ORIENTED_EDGE('',*,*,#4060,.T.);
#6697=ORIENTED_EDGE('',*,*,#4062,.T.);
#6698=ORIENTED_EDGE('',*,*,#4064,.T.);
#6699=ORIENTED_EDGE('',*,*,#4066,.T.);
#6700=ORIENTED_EDGE('',*,*,#4068,.T.);
#6701=ORIENTED_EDGE('',*,*,#4070,.T.);
#6702=ORIENTED_EDGE('',*,*,#4072,.T.);
#6703=ORIENTED_EDGE('',*,*,#4074,.T.);
#6704=ORIENTED_EDGE('',*,*,#4076,.T.);
#6705=ORIENTED_EDGE('',*,*,#4078,.T.);
#6706=ORIENTED_EDGE('',*,*,#4080,.T.);
#6707=ORIENTED_EDGE('',*,*,#4082,.T.);
#6708=ORIENTED_EDGE('',*,*,#4084,.T.);
#6709=ORIENTED_EDGE('',*,*,#4086,.T.);
#6710=ORIENTED_EDGE('',*,*,#4088,.T.);
#6711=ORIENTED_EDGE('',*,*,#4090,.T.);
#6712=ORIENTED_EDGE('',*,*,#4092,.T.);
#6713=ORIENTED_EDGE('',*,*,#4094,.T.);
#6714=ORIENTED_EDGE('',*,*,#4096,.T.);
#6715=ORIENTED_EDGE('',*,*,#4098,.T.);
#6716=ORIENTED_EDGE('',*,*,#4100,.T.);
#6717=ORIENTED_EDGE('',*,*,#4102,.T.);
#6718=ORIENTED_EDGE('',*,*,#4104,.T.);
#6719=ORIENTED_EDGE('',*,*,#4106,.T.);
#6720=ORIENTED_EDGE('',*,*,#4108,.T.);
#6721=ORIENTED_EDGE('',*,*,#4110,.T.);
#6722=ORIENTED_EDGE('',*,*,#4112,.T.);
#6723=ORIENTED_EDGE('',*,*,#4114,.T.);
#6724=ORIENTED_EDGE('',*,*,#4116,.T.);
#6725=ORIENTED_EDGE('',*,*,#4737,.F.);
#6726=ORIENTED_EDGE('',*,*,#4738,.T.);
#6727=ORIENTED_EDGE('',*,*,#4176,.F.);
#6728=ORIENTED_EDGE('',*,*,#4739,.F.);
#6729=ORIENTED_EDGE('',*,*,#4740,.F.);
#6730=ORIENTED_EDGE('',*,*,#4739,.T.);
#6731=ORIENTED_EDGE('',*,*,#4175,.F.);
#6732=ORIENTED_EDGE('',*,*,#4741,.F.);
#6733=ORIENTED_EDGE('',*,*,#4742,.F.);
#6734=ORIENTED_EDGE('',*,*,#4741,.T.);
#6735=ORIENTED_EDGE('',*,*,#4174,.F.);
#6736=ORIENTED_EDGE('',*,*,#4743,.F.);
#6737=ORIENTED_EDGE('',*,*,#4744,.F.);
#6738=ORIENTED_EDGE('',*,*,#4743,.T.);
#6739=ORIENTED_EDGE('',*,*,#4173,.F.);
#6740=ORIENTED_EDGE('',*,*,#4745,.F.);
#6741=ORIENTED_EDGE('',*,*,#4746,.F.);
#6742=ORIENTED_EDGE('',*,*,#4745,.T.);
#6743=ORIENTED_EDGE('',*,*,#4172,.F.);
#6744=ORIENTED_EDGE('',*,*,#4747,.F.);
#6745=ORIENTED_EDGE('',*,*,#4748,.F.);
#6746=ORIENTED_EDGE('',*,*,#4749,.T.);
#6747=ORIENTED_EDGE('',*,*,#4177,.F.);
#6748=ORIENTED_EDGE('',*,*,#4738,.F.);
#6749=ORIENTED_EDGE('',*,*,#4750,.F.);
#6750=ORIENTED_EDGE('',*,*,#4751,.T.);
#6751=ORIENTED_EDGE('',*,*,#4178,.F.);
#6752=ORIENTED_EDGE('',*,*,#4749,.F.);
#6753=ORIENTED_EDGE('',*,*,#4752,.F.);
#6754=ORIENTED_EDGE('',*,*,#4747,.T.);
#6755=ORIENTED_EDGE('',*,*,#4179,.F.);
#6756=ORIENTED_EDGE('',*,*,#4751,.F.);
#6757=ORIENTED_EDGE('',*,*,#4753,.F.);
#6758=ORIENTED_EDGE('',*,*,#4754,.T.);
#6759=ORIENTED_EDGE('',*,*,#4168,.F.);
#6760=ORIENTED_EDGE('',*,*,#4755,.F.);
#6761=ORIENTED_EDGE('',*,*,#4756,.F.);
#6762=ORIENTED_EDGE('',*,*,#4755,.T.);
#6763=ORIENTED_EDGE('',*,*,#4167,.F.);
#6764=ORIENTED_EDGE('',*,*,#4757,.F.);
#6765=ORIENTED_EDGE('',*,*,#4758,.F.);
#6766=ORIENTED_EDGE('',*,*,#4757,.T.);
#6767=ORIENTED_EDGE('',*,*,#4166,.F.);
#6768=ORIENTED_EDGE('',*,*,#4759,.F.);
#6769=ORIENTED_EDGE('',*,*,#4760,.F.);
#6770=ORIENTED_EDGE('',*,*,#4759,.T.);
#6771=ORIENTED_EDGE('',*,*,#4165,.F.);
#6772=ORIENTED_EDGE('',*,*,#4761,.F.);
#6773=ORIENTED_EDGE('',*,*,#4762,.F.);
#6774=ORIENTED_EDGE('',*,*,#4761,.T.);
#6775=ORIENTED_EDGE('',*,*,#4164,.F.);
#6776=ORIENTED_EDGE('',*,*,#4763,.F.);
#6777=ORIENTED_EDGE('',*,*,#4764,.F.);
#6778=ORIENTED_EDGE('',*,*,#4765,.T.);
#6779=ORIENTED_EDGE('',*,*,#4169,.F.);
#6780=ORIENTED_EDGE('',*,*,#4754,.F.);
#6781=ORIENTED_EDGE('',*,*,#4766,.F.);
#6782=ORIENTED_EDGE('',*,*,#4767,.T.);
#6783=ORIENTED_EDGE('',*,*,#4170,.F.);
#6784=ORIENTED_EDGE('',*,*,#4765,.F.);
#6785=ORIENTED_EDGE('',*,*,#4768,.F.);
#6786=ORIENTED_EDGE('',*,*,#4763,.T.);
#6787=ORIENTED_EDGE('',*,*,#4171,.F.);
#6788=ORIENTED_EDGE('',*,*,#4767,.F.);
#6789=ORIENTED_EDGE('',*,*,#4769,.F.);
#6790=ORIENTED_EDGE('',*,*,#4770,.T.);
#6791=ORIENTED_EDGE('',*,*,#4160,.F.);
#6792=ORIENTED_EDGE('',*,*,#4771,.F.);
#6793=ORIENTED_EDGE('',*,*,#4772,.F.);
#6794=ORIENTED_EDGE('',*,*,#4771,.T.);
#6795=ORIENTED_EDGE('',*,*,#4159,.F.);
#6796=ORIENTED_EDGE('',*,*,#4773,.F.);
#6797=ORIENTED_EDGE('',*,*,#4774,.F.);
#6798=ORIENTED_EDGE('',*,*,#4773,.T.);
#6799=ORIENTED_EDGE('',*,*,#4158,.F.);
#6800=ORIENTED_EDGE('',*,*,#4775,.F.);
#6801=ORIENTED_EDGE('',*,*,#4776,.F.);
#6802=ORIENTED_EDGE('',*,*,#4775,.T.);
#6803=ORIENTED_EDGE('',*,*,#4157,.F.);
#6804=ORIENTED_EDGE('',*,*,#4777,.F.);
#6805=ORIENTED_EDGE('',*,*,#4778,.F.);
#6806=ORIENTED_EDGE('',*,*,#4777,.T.);
#6807=ORIENTED_EDGE('',*,*,#4156,.F.);
#6808=ORIENTED_EDGE('',*,*,#4779,.F.);
#6809=ORIENTED_EDGE('',*,*,#4780,.F.);
#6810=ORIENTED_EDGE('',*,*,#4781,.T.);
#6811=ORIENTED_EDGE('',*,*,#4161,.F.);
#6812=ORIENTED_EDGE('',*,*,#4770,.F.);
#6813=ORIENTED_EDGE('',*,*,#4782,.F.);
#6814=ORIENTED_EDGE('',*,*,#4783,.T.);
#6815=ORIENTED_EDGE('',*,*,#4162,.F.);
#6816=ORIENTED_EDGE('',*,*,#4781,.F.);
#6817=ORIENTED_EDGE('',*,*,#4784,.F.);
#6818=ORIENTED_EDGE('',*,*,#4779,.T.);
#6819=ORIENTED_EDGE('',*,*,#4163,.F.);
#6820=ORIENTED_EDGE('',*,*,#4783,.F.);
#6821=ORIENTED_EDGE('',*,*,#4785,.F.);
#6822=ORIENTED_EDGE('',*,*,#4786,.F.);
#6823=ORIENTED_EDGE('',*,*,#4296,.F.);
#6824=ORIENTED_EDGE('',*,*,#4299,.F.);
#6825=ORIENTED_EDGE('',*,*,#4301,.F.);
#6826=ORIENTED_EDGE('',*,*,#4303,.F.);
#6827=ORIENTED_EDGE('',*,*,#4787,.F.);
#6828=ORIENTED_EDGE('',*,*,#4788,.F.);
#6829=ORIENTED_EDGE('',*,*,#4746,.T.);
#6830=ORIENTED_EDGE('',*,*,#4752,.T.);
#6831=ORIENTED_EDGE('',*,*,#4750,.T.);
#6832=ORIENTED_EDGE('',*,*,#4748,.T.);
#6833=ORIENTED_EDGE('',*,*,#4737,.T.);
#6834=ORIENTED_EDGE('',*,*,#4740,.T.);
#6835=ORIENTED_EDGE('',*,*,#4742,.T.);
#6836=ORIENTED_EDGE('',*,*,#4744,.T.);
#6837=ORIENTED_EDGE('',*,*,#4762,.T.);
#6838=ORIENTED_EDGE('',*,*,#4768,.T.);
#6839=ORIENTED_EDGE('',*,*,#4766,.T.);
#6840=ORIENTED_EDGE('',*,*,#4764,.T.);
#6841=ORIENTED_EDGE('',*,*,#4753,.T.);
#6842=ORIENTED_EDGE('',*,*,#4756,.T.);
#6843=ORIENTED_EDGE('',*,*,#4758,.T.);
#6844=ORIENTED_EDGE('',*,*,#4760,.T.);
#6845=ORIENTED_EDGE('',*,*,#4778,.T.);
#6846=ORIENTED_EDGE('',*,*,#4784,.T.);
#6847=ORIENTED_EDGE('',*,*,#4782,.T.);
#6848=ORIENTED_EDGE('',*,*,#4780,.T.);
#6849=ORIENTED_EDGE('',*,*,#4769,.T.);
#6850=ORIENTED_EDGE('',*,*,#4772,.T.);
#6851=ORIENTED_EDGE('',*,*,#4774,.T.);
#6852=ORIENTED_EDGE('',*,*,#4776,.T.);
#6853=ORIENTED_EDGE('',*,*,#4289,.F.);
#6854=ORIENTED_EDGE('',*,*,#4297,.T.);
#6855=ORIENTED_EDGE('',*,*,#4786,.T.);
#6856=ORIENTED_EDGE('',*,*,#4789,.F.);
#6857=ORIENTED_EDGE('',*,*,#4291,.F.);
#6858=ORIENTED_EDGE('',*,*,#4789,.T.);
#6859=ORIENTED_EDGE('',*,*,#4785,.T.);
#6860=ORIENTED_EDGE('',*,*,#4790,.F.);
#6861=ORIENTED_EDGE('',*,*,#4144,.F.);
#6862=ORIENTED_EDGE('',*,*,#4791,.F.);
#6863=ORIENTED_EDGE('',*,*,#4792,.F.);
#6864=ORIENTED_EDGE('',*,*,#4793,.T.);
#6865=ORIENTED_EDGE('',*,*,#4146,.F.);
#6866=ORIENTED_EDGE('',*,*,#4793,.F.);
#6867=ORIENTED_EDGE('',*,*,#4794,.F.);
#6868=ORIENTED_EDGE('',*,*,#4154,.T.);
#6869=ORIENTED_EDGE('',*,*,#4293,.F.);
#6870=ORIENTED_EDGE('',*,*,#4790,.T.);
#6871=ORIENTED_EDGE('',*,*,#4788,.T.);
#6872=ORIENTED_EDGE('',*,*,#4795,.F.);
#6873=ORIENTED_EDGE('',*,*,#4294,.F.);
#6874=ORIENTED_EDGE('',*,*,#4795,.T.);
#6875=ORIENTED_EDGE('',*,*,#4787,.T.);
#6876=ORIENTED_EDGE('',*,*,#4302,.F.);
#6877=ORIENTED_EDGE('',*,*,#4141,.F.);
#6878=ORIENTED_EDGE('',*,*,#4796,.F.);
#6879=ORIENTED_EDGE('',*,*,#4797,.F.);
#6880=ORIENTED_EDGE('',*,*,#4791,.T.);
#6881=ORIENTED_EDGE('',*,*,#4138,.F.);
#6882=ORIENTED_EDGE('',*,*,#4149,.F.);
#6883=ORIENTED_EDGE('',*,*,#4798,.F.);
#6884=ORIENTED_EDGE('',*,*,#4796,.T.);
#6885=ORIENTED_EDGE('',*,*,#3722,.T.);
#6886=ORIENTED_EDGE('',*,*,#3726,.T.);
#6887=ORIENTED_EDGE('',*,*,#3729,.T.);
#6888=ORIENTED_EDGE('',*,*,#3732,.T.);
#6889=ORIENTED_EDGE('',*,*,#3735,.T.);
#6890=ORIENTED_EDGE('',*,*,#3738,.T.);
#6891=ORIENTED_EDGE('',*,*,#3741,.T.);
#6892=ORIENTED_EDGE('',*,*,#3744,.T.);
#6893=ORIENTED_EDGE('',*,*,#3747,.T.);
#6894=ORIENTED_EDGE('',*,*,#3750,.T.);
#6895=ORIENTED_EDGE('',*,*,#3753,.T.);
#6896=ORIENTED_EDGE('',*,*,#3756,.T.);
#6897=ORIENTED_EDGE('',*,*,#3759,.T.);
#6898=ORIENTED_EDGE('',*,*,#3762,.T.);
#6899=ORIENTED_EDGE('',*,*,#3765,.T.);
#6900=ORIENTED_EDGE('',*,*,#3768,.T.);
#6901=ORIENTED_EDGE('',*,*,#3771,.T.);
#6902=ORIENTED_EDGE('',*,*,#3774,.T.);
#6903=ORIENTED_EDGE('',*,*,#3777,.T.);
#6904=ORIENTED_EDGE('',*,*,#3780,.T.);
#6905=ORIENTED_EDGE('',*,*,#3783,.T.);
#6906=ORIENTED_EDGE('',*,*,#3786,.T.);
#6907=ORIENTED_EDGE('',*,*,#3789,.T.);
#6908=ORIENTED_EDGE('',*,*,#3792,.T.);
#6909=ORIENTED_EDGE('',*,*,#3795,.T.);
#6910=ORIENTED_EDGE('',*,*,#3798,.T.);
#6911=ORIENTED_EDGE('',*,*,#3801,.T.);
#6912=ORIENTED_EDGE('',*,*,#3804,.T.);
#6913=ORIENTED_EDGE('',*,*,#3807,.T.);
#6914=ORIENTED_EDGE('',*,*,#3810,.T.);
#6915=ORIENTED_EDGE('',*,*,#3813,.T.);
#6916=ORIENTED_EDGE('',*,*,#3816,.T.);
#6917=ORIENTED_EDGE('',*,*,#3819,.T.);
#6918=ORIENTED_EDGE('',*,*,#3822,.T.);
#6919=ORIENTED_EDGE('',*,*,#3825,.T.);
#6920=ORIENTED_EDGE('',*,*,#3828,.T.);
#6921=ORIENTED_EDGE('',*,*,#3831,.T.);
#6922=ORIENTED_EDGE('',*,*,#3834,.T.);
#6923=ORIENTED_EDGE('',*,*,#3837,.T.);
#6924=ORIENTED_EDGE('',*,*,#3840,.T.);
#6925=ORIENTED_EDGE('',*,*,#3843,.T.);
#6926=ORIENTED_EDGE('',*,*,#3846,.T.);
#6927=ORIENTED_EDGE('',*,*,#3849,.T.);
#6928=ORIENTED_EDGE('',*,*,#3852,.T.);
#6929=ORIENTED_EDGE('',*,*,#3855,.T.);
#6930=ORIENTED_EDGE('',*,*,#3858,.T.);
#6931=ORIENTED_EDGE('',*,*,#3861,.T.);
#6932=ORIENTED_EDGE('',*,*,#3864,.T.);
#6933=ORIENTED_EDGE('',*,*,#3867,.T.);
#6934=ORIENTED_EDGE('',*,*,#3870,.T.);
#6935=ORIENTED_EDGE('',*,*,#3873,.T.);
#6936=ORIENTED_EDGE('',*,*,#3876,.T.);
#6937=ORIENTED_EDGE('',*,*,#3879,.T.);
#6938=ORIENTED_EDGE('',*,*,#3882,.T.);
#6939=ORIENTED_EDGE('',*,*,#3885,.T.);
#6940=ORIENTED_EDGE('',*,*,#3888,.T.);
#6941=ORIENTED_EDGE('',*,*,#3891,.T.);
#6942=ORIENTED_EDGE('',*,*,#3894,.T.);
#6943=ORIENTED_EDGE('',*,*,#3897,.T.);
#6944=ORIENTED_EDGE('',*,*,#3900,.T.);
#6945=ORIENTED_EDGE('',*,*,#3903,.T.);
#6946=ORIENTED_EDGE('',*,*,#3906,.T.);
#6947=ORIENTED_EDGE('',*,*,#3909,.T.);
#6948=ORIENTED_EDGE('',*,*,#3912,.T.);
#6949=ORIENTED_EDGE('',*,*,#3915,.T.);
#6950=ORIENTED_EDGE('',*,*,#3918,.T.);
#6951=ORIENTED_EDGE('',*,*,#3921,.T.);
#6952=ORIENTED_EDGE('',*,*,#3924,.T.);
#6953=ORIENTED_EDGE('',*,*,#3927,.T.);
#6954=ORIENTED_EDGE('',*,*,#3930,.T.);
#6955=ORIENTED_EDGE('',*,*,#3933,.T.);
#6956=ORIENTED_EDGE('',*,*,#3936,.T.);
#6957=ORIENTED_EDGE('',*,*,#3939,.T.);
#6958=ORIENTED_EDGE('',*,*,#3942,.T.);
#6959=ORIENTED_EDGE('',*,*,#3945,.T.);
#6960=ORIENTED_EDGE('',*,*,#3948,.T.);
#6961=ORIENTED_EDGE('',*,*,#3951,.T.);
#6962=ORIENTED_EDGE('',*,*,#3954,.T.);
#6963=ORIENTED_EDGE('',*,*,#3957,.T.);
#6964=ORIENTED_EDGE('',*,*,#3960,.T.);
#6965=ORIENTED_EDGE('',*,*,#4799,.T.);
#6966=ORIENTED_EDGE('',*,*,#4800,.T.);
#6967=ORIENTED_EDGE('',*,*,#4801,.T.);
#6968=ORIENTED_EDGE('',*,*,#4802,.T.);
#6969=ORIENTED_EDGE('',*,*,#4153,.T.);
#6970=ORIENTED_EDGE('',*,*,#4155,.T.);
#6971=ORIENTED_EDGE('',*,*,#4794,.T.);
#6972=ORIENTED_EDGE('',*,*,#4792,.T.);
#6973=ORIENTED_EDGE('',*,*,#4797,.T.);
#6974=ORIENTED_EDGE('',*,*,#4798,.T.);
#6975=ORIENTED_EDGE('',*,*,#4148,.T.);
#6976=ORIENTED_EDGE('',*,*,#4151,.T.);
#6977=ORIENTED_EDGE('',*,*,#4803,.F.);
#6978=ORIENTED_EDGE('',*,*,#4804,.T.);
#6979=ORIENTED_EDGE('',*,*,#4805,.F.);
#6980=ORIENTED_EDGE('',*,*,#4806,.F.);
#6981=ORIENTED_EDGE('',*,*,#4807,.F.);
#6982=ORIENTED_EDGE('',*,*,#4808,.T.);
#6983=ORIENTED_EDGE('',*,*,#4809,.F.);
#6984=ORIENTED_EDGE('',*,*,#4804,.F.);
#6985=ORIENTED_EDGE('',*,*,#4800,.F.);
#6986=ORIENTED_EDGE('',*,*,#4810,.T.);
#6987=ORIENTED_EDGE('',*,*,#4811,.F.);
#6988=ORIENTED_EDGE('',*,*,#4812,.F.);
#6989=ORIENTED_EDGE('',*,*,#4799,.F.);
#6990=ORIENTED_EDGE('',*,*,#4813,.T.);
#6991=ORIENTED_EDGE('',*,*,#4814,.F.);
#6992=ORIENTED_EDGE('',*,*,#4810,.F.);
#6993=ORIENTED_EDGE('',*,*,#4815,.F.);
#6994=ORIENTED_EDGE('',*,*,#4806,.T.);
#6995=ORIENTED_EDGE('',*,*,#4816,.F.);
#6996=ORIENTED_EDGE('',*,*,#4817,.F.);
#6997=ORIENTED_EDGE('',*,*,#4818,.F.);
#6998=ORIENTED_EDGE('',*,*,#4817,.T.);
#6999=ORIENTED_EDGE('',*,*,#4819,.F.);
#7000=ORIENTED_EDGE('',*,*,#4808,.F.);
#7001=ORIENTED_EDGE('',*,*,#4801,.F.);
#7002=ORIENTED_EDGE('',*,*,#4812,.T.);
#7003=ORIENTED_EDGE('',*,*,#4820,.F.);
#7004=ORIENTED_EDGE('',*,*,#4821,.F.);
#7005=ORIENTED_EDGE('',*,*,#4802,.F.);
#7006=ORIENTED_EDGE('',*,*,#4821,.T.);
#7007=ORIENTED_EDGE('',*,*,#4822,.F.);
#7008=ORIENTED_EDGE('',*,*,#4813,.F.);
#7009=ORIENTED_EDGE('',*,*,#4822,.T.);
#7010=ORIENTED_EDGE('',*,*,#4820,.T.);
#7011=ORIENTED_EDGE('',*,*,#4811,.T.);
#7012=ORIENTED_EDGE('',*,*,#4814,.T.);
#7013=ORIENTED_EDGE('',*,*,#4819,.T.);
#7014=ORIENTED_EDGE('',*,*,#4816,.T.);
#7015=ORIENTED_EDGE('',*,*,#4805,.T.);
#7016=ORIENTED_EDGE('',*,*,#4809,.T.);
#7017=ORIENTED_EDGE('',*,*,#4807,.T.);
#7018=ORIENTED_EDGE('',*,*,#4803,.T.);
#7019=ORIENTED_EDGE('',*,*,#4815,.T.);
#7020=ORIENTED_EDGE('',*,*,#4818,.T.);
#7021=ORIENTED_EDGE('',*,*,#4182,.T.);
#7022=ORIENTED_EDGE('',*,*,#4184,.T.);
#7023=ORIENTED_EDGE('',*,*,#4191,.T.);
#7024=ORIENTED_EDGE('',*,*,#4188,.T.);
#7025=PLANE('',#7726);
#7026=PLANE('',#7727);
#7027=PLANE('',#7728);
#7028=PLANE('',#7729);
#7029=PLANE('',#7730);
#7030=PLANE('',#7731);
#7031=PLANE('',#7732);
#7032=PLANE('',#7733);
#7033=PLANE('',#7734);
#7034=PLANE('',#7735);
#7035=PLANE('',#7736);
#7036=PLANE('',#7737);
#7037=PLANE('',#7738);
#7038=PLANE('',#7739);
#7039=PLANE('',#7740);
#7040=PLANE('',#7741);
#7041=PLANE('',#7742);
#7042=PLANE('',#7743);
#7043=PLANE('',#7744);
#7044=PLANE('',#7745);
#7045=PLANE('',#7746);
#7046=PLANE('',#7747);
#7047=PLANE('',#7748);
#7048=PLANE('',#7749);
#7049=PLANE('',#7750);
#7050=PLANE('',#7751);
#7051=PLANE('',#7752);
#7052=PLANE('',#7753);
#7053=PLANE('',#7754);
#7054=PLANE('',#7755);
#7055=PLANE('',#7756);
#7056=PLANE('',#7757);
#7057=PLANE('',#7758);
#7058=PLANE('',#7759);
#7059=PLANE('',#7760);
#7060=PLANE('',#7761);
#7061=PLANE('',#7762);
#7062=PLANE('',#7763);
#7063=PLANE('',#7764);
#7064=PLANE('',#7765);
#7065=PLANE('',#7766);
#7066=PLANE('',#7767);
#7067=PLANE('',#7768);
#7068=PLANE('',#7769);
#7069=PLANE('',#7770);
#7070=PLANE('',#7771);
#7071=PLANE('',#7772);
#7072=PLANE('',#7773);
#7073=PLANE('',#7774);
#7074=PLANE('',#7775);
#7075=PLANE('',#7776);
#7076=PLANE('',#7777);
#7077=PLANE('',#7778);
#7078=PLANE('',#7779);
#7079=PLANE('',#7780);
#7080=PLANE('',#7781);
#7081=PLANE('',#7782);
#7082=PLANE('',#7783);
#7083=PLANE('',#7784);
#7084=PLANE('',#7785);
#7085=PLANE('',#7786);
#7086=PLANE('',#7787);
#7087=PLANE('',#7788);
#7088=PLANE('',#7789);
#7089=PLANE('',#7790);
#7090=PLANE('',#7791);
#7091=PLANE('',#7792);
#7092=PLANE('',#7793);
#7093=PLANE('',#7794);
#7094=PLANE('',#7795);
#7095=PLANE('',#7796);
#7096=PLANE('',#7797);
#7097=PLANE('',#7798);
#7098=PLANE('',#7799);
#7099=PLANE('',#7800);
#7100=PLANE('',#7801);
#7101=PLANE('',#7802);
#7102=PLANE('',#7803);
#7103=PLANE('',#7804);
#7104=PLANE('',#7805);
#7105=PLANE('',#7806);
#7106=PLANE('',#7807);
#7107=PLANE('',#7808);
#7108=PLANE('',#7809);
#7109=PLANE('',#7810);
#7110=PLANE('',#7811);
#7111=PLANE('',#7812);
#7112=PLANE('',#7813);
#7113=PLANE('',#7814);
#7114=PLANE('',#7815);
#7115=PLANE('',#7816);
#7116=PLANE('',#7817);
#7117=PLANE('',#7818);
#7118=PLANE('',#7819);
#7119=PLANE('',#7820);
#7120=PLANE('',#7821);
#7121=PLANE('',#7822);
#7122=PLANE('',#7823);
#7123=PLANE('',#7824);
#7124=PLANE('',#7825);
#7125=PLANE('',#7826);
#7126=PLANE('',#7827);
#7127=PLANE('',#7828);
#7128=PLANE('',#7829);
#7129=PLANE('',#7830);
#7130=PLANE('',#7831);
#7131=PLANE('',#7832);
#7132=PLANE('',#7833);
#7133=PLANE('',#7834);
#7134=PLANE('',#7835);
#7135=PLANE('',#7836);
#7136=PLANE('',#7837);
#7137=PLANE('',#7838);
#7138=PLANE('',#7839);
#7139=PLANE('',#7840);
#7140=PLANE('',#7841);
#7141=PLANE('',#7842);
#7142=PLANE('',#7843);
#7143=PLANE('',#7844);
#7144=PLANE('',#7845);
#7145=PLANE('',#7846);
#7146=PLANE('',#7873);
#7147=PLANE('',#7876);
#7148=PLANE('',#7877);
#7149=PLANE('',#7898);
#7150=PLANE('',#7930);
#7151=PLANE('',#7933);
#7152=PLANE('',#8102);
#7153=PLANE('',#8103);
#7154=PLANE('',#8104);
#7155=PLANE('',#8105);
#7156=PLANE('',#8106);
#7157=PLANE('',#8107);
#7158=PLANE('',#8108);
#7159=PLANE('',#8109);
#7160=PLANE('',#8110);
#7161=PLANE('',#8111);
#7162=PLANE('',#8112);
#7163=PLANE('',#8113);
#7164=PLANE('',#8114);
#7165=PLANE('',#8115);
#7166=PLANE('',#8116);
#7167=PLANE('',#8117);
#7168=PLANE('',#8118);
#7169=PLANE('',#8119);
#7170=PLANE('',#8120);
#7171=PLANE('',#8121);
#7172=PLANE('',#8122);
#7173=PLANE('',#8123);
#7174=PLANE('',#8124);
#7175=PLANE('',#8125);
#7176=PLANE('',#8126);
#7177=PLANE('',#8127);
#7178=PLANE('',#8128);
#7179=PLANE('',#8129);
#7180=PLANE('',#8130);
#7181=PLANE('',#8131);
#7182=PLANE('',#8132);
#7183=PLANE('',#8133);
#7184=PLANE('',#8134);
#7185=PLANE('',#8135);
#7186=PLANE('',#8136);
#7187=PLANE('',#8137);
#7188=PLANE('',#8138);
#7189=PLANE('',#8139);
#7190=PLANE('',#8140);
#7191=PLANE('',#8141);
#7192=PLANE('',#8142);
#7193=PLANE('',#8143);
#7194=PLANE('',#8145);
#7195=PLANE('',#8147);
#7196=PLANE('',#8155);
#7197=PLANE('',#8156);
#7198=PLANE('',#8157);
#7199=PLANE('',#8158);
#7200=PLANE('',#8159);
#7201=PLANE('',#8160);
#7202=PLANE('',#8161);
#7203=PLANE('',#8162);
#7204=PLANE('',#8163);
#7205=PLANE('',#8164);
#7206=PLANE('',#8165);
#7207=PLANE('',#8166);
#7208=PLANE('',#8167);
#7209=PLANE('',#8168);
#7210=PLANE('',#8169);
#7211=PLANE('',#8170);
#7212=PLANE('',#8171);
#7213=PLANE('',#8172);
#7214=PLANE('',#8173);
#7215=PLANE('',#8174);
#7216=PLANE('',#8175);
#7217=PLANE('',#8176);
#7218=PLANE('',#8177);
#7219=PLANE('',#8178);
#7220=PLANE('',#8179);
#7221=PLANE('',#8180);
#7222=PLANE('',#8181);
#7223=PLANE('',#8182);
#7224=PLANE('',#8183);
#7225=PLANE('',#8184);
#7226=PLANE('',#8185);
#7227=PLANE('',#8186);
#7228=PLANE('',#8187);
#7229=PLANE('',#8188);
#7230=PLANE('',#8189);
#7231=PLANE('',#8190);
#7232=PLANE('',#8191);
#7233=PLANE('',#8192);
#7234=PLANE('',#8193);
#7235=PLANE('',#8194);
#7236=PLANE('',#8195);
#7237=PLANE('',#8196);
#7238=PLANE('',#8197);
#7239=PLANE('',#8198);
#7240=PLANE('',#8199);
#7241=PLANE('',#8200);
#7242=PLANE('',#8201);
#7243=PLANE('',#8202);
#7244=PLANE('',#8203);
#7245=PLANE('',#8204);
#7246=PLANE('',#8205);
#7247=PLANE('',#8206);
#7248=PLANE('',#8207);
#7249=PLANE('',#8208);
#7250=PLANE('',#8209);
#7251=PLANE('',#8210);
#7252=PLANE('',#8211);
#7253=PLANE('',#8212);
#7254=PLANE('',#8213);
#7255=PLANE('',#8214);
#7256=PLANE('',#8215);
#7257=PLANE('',#8216);
#7258=PLANE('',#8217);
#7259=PLANE('',#8218);
#7260=PLANE('',#8219);
#7261=PLANE('',#8220);
#7262=PLANE('',#8221);
#7263=PLANE('',#8222);
#7264=PLANE('',#8223);
#7265=PLANE('',#8224);
#7266=PLANE('',#8225);
#7267=PLANE('',#8226);
#7268=PLANE('',#8227);
#7269=PLANE('',#8228);
#7270=PLANE('',#8229);
#7271=PLANE('',#8230);
#7272=PLANE('',#8231);
#7273=PLANE('',#8232);
#7274=PLANE('',#8233);
#7275=PLANE('',#8234);
#7276=PLANE('',#8235);
#7277=PLANE('',#8238);
#7278=PLANE('',#8241);
#7279=PLANE('',#8244);
#7280=PLANE('',#8247);
#7281=PLANE('',#8250);
#7282=PLANE('',#8253);
#7283=PLANE('',#8256);
#7284=PLANE('',#8259);
#7285=PLANE('',#8262);
#7286=PLANE('',#8265);
#7287=PLANE('',#8268);
#7288=PLANE('',#8271);
#7289=PLANE('',#8274);
#7290=PLANE('',#8276);
#7291=PLANE('',#8279);
#7292=PLANE('',#8283);
#7293=PLANE('',#8284);
#7294=PLANE('',#8285);
#7295=PLANE('',#8286);
#7296=PLANE('',#8287);
#7297=PLANE('',#8288);
#7298=PLANE('',#8289);
#7299=PLANE('',#8290);
#7300=PLANE('',#8291);
#7301=PLANE('',#8292);
#7302=PLANE('',#8293);
#7303=PLANE('',#8294);
#7304=ADVANCED_FACE('',(#345),#7025,.T.);
#7305=ADVANCED_FACE('',(#346),#7026,.T.);
#7306=ADVANCED_FACE('',(#347),#7027,.T.);
#7307=ADVANCED_FACE('',(#348),#7028,.T.);
#7308=ADVANCED_FACE('',(#349),#7029,.T.);
#7309=ADVANCED_FACE('',(#350),#7030,.T.);
#7310=ADVANCED_FACE('',(#351),#7031,.T.);
#7311=ADVANCED_FACE('',(#352),#7032,.T.);
#7312=ADVANCED_FACE('',(#353),#7033,.T.);
#7313=ADVANCED_FACE('',(#354),#7034,.T.);
#7314=ADVANCED_FACE('',(#355),#7035,.T.);
#7315=ADVANCED_FACE('',(#356),#7036,.T.);
#7316=ADVANCED_FACE('',(#357),#7037,.T.);
#7317=ADVANCED_FACE('',(#358),#7038,.T.);
#7318=ADVANCED_FACE('',(#359),#7039,.T.);
#7319=ADVANCED_FACE('',(#360),#7040,.T.);
#7320=ADVANCED_FACE('',(#361),#7041,.T.);
#7321=ADVANCED_FACE('',(#362),#7042,.T.);
#7322=ADVANCED_FACE('',(#363),#7043,.T.);
#7323=ADVANCED_FACE('',(#364),#7044,.T.);
#7324=ADVANCED_FACE('',(#365),#7045,.T.);
#7325=ADVANCED_FACE('',(#366),#7046,.T.);
#7326=ADVANCED_FACE('',(#367),#7047,.T.);
#7327=ADVANCED_FACE('',(#368),#7048,.T.);
#7328=ADVANCED_FACE('',(#369),#7049,.T.);
#7329=ADVANCED_FACE('',(#370),#7050,.T.);
#7330=ADVANCED_FACE('',(#371),#7051,.T.);
#7331=ADVANCED_FACE('',(#372),#7052,.T.);
#7332=ADVANCED_FACE('',(#373),#7053,.T.);
#7333=ADVANCED_FACE('',(#374),#7054,.T.);
#7334=ADVANCED_FACE('',(#375),#7055,.T.);
#7335=ADVANCED_FACE('',(#376),#7056,.T.);
#7336=ADVANCED_FACE('',(#377),#7057,.T.);
#7337=ADVANCED_FACE('',(#378),#7058,.T.);
#7338=ADVANCED_FACE('',(#379),#7059,.T.);
#7339=ADVANCED_FACE('',(#380),#7060,.T.);
#7340=ADVANCED_FACE('',(#381),#7061,.T.);
#7341=ADVANCED_FACE('',(#382),#7062,.T.);
#7342=ADVANCED_FACE('',(#383),#7063,.T.);
#7343=ADVANCED_FACE('',(#384),#7064,.T.);
#7344=ADVANCED_FACE('',(#385),#7065,.T.);
#7345=ADVANCED_FACE('',(#386),#7066,.T.);
#7346=ADVANCED_FACE('',(#387),#7067,.T.);
#7347=ADVANCED_FACE('',(#388),#7068,.T.);
#7348=ADVANCED_FACE('',(#389),#7069,.T.);
#7349=ADVANCED_FACE('',(#390),#7070,.T.);
#7350=ADVANCED_FACE('',(#391),#7071,.T.);
#7351=ADVANCED_FACE('',(#392),#7072,.T.);
#7352=ADVANCED_FACE('',(#393),#7073,.T.);
#7353=ADVANCED_FACE('',(#394),#7074,.T.);
#7354=ADVANCED_FACE('',(#395),#7075,.T.);
#7355=ADVANCED_FACE('',(#396),#7076,.T.);
#7356=ADVANCED_FACE('',(#397),#7077,.T.);
#7357=ADVANCED_FACE('',(#398),#7078,.T.);
#7358=ADVANCED_FACE('',(#399),#7079,.T.);
#7359=ADVANCED_FACE('',(#400),#7080,.T.);
#7360=ADVANCED_FACE('',(#401),#7081,.T.);
#7361=ADVANCED_FACE('',(#402),#7082,.T.);
#7362=ADVANCED_FACE('',(#403),#7083,.T.);
#7363=ADVANCED_FACE('',(#404),#7084,.T.);
#7364=ADVANCED_FACE('',(#405),#7085,.T.);
#7365=ADVANCED_FACE('',(#406),#7086,.T.);
#7366=ADVANCED_FACE('',(#407),#7087,.T.);
#7367=ADVANCED_FACE('',(#408),#7088,.T.);
#7368=ADVANCED_FACE('',(#409),#7089,.T.);
#7369=ADVANCED_FACE('',(#410),#7090,.T.);
#7370=ADVANCED_FACE('',(#411),#7091,.T.);
#7371=ADVANCED_FACE('',(#412),#7092,.T.);
#7372=ADVANCED_FACE('',(#413),#7093,.T.);
#7373=ADVANCED_FACE('',(#414),#7094,.T.);
#7374=ADVANCED_FACE('',(#415),#7095,.T.);
#7375=ADVANCED_FACE('',(#416),#7096,.T.);
#7376=ADVANCED_FACE('',(#417),#7097,.T.);
#7377=ADVANCED_FACE('',(#418),#7098,.T.);
#7378=ADVANCED_FACE('',(#419),#7099,.T.);
#7379=ADVANCED_FACE('',(#420),#7100,.T.);
#7380=ADVANCED_FACE('',(#421),#7101,.T.);
#7381=ADVANCED_FACE('',(#422),#7102,.T.);
#7382=ADVANCED_FACE('',(#423),#7103,.T.);
#7383=ADVANCED_FACE('',(#424),#7104,.T.);
#7384=ADVANCED_FACE('',(#425,#325),#7105,.T.);
#7385=ADVANCED_FACE('',(#426),#7106,.T.);
#7386=ADVANCED_FACE('',(#427),#7107,.T.);
#7387=ADVANCED_FACE('',(#428),#7108,.T.);
#7388=ADVANCED_FACE('',(#429),#7109,.T.);
#7389=ADVANCED_FACE('',(#430),#7110,.T.);
#7390=ADVANCED_FACE('',(#431),#7111,.T.);
#7391=ADVANCED_FACE('',(#432),#7112,.T.);
#7392=ADVANCED_FACE('',(#433),#7113,.T.);
#7393=ADVANCED_FACE('',(#434),#7114,.T.);
#7394=ADVANCED_FACE('',(#435),#7115,.T.);
#7395=ADVANCED_FACE('',(#436),#7116,.T.);
#7396=ADVANCED_FACE('',(#437),#7117,.T.);
#7397=ADVANCED_FACE('',(#438),#7118,.T.);
#7398=ADVANCED_FACE('',(#439),#7119,.T.);
#7399=ADVANCED_FACE('',(#440),#7120,.T.);
#7400=ADVANCED_FACE('',(#441),#7121,.T.);
#7401=ADVANCED_FACE('',(#442),#7122,.T.);
#7402=ADVANCED_FACE('',(#443),#7123,.T.);
#7403=ADVANCED_FACE('',(#444),#7124,.T.);
#7404=ADVANCED_FACE('',(#445),#7125,.T.);
#7405=ADVANCED_FACE('',(#446),#7126,.T.);
#7406=ADVANCED_FACE('',(#447),#7127,.T.);
#7407=ADVANCED_FACE('',(#448),#7128,.T.);
#7408=ADVANCED_FACE('',(#449),#7129,.T.);
#7409=ADVANCED_FACE('',(#450),#7130,.T.);
#7410=ADVANCED_FACE('',(#451),#7131,.T.);
#7411=ADVANCED_FACE('',(#452),#7132,.T.);
#7412=ADVANCED_FACE('',(#453),#7133,.T.);
#7413=ADVANCED_FACE('',(#454),#7134,.T.);
#7414=ADVANCED_FACE('',(#455),#7135,.T.);
#7415=ADVANCED_FACE('',(#456),#7136,.T.);
#7416=ADVANCED_FACE('',(#457),#7137,.T.);
#7417=ADVANCED_FACE('',(#458),#7138,.T.);
#7418=ADVANCED_FACE('',(#459),#7139,.T.);
#7419=ADVANCED_FACE('',(#460),#7140,.T.);
#7420=ADVANCED_FACE('',(#461),#7141,.T.);
#7421=ADVANCED_FACE('',(#462),#7142,.T.);
#7422=ADVANCED_FACE('',(#463),#7143,.T.);
#7423=ADVANCED_FACE('',(#464),#7144,.T.);
#7424=ADVANCED_FACE('',(#465),#7145,.T.);
#7425=ADVANCED_FACE('',(#466),#207,.T.);
#7426=ADVANCED_FACE('',(#467),#112,.T.);
#7427=ADVANCED_FACE('',(#468),#208,.T.);
#7428=ADVANCED_FACE('',(#469),#113,.T.);
#7429=ADVANCED_FACE('',(#470),#209,.T.);
#7430=ADVANCED_FACE('',(#471),#114,.T.);
#7431=ADVANCED_FACE('',(#472),#210,.T.);
#7432=ADVANCED_FACE('',(#473),#115,.T.);
#7433=ADVANCED_FACE('',(#474),#211,.T.);
#7434=ADVANCED_FACE('',(#475),#7146,.T.);
#7435=ADVANCED_FACE('',(#476),#212,.T.);
#7436=ADVANCED_FACE('',(#477),#7147,.T.);
#7437=ADVANCED_FACE('',(#478,#326,#327,#328),#7148,.F.);
#7438=ADVANCED_FACE('',(#479),#213,.T.);
#7439=ADVANCED_FACE('',(#480),#214,.T.);
#7440=ADVANCED_FACE('',(#481),#215,.T.);
#7441=ADVANCED_FACE('',(#482),#216,.T.);
#7442=ADVANCED_FACE('',(#483,#329,#330),#7149,.T.);
#7443=ADVANCED_FACE('',(#484),#217,.T.);
#7444=ADVANCED_FACE('',(#485),#116,.T.);
#7445=ADVANCED_FACE('',(#486),#218,.T.);
#7446=ADVANCED_FACE('',(#487),#117,.T.);
#7447=ADVANCED_FACE('',(#488),#219,.T.);
#7448=ADVANCED_FACE('',(#489),#118,.T.);
#7449=ADVANCED_FACE('',(#490),#220,.T.);
#7450=ADVANCED_FACE('',(#491),#119,.T.);
#7451=ADVANCED_FACE('',(#492),#221,.F.);
#7452=ADVANCED_FACE('',(#493),#7150,.T.);
#7453=ADVANCED_FACE('',(#494),#222,.F.);
#7454=ADVANCED_FACE('',(#495),#7151,.T.);
#7455=ADVANCED_FACE('',(#496),#120,.T.);
#7456=ADVANCED_FACE('',(#497),#223,.T.);
#7457=ADVANCED_FACE('',(#498),#224,.T.);
#7458=ADVANCED_FACE('',(#499),#225,.F.);
#7459=ADVANCED_FACE('',(#500),#121,.T.);
#7460=ADVANCED_FACE('',(#501),#226,.T.);
#7461=ADVANCED_FACE('',(#502),#227,.T.);
#7462=ADVANCED_FACE('',(#503),#228,.F.);
#7463=ADVANCED_FACE('',(#504),#122,.T.);
#7464=ADVANCED_FACE('',(#505),#229,.T.);
#7465=ADVANCED_FACE('',(#506),#230,.T.);
#7466=ADVANCED_FACE('',(#507),#231,.F.);
#7467=ADVANCED_FACE('',(#508),#232,.T.);
#7468=ADVANCED_FACE('',(#509),#233,.T.);
#7469=ADVANCED_FACE('',(#510),#234,.T.);
#7470=ADVANCED_FACE('',(#511),#235,.T.);
#7471=ADVANCED_FACE('',(#512),#236,.T.);
#7472=ADVANCED_FACE('',(#513),#237,.T.);
#7473=ADVANCED_FACE('',(#514),#238,.T.);
#7474=ADVANCED_FACE('',(#515),#239,.T.);
#7475=ADVANCED_FACE('',(#516),#240,.T.);
#7476=ADVANCED_FACE('',(#517),#241,.T.);
#7477=ADVANCED_FACE('',(#518),#242,.T.);
#7478=ADVANCED_FACE('',(#519),#243,.T.);
#7479=ADVANCED_FACE('',(#520),#244,.T.);
#7480=ADVANCED_FACE('',(#521),#245,.T.);
#7481=ADVANCED_FACE('',(#522),#246,.T.);
#7482=ADVANCED_FACE('',(#523),#247,.T.);
#7483=ADVANCED_FACE('',(#524),#248,.T.);
#7484=ADVANCED_FACE('',(#525),#249,.T.);
#7485=ADVANCED_FACE('',(#526),#250,.T.);
#7486=ADVANCED_FACE('',(#527),#251,.T.);
#7487=ADVANCED_FACE('',(#528),#252,.T.);
#7488=ADVANCED_FACE('',(#529),#253,.T.);
#7489=ADVANCED_FACE('',(#530),#254,.T.);
#7490=ADVANCED_FACE('',(#531),#255,.T.);
#7491=ADVANCED_FACE('',(#532),#256,.T.);
#7492=ADVANCED_FACE('',(#533),#257,.T.);
#7493=ADVANCED_FACE('',(#534),#258,.T.);
#7494=ADVANCED_FACE('',(#535),#259,.T.);
#7495=ADVANCED_FACE('',(#536),#260,.T.);
#7496=ADVANCED_FACE('',(#537),#261,.T.);
#7497=ADVANCED_FACE('',(#538),#262,.T.);
#7498=ADVANCED_FACE('',(#539),#263,.T.);
#7499=ADVANCED_FACE('',(#540),#264,.T.);
#7500=ADVANCED_FACE('',(#541),#265,.T.);
#7501=ADVANCED_FACE('',(#542),#266,.T.);
#7502=ADVANCED_FACE('',(#543),#267,.T.);
#7503=ADVANCED_FACE('',(#544),#268,.T.);
#7504=ADVANCED_FACE('',(#545),#269,.T.);
#7505=ADVANCED_FACE('',(#546),#270,.T.);
#7506=ADVANCED_FACE('',(#547),#271,.T.);
#7507=ADVANCED_FACE('',(#548),#272,.T.);
#7508=ADVANCED_FACE('',(#549),#273,.T.);
#7509=ADVANCED_FACE('',(#550),#274,.T.);
#7510=ADVANCED_FACE('',(#551),#275,.T.);
#7511=ADVANCED_FACE('',(#552),#276,.T.);
#7512=ADVANCED_FACE('',(#553),#277,.T.);
#7513=ADVANCED_FACE('',(#554),#278,.T.);
#7514=ADVANCED_FACE('',(#555),#279,.T.);
#7515=ADVANCED_FACE('',(#556),#280,.T.);
#7516=ADVANCED_FACE('',(#557),#281,.T.);
#7517=ADVANCED_FACE('',(#558),#282,.T.);
#7518=ADVANCED_FACE('',(#559),#283,.T.);
#7519=ADVANCED_FACE('',(#560),#284,.T.);
#7520=ADVANCED_FACE('',(#561),#285,.T.);
#7521=ADVANCED_FACE('',(#562),#286,.T.);
#7522=ADVANCED_FACE('',(#563),#287,.T.);
#7523=ADVANCED_FACE('',(#564),#288,.T.);
#7524=ADVANCED_FACE('',(#565),#289,.T.);
#7525=ADVANCED_FACE('',(#566),#290,.T.);
#7526=ADVANCED_FACE('',(#567),#291,.T.);
#7527=ADVANCED_FACE('',(#568),#292,.T.);
#7528=ADVANCED_FACE('',(#569),#293,.T.);
#7529=ADVANCED_FACE('',(#570),#294,.T.);
#7530=ADVANCED_FACE('',(#571),#295,.T.);
#7531=ADVANCED_FACE('',(#572),#296,.T.);
#7532=ADVANCED_FACE('',(#573),#297,.T.);
#7533=ADVANCED_FACE('',(#574),#298,.T.);
#7534=ADVANCED_FACE('',(#575),#299,.T.);
#7535=ADVANCED_FACE('',(#576),#300,.T.);
#7536=ADVANCED_FACE('',(#577),#301,.T.);
#7537=ADVANCED_FACE('',(#578),#302,.T.);
#7538=ADVANCED_FACE('',(#579),#303,.T.);
#7539=ADVANCED_FACE('',(#580),#304,.T.);
#7540=ADVANCED_FACE('',(#581),#305,.T.);
#7541=ADVANCED_FACE('',(#582),#7152,.T.);
#7542=ADVANCED_FACE('',(#583),#7153,.T.);
#7543=ADVANCED_FACE('',(#584),#7154,.T.);
#7544=ADVANCED_FACE('',(#585),#7155,.T.);
#7545=ADVANCED_FACE('',(#586),#7156,.T.);
#7546=ADVANCED_FACE('',(#587),#7157,.T.);
#7547=ADVANCED_FACE('',(#588),#7158,.T.);
#7548=ADVANCED_FACE('',(#589),#7159,.T.);
#7549=ADVANCED_FACE('',(#590),#7160,.T.);
#7550=ADVANCED_FACE('',(#591),#7161,.T.);
#7551=ADVANCED_FACE('',(#592),#7162,.T.);
#7552=ADVANCED_FACE('',(#593),#7163,.T.);
#7553=ADVANCED_FACE('',(#594),#7164,.T.);
#7554=ADVANCED_FACE('',(#595),#7165,.T.);
#7555=ADVANCED_FACE('',(#596),#7166,.T.);
#7556=ADVANCED_FACE('',(#597),#7167,.T.);
#7557=ADVANCED_FACE('',(#598),#7168,.T.);
#7558=ADVANCED_FACE('',(#599),#7169,.T.);
#7559=ADVANCED_FACE('',(#600),#7170,.T.);
#7560=ADVANCED_FACE('',(#601),#7171,.T.);
#7561=ADVANCED_FACE('',(#602),#7172,.T.);
#7562=ADVANCED_FACE('',(#603),#7173,.T.);
#7563=ADVANCED_FACE('',(#604),#7174,.T.);
#7564=ADVANCED_FACE('',(#605),#7175,.T.);
#7565=ADVANCED_FACE('',(#606),#7176,.T.);
#7566=ADVANCED_FACE('',(#607),#7177,.T.);
#7567=ADVANCED_FACE('',(#608),#7178,.T.);
#7568=ADVANCED_FACE('',(#609),#7179,.T.);
#7569=ADVANCED_FACE('',(#610),#7180,.T.);
#7570=ADVANCED_FACE('',(#611),#7181,.T.);
#7571=ADVANCED_FACE('',(#612),#7182,.T.);
#7572=ADVANCED_FACE('',(#613),#7183,.T.);
#7573=ADVANCED_FACE('',(#614),#7184,.T.);
#7574=ADVANCED_FACE('',(#615),#7185,.T.);
#7575=ADVANCED_FACE('',(#616),#7186,.T.);
#7576=ADVANCED_FACE('',(#617),#7187,.T.);
#7577=ADVANCED_FACE('',(#618),#7188,.T.);
#7578=ADVANCED_FACE('',(#619),#7189,.T.);
#7579=ADVANCED_FACE('',(#620),#7190,.T.);
#7580=ADVANCED_FACE('',(#621),#7191,.T.);
#7581=ADVANCED_FACE('',(#622),#7192,.T.);
#7582=ADVANCED_FACE('',(#623,#331),#7193,.T.);
#7583=ADVANCED_FACE('',(#624,#332),#7194,.T.);
#7584=ADVANCED_FACE('',(#625,#333),#7195,.T.);
#7585=ADVANCED_FACE('',(#626),#306,.F.);
#7586=ADVANCED_FACE('',(#627),#307,.F.);
#7587=ADVANCED_FACE('',(#628),#308,.F.);
#7588=ADVANCED_FACE('',(#629),#7196,.T.);
#7589=ADVANCED_FACE('',(#630),#7197,.T.);
#7590=ADVANCED_FACE('',(#631),#7198,.T.);
#7591=ADVANCED_FACE('',(#632),#7199,.T.);
#7592=ADVANCED_FACE('',(#633),#7200,.T.);
#7593=ADVANCED_FACE('',(#634),#7201,.T.);
#7594=ADVANCED_FACE('',(#635),#7202,.T.);
#7595=ADVANCED_FACE('',(#636),#7203,.T.);
#7596=ADVANCED_FACE('',(#637),#7204,.T.);
#7597=ADVANCED_FACE('',(#638),#7205,.T.);
#7598=ADVANCED_FACE('',(#639),#7206,.T.);
#7599=ADVANCED_FACE('',(#640),#7207,.T.);
#7600=ADVANCED_FACE('',(#641),#7208,.T.);
#7601=ADVANCED_FACE('',(#642),#7209,.T.);
#7602=ADVANCED_FACE('',(#643),#7210,.T.);
#7603=ADVANCED_FACE('',(#644),#7211,.T.);
#7604=ADVANCED_FACE('',(#645),#7212,.T.);
#7605=ADVANCED_FACE('',(#646),#7213,.T.);
#7606=ADVANCED_FACE('',(#647),#7214,.T.);
#7607=ADVANCED_FACE('',(#648),#7215,.T.);
#7608=ADVANCED_FACE('',(#649),#7216,.T.);
#7609=ADVANCED_FACE('',(#650),#7217,.T.);
#7610=ADVANCED_FACE('',(#651),#7218,.T.);
#7611=ADVANCED_FACE('',(#652),#7219,.T.);
#7612=ADVANCED_FACE('',(#653),#7220,.T.);
#7613=ADVANCED_FACE('',(#654),#7221,.T.);
#7614=ADVANCED_FACE('',(#655),#7222,.T.);
#7615=ADVANCED_FACE('',(#656),#7223,.T.);
#7616=ADVANCED_FACE('',(#657),#7224,.T.);
#7617=ADVANCED_FACE('',(#658),#7225,.T.);
#7618=ADVANCED_FACE('',(#659),#7226,.T.);
#7619=ADVANCED_FACE('',(#660),#7227,.T.);
#7620=ADVANCED_FACE('',(#661),#7228,.T.);
#7621=ADVANCED_FACE('',(#662),#7229,.T.);
#7622=ADVANCED_FACE('',(#663),#7230,.T.);
#7623=ADVANCED_FACE('',(#664),#7231,.T.);
#7624=ADVANCED_FACE('',(#665),#7232,.T.);
#7625=ADVANCED_FACE('',(#666),#7233,.T.);
#7626=ADVANCED_FACE('',(#667),#7234,.T.);
#7627=ADVANCED_FACE('',(#668),#7235,.T.);
#7628=ADVANCED_FACE('',(#669),#7236,.T.);
#7629=ADVANCED_FACE('',(#670),#7237,.T.);
#7630=ADVANCED_FACE('',(#671),#7238,.T.);
#7631=ADVANCED_FACE('',(#672),#7239,.T.);
#7632=ADVANCED_FACE('',(#673),#7240,.T.);
#7633=ADVANCED_FACE('',(#674),#7241,.T.);
#7634=ADVANCED_FACE('',(#675),#7242,.T.);
#7635=ADVANCED_FACE('',(#676),#7243,.T.);
#7636=ADVANCED_FACE('',(#677),#7244,.T.);
#7637=ADVANCED_FACE('',(#678),#7245,.T.);
#7638=ADVANCED_FACE('',(#679),#7246,.T.);
#7639=ADVANCED_FACE('',(#680),#7247,.T.);
#7640=ADVANCED_FACE('',(#681),#7248,.T.);
#7641=ADVANCED_FACE('',(#682),#7249,.T.);
#7642=ADVANCED_FACE('',(#683),#7250,.T.);
#7643=ADVANCED_FACE('',(#684),#7251,.T.);
#7644=ADVANCED_FACE('',(#685),#7252,.T.);
#7645=ADVANCED_FACE('',(#686),#7253,.T.);
#7646=ADVANCED_FACE('',(#687),#7254,.T.);
#7647=ADVANCED_FACE('',(#688),#7255,.T.);
#7648=ADVANCED_FACE('',(#689),#7256,.T.);
#7649=ADVANCED_FACE('',(#690),#7257,.T.);
#7650=ADVANCED_FACE('',(#691),#7258,.T.);
#7651=ADVANCED_FACE('',(#692),#7259,.T.);
#7652=ADVANCED_FACE('',(#693),#7260,.T.);
#7653=ADVANCED_FACE('',(#694),#7261,.T.);
#7654=ADVANCED_FACE('',(#695),#7262,.T.);
#7655=ADVANCED_FACE('',(#696),#7263,.T.);
#7656=ADVANCED_FACE('',(#697),#7264,.T.);
#7657=ADVANCED_FACE('',(#698),#7265,.T.);
#7658=ADVANCED_FACE('',(#699),#7266,.T.);
#7659=ADVANCED_FACE('',(#700),#7267,.T.);
#7660=ADVANCED_FACE('',(#701),#7268,.T.);
#7661=ADVANCED_FACE('',(#702),#7269,.T.);
#7662=ADVANCED_FACE('',(#703),#7270,.T.);
#7663=ADVANCED_FACE('',(#704),#7271,.T.);
#7664=ADVANCED_FACE('',(#705),#7272,.T.);
#7665=ADVANCED_FACE('',(#706),#7273,.T.);
#7666=ADVANCED_FACE('',(#707),#7274,.T.);
#7667=ADVANCED_FACE('',(#708,#334,#335,#336,#337),#7275,.T.);
#7668=ADVANCED_FACE('',(#709),#7276,.F.);
#7669=ADVANCED_FACE('',(#710),#309,.F.);
#7670=ADVANCED_FACE('',(#711),#7277,.F.);
#7671=ADVANCED_FACE('',(#712),#310,.F.);
#7672=ADVANCED_FACE('',(#713),#7278,.F.);
#7673=ADVANCED_FACE('',(#714),#311,.F.);
#7674=ADVANCED_FACE('',(#715),#7279,.F.);
#7675=ADVANCED_FACE('',(#716),#312,.F.);
#7676=ADVANCED_FACE('',(#717),#7280,.F.);
#7677=ADVANCED_FACE('',(#718),#313,.F.);
#7678=ADVANCED_FACE('',(#719),#7281,.F.);
#7679=ADVANCED_FACE('',(#720),#314,.F.);
#7680=ADVANCED_FACE('',(#721),#7282,.F.);
#7681=ADVANCED_FACE('',(#722),#315,.F.);
#7682=ADVANCED_FACE('',(#723),#7283,.F.);
#7683=ADVANCED_FACE('',(#724),#316,.F.);
#7684=ADVANCED_FACE('',(#725),#7284,.F.);
#7685=ADVANCED_FACE('',(#726),#317,.F.);
#7686=ADVANCED_FACE('',(#727),#7285,.F.);
#7687=ADVANCED_FACE('',(#728),#318,.F.);
#7688=ADVANCED_FACE('',(#729),#7286,.F.);
#7689=ADVANCED_FACE('',(#730),#319,.F.);
#7690=ADVANCED_FACE('',(#731),#7287,.F.);
#7691=ADVANCED_FACE('',(#732),#320,.F.);
#7692=ADVANCED_FACE('',(#733,#338,#339,#340),#7288,.F.);
#7693=ADVANCED_FACE('',(#734),#7289,.T.);
#7694=ADVANCED_FACE('',(#735),#321,.F.);
#7695=ADVANCED_FACE('',(#736),#7290,.T.);
#7696=ADVANCED_FACE('',(#737),#322,.T.);
#7697=ADVANCED_FACE('',(#738),#7291,.T.);
#7698=ADVANCED_FACE('',(#739),#323,.F.);
#7699=ADVANCED_FACE('',(#740),#324,.T.);
#7700=ADVANCED_FACE('',(#741),#7292,.T.);
#7701=ADVANCED_FACE('',(#742,#341,#342),#7293,.T.);
#7702=ADVANCED_FACE('',(#743),#7294,.T.);
#7703=ADVANCED_FACE('',(#744),#7295,.T.);
#7704=ADVANCED_FACE('',(#745),#7296,.T.);
#7705=ADVANCED_FACE('',(#746),#7297,.T.);
#7706=ADVANCED_FACE('',(#747),#7298,.T.);
#7707=ADVANCED_FACE('',(#748),#7299,.T.);
#7708=ADVANCED_FACE('',(#749),#7300,.T.);
#7709=ADVANCED_FACE('',(#750),#7301,.T.);
#7710=ADVANCED_FACE('',(#751,#343),#7302,.T.);
#7711=ADVANCED_FACE('',(#752,#344),#7303,.T.);
#7712=CLOSED_SHELL('',(#7304,#7305,#7306,#7307,#7308,#7309,#7310,#7311,
#7312,#7313,#7314,#7315,#7316,#7317,#7318,#7319,#7320,#7321,#7322,#7323,
#7324,#7325,#7326,#7327,#7328,#7329,#7330,#7331,#7332,#7333,#7334,#7335,
#7336,#7337,#7338,#7339,#7340,#7341,#7342,#7343,#7344,#7345,#7346,#7347,
#7348,#7349,#7350,#7351,#7352,#7353,#7354,#7355,#7356,#7357,#7358,#7359,
#7360,#7361,#7362,#7363,#7364,#7365,#7366,#7367,#7368,#7369,#7370,#7371,
#7372,#7373,#7374,#7375,#7376,#7377,#7378,#7379,#7380,#7381,#7382,#7383,
#7384,#7385,#7386,#7387,#7388,#7389,#7390,#7391,#7392,#7393,#7394,#7395,
#7396,#7397,#7398,#7399,#7400,#7401,#7402,#7403,#7404,#7405,#7406,#7407,
#7408,#7409,#7410,#7411,#7412,#7413,#7414,#7415,#7416,#7417,#7418,#7419,
#7420,#7421,#7422,#7423,#7424,#7425,#7426,#7427,#7428,#7429,#7430,#7431,
#7432,#7433,#7434,#7435,#7436,#7437,#7438,#7439,#7440,#7441,#7442,#7443,
#7444,#7445,#7446,#7447,#7448,#7449,#7450,#7451,#7452,#7453,#7454,#7455,
#7456,#7457,#7458,#7459,#7460,#7461,#7462,#7463,#7464,#7465,#7466,#7467,
#7468,#7469,#7470,#7471,#7472,#7473,#7474,#7475,#7476,#7477,#7478,#7479,
#7480,#7481,#7482,#7483,#7484,#7485,#7486,#7487,#7488,#7489,#7490,#7491,
#7492,#7493,#7494,#7495,#7496,#7497,#7498,#7499,#7500,#7501,#7502,#7503,
#7504,#7505,#7506,#7507,#7508,#7509,#7510,#7511,#7512,#7513,#7514,#7515,
#7516,#7517,#7518,#7519,#7520,#7521,#7522,#7523,#7524,#7525,#7526,#7527,
#7528,#7529,#7530,#7531,#7532,#7533,#7534,#7535,#7536,#7537,#7538,#7539,
#7540,#7541,#7542,#7543,#7544,#7545,#7546,#7547,#7548,#7549,#7550,#7551,
#7552,#7553,#7554,#7555,#7556,#7557,#7558,#7559,#7560,#7561,#7562,#7563,
#7564,#7565,#7566,#7567,#7568,#7569,#7570,#7571,#7572,#7573,#7574,#7575,
#7576,#7577,#7578,#7579,#7580,#7581,#7582,#7583,#7584,#7585,#7586,#7587,
#7588,#7589,#7590,#7591,#7592,#7593,#7594,#7595,#7596,#7597,#7598,#7599,
#7600,#7601,#7602,#7603,#7604,#7605,#7606,#7607,#7608,#7609,#7610,#7611,
#7612,#7613,#7614,#7615,#7616,#7617,#7618,#7619,#7620,#7621,#7622,#7623,
#7624,#7625,#7626,#7627,#7628,#7629,#7630,#7631,#7632,#7633,#7634,#7635,
#7636,#7637,#7638,#7639,#7640,#7641,#7642,#7643,#7644,#7645,#7646,#7647,
#7648,#7649,#7650,#7651,#7652,#7653,#7654,#7655,#7656,#7657,#7658,#7659,
#7660,#7661,#7662,#7663,#7664,#7665,#7666,#7667,#7668,#7669,#7670,#7671,
#7672,#7673,#7674,#7675,#7676,#7677,#7678,#7679,#7680,#7681,#7682,#7683,
#7684,#7685,#7686,#7687,#7688,#7689,#7690,#7691,#7692,#7693,#7694,#7695,
#7696,#7697,#7698,#7699,#7700,#7701,#7702,#7703,#7704,#7705,#7706,#7707,
#7708,#7709,#7710,#7711));
#7713=DERIVED_UNIT_ELEMENT(#7715,1.);
#7714=DERIVED_UNIT_ELEMENT(#12917,-3.);
#7715=(
MASS_UNIT()
NAMED_UNIT(*)
SI_UNIT(.KILO.,.GRAM.)
);
#7716=DERIVED_UNIT((#7713,#7714));
#7717=MEASURE_REPRESENTATION_ITEM('density measure',
POSITIVE_RATIO_MEASURE(7850.),#7716);
#7718=PROPERTY_DEFINITION_REPRESENTATION(#7723,#7720);
#7719=PROPERTY_DEFINITION_REPRESENTATION(#7724,#7721);
#7720=REPRESENTATION('material name',(#7722),#12914);
#7721=REPRESENTATION('density',(#7717),#12914);
#7722=DESCRIPTIVE_REPRESENTATION_ITEM('Steel','Steel');
#7723=PROPERTY_DEFINITION('material property','material name',#12924);
#7724=PROPERTY_DEFINITION('material property','density of part',#12924);
#7725=AXIS2_PLACEMENT_3D('',#10355,#8295,#8296);
#7726=AXIS2_PLACEMENT_3D('',#10356,#8297,#8298);
#7727=AXIS2_PLACEMENT_3D('',#10365,#8303,#8304);
#7728=AXIS2_PLACEMENT_3D('',#10371,#8308,#8309);
#7729=AXIS2_PLACEMENT_3D('',#10377,#8313,#8314);
#7730=AXIS2_PLACEMENT_3D('',#10383,#8318,#8319);
#7731=AXIS2_PLACEMENT_3D('',#10389,#8323,#8324);
#7732=AXIS2_PLACEMENT_3D('',#10395,#8328,#8329);
#7733=AXIS2_PLACEMENT_3D('',#10401,#8333,#8334);
#7734=AXIS2_PLACEMENT_3D('',#10407,#8338,#8339);
#7735=AXIS2_PLACEMENT_3D('',#10413,#8343,#8344);
#7736=AXIS2_PLACEMENT_3D('',#10419,#8348,#8349);
#7737=AXIS2_PLACEMENT_3D('',#10425,#8353,#8354);
#7738=AXIS2_PLACEMENT_3D('',#10431,#8358,#8359);
#7739=AXIS2_PLACEMENT_3D('',#10437,#8363,#8364);
#7740=AXIS2_PLACEMENT_3D('',#10443,#8368,#8369);
#7741=AXIS2_PLACEMENT_3D('',#10449,#8373,#8374);
#7742=AXIS2_PLACEMENT_3D('',#10455,#8378,#8379);
#7743=AXIS2_PLACEMENT_3D('',#10461,#8383,#8384);
#7744=AXIS2_PLACEMENT_3D('',#10467,#8388,#8389);
#7745=AXIS2_PLACEMENT_3D('',#10473,#8393,#8394);
#7746=AXIS2_PLACEMENT_3D('',#10479,#8398,#8399);
#7747=AXIS2_PLACEMENT_3D('',#10485,#8403,#8404);
#7748=AXIS2_PLACEMENT_3D('',#10491,#8408,#8409);
#7749=AXIS2_PLACEMENT_3D('',#10497,#8413,#8414);
#7750=AXIS2_PLACEMENT_3D('',#10503,#8418,#8419);
#7751=AXIS2_PLACEMENT_3D('',#10509,#8423,#8424);
#7752=AXIS2_PLACEMENT_3D('',#10515,#8428,#8429);
#7753=AXIS2_PLACEMENT_3D('',#10521,#8433,#8434);
#7754=AXIS2_PLACEMENT_3D('',#10527,#8438,#8439);
#7755=AXIS2_PLACEMENT_3D('',#10533,#8443,#8444);
#7756=AXIS2_PLACEMENT_3D('',#10539,#8448,#8449);
#7757=AXIS2_PLACEMENT_3D('',#10545,#8453,#8454);
#7758=AXIS2_PLACEMENT_3D('',#10551,#8458,#8459);
#7759=AXIS2_PLACEMENT_3D('',#10557,#8463,#8464);
#7760=AXIS2_PLACEMENT_3D('',#10563,#8468,#8469);
#7761=AXIS2_PLACEMENT_3D('',#10569,#8473,#8474);
#7762=AXIS2_PLACEMENT_3D('',#10575,#8478,#8479);
#7763=AXIS2_PLACEMENT_3D('',#10581,#8483,#8484);
#7764=AXIS2_PLACEMENT_3D('',#10587,#8488,#8489);
#7765=AXIS2_PLACEMENT_3D('',#10593,#8493,#8494);
#7766=AXIS2_PLACEMENT_3D('',#10599,#8498,#8499);
#7767=AXIS2_PLACEMENT_3D('',#10605,#8503,#8504);
#7768=AXIS2_PLACEMENT_3D('',#10611,#8508,#8509);
#7769=AXIS2_PLACEMENT_3D('',#10617,#8513,#8514);
#7770=AXIS2_PLACEMENT_3D('',#10623,#8518,#8519);
#7771=AXIS2_PLACEMENT_3D('',#10629,#8523,#8524);
#7772=AXIS2_PLACEMENT_3D('',#10635,#8528,#8529);
#7773=AXIS2_PLACEMENT_3D('',#10641,#8533,#8534);
#7774=AXIS2_PLACEMENT_3D('',#10647,#8538,#8539);
#7775=AXIS2_PLACEMENT_3D('',#10653,#8543,#8544);
#7776=AXIS2_PLACEMENT_3D('',#10659,#8548,#8549);
#7777=AXIS2_PLACEMENT_3D('',#10665,#8553,#8554);
#7778=AXIS2_PLACEMENT_3D('',#10671,#8558,#8559);
#7779=AXIS2_PLACEMENT_3D('',#10677,#8563,#8564);
#7780=AXIS2_PLACEMENT_3D('',#10683,#8568,#8569);
#7781=AXIS2_PLACEMENT_3D('',#10689,#8573,#8574);
#7782=AXIS2_PLACEMENT_3D('',#10695,#8578,#8579);
#7783=AXIS2_PLACEMENT_3D('',#10701,#8583,#8584);
#7784=AXIS2_PLACEMENT_3D('',#10707,#8588,#8589);
#7785=AXIS2_PLACEMENT_3D('',#10713,#8593,#8594);
#7786=AXIS2_PLACEMENT_3D('',#10719,#8598,#8599);
#7787=AXIS2_PLACEMENT_3D('',#10725,#8603,#8604);
#7788=AXIS2_PLACEMENT_3D('',#10731,#8608,#8609);
#7789=AXIS2_PLACEMENT_3D('',#10737,#8613,#8614);
#7790=AXIS2_PLACEMENT_3D('',#10743,#8618,#8619);
#7791=AXIS2_PLACEMENT_3D('',#10749,#8623,#8624);
#7792=AXIS2_PLACEMENT_3D('',#10755,#8628,#8629);
#7793=AXIS2_PLACEMENT_3D('',#10761,#8633,#8634);
#7794=AXIS2_PLACEMENT_3D('',#10767,#8638,#8639);
#7795=AXIS2_PLACEMENT_3D('',#10773,#8643,#8644);
#7796=AXIS2_PLACEMENT_3D('',#10779,#8648,#8649);
#7797=AXIS2_PLACEMENT_3D('',#10785,#8653,#8654);
#7798=AXIS2_PLACEMENT_3D('',#10791,#8658,#8659);
#7799=AXIS2_PLACEMENT_3D('',#10797,#8663,#8664);
#7800=AXIS2_PLACEMENT_3D('',#10803,#8668,#8669);
#7801=AXIS2_PLACEMENT_3D('',#10809,#8673,#8674);
#7802=AXIS2_PLACEMENT_3D('',#10815,#8678,#8679);
#7803=AXIS2_PLACEMENT_3D('',#10821,#8683,#8684);
#7804=AXIS2_PLACEMENT_3D('',#10827,#8688,#8689);
#7805=AXIS2_PLACEMENT_3D('',#10833,#8693,#8694);
#7806=AXIS2_PLACEMENT_3D('',#10836,#8697,#8698);
#7807=AXIS2_PLACEMENT_3D('',#10997,#8779,#8780);
#7808=AXIS2_PLACEMENT_3D('',#11003,#8784,#8785);
#7809=AXIS2_PLACEMENT_3D('',#11007,#8788,#8789);
#7810=AXIS2_PLACEMENT_3D('',#11011,#8792,#8793);
#7811=AXIS2_PLACEMENT_3D('',#11015,#8796,#8797);
#7812=AXIS2_PLACEMENT_3D('',#11019,#8800,#8801);
#7813=AXIS2_PLACEMENT_3D('',#11023,#8804,#8805);
#7814=AXIS2_PLACEMENT_3D('',#11027,#8808,#8809);
#7815=AXIS2_PLACEMENT_3D('',#11031,#8812,#8813);
#7816=AXIS2_PLACEMENT_3D('',#11035,#8816,#8817);
#7817=AXIS2_PLACEMENT_3D('',#11039,#8820,#8821);
#7818=AXIS2_PLACEMENT_3D('',#11043,#8824,#8825);
#7819=AXIS2_PLACEMENT_3D('',#11047,#8828,#8829);
#7820=AXIS2_PLACEMENT_3D('',#11051,#8832,#8833);
#7821=AXIS2_PLACEMENT_3D('',#11055,#8836,#8837);
#7822=AXIS2_PLACEMENT_3D('',#11059,#8840,#8841);
#7823=AXIS2_PLACEMENT_3D('',#11063,#8844,#8845);
#7824=AXIS2_PLACEMENT_3D('',#11067,#8848,#8849);
#7825=AXIS2_PLACEMENT_3D('',#11071,#8852,#8853);
#7826=AXIS2_PLACEMENT_3D('',#11075,#8856,#8857);
#7827=AXIS2_PLACEMENT_3D('',#11079,#8860,#8861);
#7828=AXIS2_PLACEMENT_3D('',#11083,#8864,#8865);
#7829=AXIS2_PLACEMENT_3D('',#11087,#8868,#8869);
#7830=AXIS2_PLACEMENT_3D('',#11091,#8872,#8873);
#7831=AXIS2_PLACEMENT_3D('',#11095,#8876,#8877);
#7832=AXIS2_PLACEMENT_3D('',#11099,#8880,#8881);
#7833=AXIS2_PLACEMENT_3D('',#11103,#8884,#8885);
#7834=AXIS2_PLACEMENT_3D('',#11107,#8888,#8889);
#7835=AXIS2_PLACEMENT_3D('',#11111,#8892,#8893);
#7836=AXIS2_PLACEMENT_3D('',#11115,#8896,#8897);
#7837=AXIS2_PLACEMENT_3D('',#11119,#8900,#8901);
#7838=AXIS2_PLACEMENT_3D('',#11123,#8904,#8905);
#7839=AXIS2_PLACEMENT_3D('',#11127,#8908,#8909);
#7840=AXIS2_PLACEMENT_3D('',#11131,#8912,#8913);
#7841=AXIS2_PLACEMENT_3D('',#11135,#8916,#8917);
#7842=AXIS2_PLACEMENT_3D('',#11139,#8920,#8921);
#7843=AXIS2_PLACEMENT_3D('',#11143,#8924,#8925);
#7844=AXIS2_PLACEMENT_3D('',#11147,#8928,#8929);
#7845=AXIS2_PLACEMENT_3D('',#11151,#8932,#8933);
#7846=AXIS2_PLACEMENT_3D('',#11155,#8936,#8937);
#7847=AXIS2_PLACEMENT_3D('',#11159,#8940,#8941);
#7848=AXIS2_PLACEMENT_3D('',#11162,#8942,#8943);
#7849=AXIS2_PLACEMENT_3D('',#11166,#8945,#8946);
#7850=AXIS2_PLACEMENT_3D('',#11168,#8948,#8949);
#7851=AXIS2_PLACEMENT_3D('',#11171,#8950,#8951);
#7852=AXIS2_PLACEMENT_3D('',#11172,#8952,#8953);
#7853=AXIS2_PLACEMENT_3D('',#11173,#8954,#8955);
#7854=AXIS2_PLACEMENT_3D('',#11174,#8956,#8957);
#7855=AXIS2_PLACEMENT_3D('',#11177,#8958,#8959);
#7856=AXIS2_PLACEMENT_3D('',#11180,#8962,#8963);
#7857=AXIS2_PLACEMENT_3D('',#11183,#8964,#8965);
#7858=AXIS2_PLACEMENT_3D('',#11184,#8966,#8967);
#7859=AXIS2_PLACEMENT_3D('',#11185,#8968,#8969);
#7860=AXIS2_PLACEMENT_3D('',#11186,#8970,#8971);
#7861=AXIS2_PLACEMENT_3D('',#11189,#8972,#8973);
#7862=AXIS2_PLACEMENT_3D('',#11192,#8976,#8977);
#7863=AXIS2_PLACEMENT_3D('',#11195,#8978,#8979);
#7864=AXIS2_PLACEMENT_3D('',#11196,#8980,#8981);
#7865=AXIS2_PLACEMENT_3D('',#11197,#8982,#8983);
#7866=AXIS2_PLACEMENT_3D('',#11198,#8984,#8985);
#7867=AXIS2_PLACEMENT_3D('',#11201,#8986,#8987);
#7868=AXIS2_PLACEMENT_3D('',#11204,#8990,#8991);
#7869=AXIS2_PLACEMENT_3D('',#11205,#8992,#8993);
#7870=AXIS2_PLACEMENT_3D('',#11206,#8994,#8995);
#7871=AXIS2_PLACEMENT_3D('',#11207,#8996,#8997);
#7872=AXIS2_PLACEMENT_3D('',#11211,#8999,#9000);
#7873=AXIS2_PLACEMENT_3D('',#11213,#9002,#9003);
#7874=AXIS2_PLACEMENT_3D('',#11217,#9006,#9007);
#7875=AXIS2_PLACEMENT_3D('',#11220,#9009,#9010);
#7876=AXIS2_PLACEMENT_3D('',#11221,#9011,#9012);
#7877=AXIS2_PLACEMENT_3D('',#11225,#9015,#9016);
#7878=AXIS2_PLACEMENT_3D('',#11230,#9018,#9019);
#7879=AXIS2_PLACEMENT_3D('',#11234,#9021,#9022);
#7880=AXIS2_PLACEMENT_3D('',#11238,#9024,#9025);
#7881=AXIS2_PLACEMENT_3D('',#11241,#9027,#9028);
#7882=AXIS2_PLACEMENT_3D('',#11246,#9030,#9031);
#7883=AXIS2_PLACEMENT_3D('',#11250,#9033,#9034);
#7884=AXIS2_PLACEMENT_3D('',#11254,#9036,#9037);
#7885=AXIS2_PLACEMENT_3D('',#11257,#9039,#9040);
#7886=AXIS2_PLACEMENT_3D('',#11262,#9042,#9043);
#7887=AXIS2_PLACEMENT_3D('',#11266,#9045,#9046);
#7888=AXIS2_PLACEMENT_3D('',#11270,#9048,#9049);
#7889=AXIS2_PLACEMENT_3D('',#11273,#9051,#9052);
#7890=AXIS2_PLACEMENT_3D('',#11274,#9053,#9054);
#7891=AXIS2_PLACEMENT_3D('',#11279,#9056,#9057);
#7892=AXIS2_PLACEMENT_3D('',#11282,#9059,#9060);
#7893=AXIS2_PLACEMENT_3D('',#11283,#9061,#9062);
#7894=AXIS2_PLACEMENT_3D('',#11288,#9065,#9066);
#7895=AXIS2_PLACEMENT_3D('',#11289,#9067,#9068);
#7896=AXIS2_PLACEMENT_3D('',#11294,#9071,#9072);
#7897=AXIS2_PLACEMENT_3D('',#11295,#9073,#9074);
#7898=AXIS2_PLACEMENT_3D('',#11298,#9077,#9078);
#7899=AXIS2_PLACEMENT_3D('',#11301,#9079,#9080);
#7900=AXIS2_PLACEMENT_3D('',#11355,#9107,#9108);
#7901=AXIS2_PLACEMENT_3D('',#11405,#9133,#9134);
#7902=AXIS2_PLACEMENT_3D('',#11407,#9135,#9136);
#7903=AXIS2_PLACEMENT_3D('',#11456,#9161,#9162);
#7904=AXIS2_PLACEMENT_3D('',#11461,#9164,#9165);
#7905=AXIS2_PLACEMENT_3D('',#11465,#9167,#9168);
#7906=AXIS2_PLACEMENT_3D('',#11469,#9170,#9171);
#7907=AXIS2_PLACEMENT_3D('',#11472,#9173,#9174);
#7908=AXIS2_PLACEMENT_3D('',#11473,#9175,#9176);
#7909=AXIS2_PLACEMENT_3D('',#11475,#9177,#9178);
#7910=AXIS2_PLACEMENT_3D('',#11478,#9180,#9181);
#7911=AXIS2_PLACEMENT_3D('',#11479,#9182,#9183);
#7912=AXIS2_PLACEMENT_3D('',#11481,#9184,#9185);
#7913=AXIS2_PLACEMENT_3D('',#11482,#9186,#9187);
#7914=AXIS2_PLACEMENT_3D('',#11483,#9188,#9189);
#7915=AXIS2_PLACEMENT_3D('',#11485,#9190,#9191);
#7916=AXIS2_PLACEMENT_3D('',#11487,#9193,#9194);
#7917=AXIS2_PLACEMENT_3D('',#11489,#9195,#9196);
#7918=AXIS2_PLACEMENT_3D('',#11490,#9197,#9198);
#7919=AXIS2_PLACEMENT_3D('',#11491,#9199,#9200);
#7920=AXIS2_PLACEMENT_3D('',#11493,#9201,#9202);
#7921=AXIS2_PLACEMENT_3D('',#11495,#9204,#9205);
#7922=AXIS2_PLACEMENT_3D('',#11497,#9206,#9207);
#7923=AXIS2_PLACEMENT_3D('',#11498,#9208,#9209);
#7924=AXIS2_PLACEMENT_3D('',#11499,#9210,#9211);
#7925=AXIS2_PLACEMENT_3D('',#11501,#9212,#9213);
#7926=AXIS2_PLACEMENT_3D('',#11503,#9215,#9216);
#7927=AXIS2_PLACEMENT_3D('',#11504,#9217,#9218);
#7928=AXIS2_PLACEMENT_3D('',#11505,#9219,#9220);
#7929=AXIS2_PLACEMENT_3D('',#11509,#9222,#9223);
#7930=AXIS2_PLACEMENT_3D('',#11511,#9225,#9226);
#7931=AXIS2_PLACEMENT_3D('',#11515,#9229,#9230);
#7932=AXIS2_PLACEMENT_3D('',#11518,#9232,#9233);
#7933=AXIS2_PLACEMENT_3D('',#11519,#9234,#9235);
#7934=AXIS2_PLACEMENT_3D('',#11523,#9238,#9239);
#7935=AXIS2_PLACEMENT_3D('',#11532,#9240,#9241);
#7936=AXIS2_PLACEMENT_3D('',#11533,#9242,#9243);
#7937=AXIS2_PLACEMENT_3D('',#11556,#9244,#9245);
#7938=AXIS2_PLACEMENT_3D('',#11643,#9247,#9248);
#7939=AXIS2_PLACEMENT_3D('',#11645,#9249,#9250);
#7940=AXIS2_PLACEMENT_3D('',#11647,#9252,#9253);
#7941=AXIS2_PLACEMENT_3D('',#11649,#9254,#9255);
#7942=AXIS2_PLACEMENT_3D('',#11651,#9257,#9258);
#7943=AXIS2_PLACEMENT_3D('',#11681,#9259,#9260);
#7944=AXIS2_PLACEMENT_3D('',#11682,#9261,#9262);
#7945=AXIS2_PLACEMENT_3D('',#11689,#9263,#9264);
#7946=AXIS2_PLACEMENT_3D('',#11776,#9266,#9267);
#7947=AXIS2_PLACEMENT_3D('',#11778,#9268,#9269);
#7948=AXIS2_PLACEMENT_3D('',#11780,#9271,#9272);
#7949=AXIS2_PLACEMENT_3D('',#11782,#9273,#9274);
#7950=AXIS2_PLACEMENT_3D('',#11784,#9276,#9277);
#7951=AXIS2_PLACEMENT_3D('',#11793,#9278,#9279);
#7952=AXIS2_PLACEMENT_3D('',#11794,#9280,#9281);
#7953=AXIS2_PLACEMENT_3D('',#11815,#9282,#9283);
#7954=AXIS2_PLACEMENT_3D('',#11896,#9285,#9286);
#7955=AXIS2_PLACEMENT_3D('',#11898,#9287,#9288);
#7956=AXIS2_PLACEMENT_3D('',#11900,#9290,#9291);
#7957=AXIS2_PLACEMENT_3D('',#11902,#9292,#9293);
#7958=AXIS2_PLACEMENT_3D('',#11904,#9295,#9296);
#7959=AXIS2_PLACEMENT_3D('',#11906,#9297,#9298);
#7960=AXIS2_PLACEMENT_3D('',#11909,#9300,#9301);
#7961=AXIS2_PLACEMENT_3D('',#11910,#9302,#9303);
#7962=AXIS2_PLACEMENT_3D('',#11912,#9304,#9305);
#7963=AXIS2_PLACEMENT_3D('',#11914,#9307,#9308);
#7964=AXIS2_PLACEMENT_3D('',#11916,#9309,#9310);
#7965=AXIS2_PLACEMENT_3D('',#11918,#9312,#9313);
#7966=AXIS2_PLACEMENT_3D('',#11920,#9314,#9315);
#7967=AXIS2_PLACEMENT_3D('',#11922,#9317,#9318);
#7968=AXIS2_PLACEMENT_3D('',#11924,#9319,#9320);
#7969=AXIS2_PLACEMENT_3D('',#11926,#9322,#9323);
#7970=AXIS2_PLACEMENT_3D('',#11928,#9324,#9325);
#7971=AXIS2_PLACEMENT_3D('',#11930,#9327,#9328);
#7972=AXIS2_PLACEMENT_3D('',#11932,#9329,#9330);
#7973=AXIS2_PLACEMENT_3D('',#11934,#9332,#9333);
#7974=AXIS2_PLACEMENT_3D('',#11936,#9334,#9335);
#7975=AXIS2_PLACEMENT_3D('',#11938,#9337,#9338);
#7976=AXIS2_PLACEMENT_3D('',#11940,#9339,#9340);
#7977=AXIS2_PLACEMENT_3D('',#11942,#9342,#9343);
#7978=AXIS2_PLACEMENT_3D('',#11944,#9344,#9345);
#7979=AXIS2_PLACEMENT_3D('',#11946,#9347,#9348);
#7980=AXIS2_PLACEMENT_3D('',#11948,#9349,#9350);
#7981=AXIS2_PLACEMENT_3D('',#11950,#9352,#9353);
#7982=AXIS2_PLACEMENT_3D('',#11952,#9354,#9355);
#7983=AXIS2_PLACEMENT_3D('',#11954,#9357,#9358);
#7984=AXIS2_PLACEMENT_3D('',#11956,#9359,#9360);
#7985=AXIS2_PLACEMENT_3D('',#11958,#9362,#9363);
#7986=AXIS2_PLACEMENT_3D('',#11960,#9364,#9365);
#7987=AXIS2_PLACEMENT_3D('',#11962,#9367,#9368);
#7988=AXIS2_PLACEMENT_3D('',#11964,#9369,#9370);
#7989=AXIS2_PLACEMENT_3D('',#11966,#9372,#9373);
#7990=AXIS2_PLACEMENT_3D('',#11968,#9374,#9375);
#7991=AXIS2_PLACEMENT_3D('',#11970,#9377,#9378);
#7992=AXIS2_PLACEMENT_3D('',#11972,#9379,#9380);
#7993=AXIS2_PLACEMENT_3D('',#11974,#9382,#9383);
#7994=AXIS2_PLACEMENT_3D('',#11976,#9384,#9385);
#7995=AXIS2_PLACEMENT_3D('',#11978,#9387,#9388);
#7996=AXIS2_PLACEMENT_3D('',#12025,#9390,#9391);
#7997=AXIS2_PLACEMENT_3D('',#12026,#9392,#9393);
#7998=AXIS2_PLACEMENT_3D('',#12028,#9394,#9395);
#7999=AXIS2_PLACEMENT_3D('',#12030,#9397,#9398);
#8000=AXIS2_PLACEMENT_3D('',#12032,#9399,#9400);
#8001=AXIS2_PLACEMENT_3D('',#12034,#9402,#9403);
#8002=AXIS2_PLACEMENT_3D('',#12036,#9404,#9405);
#8003=AXIS2_PLACEMENT_3D('',#12038,#9407,#9408);
#8004=AXIS2_PLACEMENT_3D('',#12040,#9409,#9410);
#8005=AXIS2_PLACEMENT_3D('',#12042,#9412,#9413);
#8006=AXIS2_PLACEMENT_3D('',#12044,#9414,#9415);
#8007=AXIS2_PLACEMENT_3D('',#12046,#9417,#9418);
#8008=AXIS2_PLACEMENT_3D('',#12048,#9419,#9420);
#8009=AXIS2_PLACEMENT_3D('',#12050,#9422,#9423);
#8010=AXIS2_PLACEMENT_3D('',#12052,#9424,#9425);
#8011=AXIS2_PLACEMENT_3D('',#12054,#9427,#9428);
#8012=AXIS2_PLACEMENT_3D('',#12056,#9429,#9430);
#8013=AXIS2_PLACEMENT_3D('',#12058,#9432,#9433);
#8014=AXIS2_PLACEMENT_3D('',#12060,#9434,#9435);
#8015=AXIS2_PLACEMENT_3D('',#12062,#9437,#9438);
#8016=AXIS2_PLACEMENT_3D('',#12064,#9439,#9440);
#8017=AXIS2_PLACEMENT_3D('',#12066,#9442,#9443);
#8018=AXIS2_PLACEMENT_3D('',#12068,#9444,#9445);
#8019=AXIS2_PLACEMENT_3D('',#12070,#9447,#9448);
#8020=AXIS2_PLACEMENT_3D('',#12072,#9449,#9450);
#8021=AXIS2_PLACEMENT_3D('',#12074,#9452,#9453);
#8022=AXIS2_PLACEMENT_3D('',#12076,#9454,#9455);
#8023=AXIS2_PLACEMENT_3D('',#12078,#9457,#9458);
#8024=AXIS2_PLACEMENT_3D('',#12080,#9459,#9460);
#8025=AXIS2_PLACEMENT_3D('',#12082,#9462,#9463);
#8026=AXIS2_PLACEMENT_3D('',#12084,#9464,#9465);
#8027=AXIS2_PLACEMENT_3D('',#12086,#9467,#9468);
#8028=AXIS2_PLACEMENT_3D('',#12088,#9469,#9470);
#8029=AXIS2_PLACEMENT_3D('',#12090,#9472,#9473);
#8030=AXIS2_PLACEMENT_3D('',#12092,#9474,#9475);
#8031=AXIS2_PLACEMENT_3D('',#12094,#9477,#9478);
#8032=AXIS2_PLACEMENT_3D('',#12096,#9479,#9480);
#8033=AXIS2_PLACEMENT_3D('',#12098,#9482,#9483);
#8034=AXIS2_PLACEMENT_3D('',#12100,#9484,#9485);
#8035=AXIS2_PLACEMENT_3D('',#12102,#9487,#9488);
#8036=AXIS2_PLACEMENT_3D('',#12104,#9489,#9490);
#8037=AXIS2_PLACEMENT_3D('',#12106,#9492,#9493);
#8038=AXIS2_PLACEMENT_3D('',#12109,#9495,#9496);
#8039=AXIS2_PLACEMENT_3D('',#12110,#9497,#9498);
#8040=AXIS2_PLACEMENT_3D('',#12113,#9500,#9501);
#8041=AXIS2_PLACEMENT_3D('',#12114,#9502,#9503);
#8042=AXIS2_PLACEMENT_3D('',#12116,#9505,#9506);
#8043=AXIS2_PLACEMENT_3D('',#12118,#9507,#9508);
#8044=AXIS2_PLACEMENT_3D('',#12120,#9510,#9511);
#8045=AXIS2_PLACEMENT_3D('',#12122,#9512,#9513);
#8046=AXIS2_PLACEMENT_3D('',#12124,#9515,#9516);
#8047=AXIS2_PLACEMENT_3D('',#12127,#9518,#9519);
#8048=AXIS2_PLACEMENT_3D('',#12128,#9520,#9521);
#8049=AXIS2_PLACEMENT_3D('',#12131,#9523,#9524);
#8050=AXIS2_PLACEMENT_3D('',#12132,#9525,#9526);
#8051=AXIS2_PLACEMENT_3D('',#12135,#9528,#9529);
#8052=AXIS2_PLACEMENT_3D('',#12136,#9530,#9531);
#8053=AXIS2_PLACEMENT_3D('',#12139,#9533,#9534);
#8054=AXIS2_PLACEMENT_3D('',#12140,#9535,#9536);
#8055=AXIS2_PLACEMENT_3D('',#12143,#9538,#9539);
#8056=AXIS2_PLACEMENT_3D('',#12144,#9540,#9541);
#8057=AXIS2_PLACEMENT_3D('',#12147,#9543,#9544);
#8058=AXIS2_PLACEMENT_3D('',#12148,#9545,#9546);
#8059=AXIS2_PLACEMENT_3D('',#12151,#9548,#9549);
#8060=AXIS2_PLACEMENT_3D('',#12152,#9550,#9551);
#8061=AXIS2_PLACEMENT_3D('',#12155,#9553,#9554);
#8062=AXIS2_PLACEMENT_3D('',#12156,#9555,#9556);
#8063=AXIS2_PLACEMENT_3D('',#12159,#9558,#9559);
#8064=AXIS2_PLACEMENT_3D('',#12160,#9560,#9561);
#8065=AXIS2_PLACEMENT_3D('',#12163,#9563,#9564);
#8066=AXIS2_PLACEMENT_3D('',#12164,#9565,#9566);
#8067=AXIS2_PLACEMENT_3D('',#12167,#9568,#9569);
#8068=AXIS2_PLACEMENT_3D('',#12168,#9570,#9571);
#8069=AXIS2_PLACEMENT_3D('',#12170,#9573,#9574);
#8070=AXIS2_PLACEMENT_3D('',#12173,#9576,#9577);
#8071=AXIS2_PLACEMENT_3D('',#12174,#9578,#9579);
#8072=AXIS2_PLACEMENT_3D('',#12177,#9581,#9582);
#8073=AXIS2_PLACEMENT_3D('',#12178,#9583,#9584);
#8074=AXIS2_PLACEMENT_3D('',#12181,#9586,#9587);
#8075=AXIS2_PLACEMENT_3D('',#12182,#9588,#9589);
#8076=AXIS2_PLACEMENT_3D('',#12184,#9591,#9592);
#8077=AXIS2_PLACEMENT_3D('',#12187,#9594,#9595);
#8078=AXIS2_PLACEMENT_3D('',#12188,#9596,#9597);
#8079=AXIS2_PLACEMENT_3D('',#12191,#9599,#9600);
#8080=AXIS2_PLACEMENT_3D('',#12192,#9601,#9602);
#8081=AXIS2_PLACEMENT_3D('',#12195,#9604,#9605);
#8082=AXIS2_PLACEMENT_3D('',#12196,#9606,#9607);
#8083=AXIS2_PLACEMENT_3D('',#12199,#9609,#9610);
#8084=AXIS2_PLACEMENT_3D('',#12200,#9611,#9612);
#8085=AXIS2_PLACEMENT_3D('',#12203,#9614,#9615);
#8086=AXIS2_PLACEMENT_3D('',#12204,#9616,#9617);
#8087=AXIS2_PLACEMENT_3D('',#12207,#9619,#9620);
#8088=AXIS2_PLACEMENT_3D('',#12208,#9621,#9622);
#8089=AXIS2_PLACEMENT_3D('',#12211,#9624,#9625);
#8090=AXIS2_PLACEMENT_3D('',#12212,#9626,#9627);
#8091=AXIS2_PLACEMENT_3D('',#12214,#9629,#9630);
#8092=AXIS2_PLACEMENT_3D('',#12216,#9631,#9632);
#8093=AXIS2_PLACEMENT_3D('',#12218,#9634,#9635);
#8094=AXIS2_PLACEMENT_3D('',#12220,#9636,#9637);
#8095=AXIS2_PLACEMENT_3D('',#12222,#9639,#9640);
#8096=AXIS2_PLACEMENT_3D('',#12225,#9642,#9643);
#8097=AXIS2_PLACEMENT_3D('',#12226,#9644,#9645);
#8098=AXIS2_PLACEMENT_3D('',#12229,#9647,#9648);
#8099=AXIS2_PLACEMENT_3D('',#12230,#9649,#9650);
#8100=AXIS2_PLACEMENT_3D('',#12233,#9652,#9653);
#8101=AXIS2_PLACEMENT_3D('',#12234,#9654,#9655);
#8102=AXIS2_PLACEMENT_3D('',#12236,#9657,#9658);
#8103=AXIS2_PLACEMENT_3D('',#12242,#9662,#9663);
#8104=AXIS2_PLACEMENT_3D('',#12246,#9666,#9667);
#8105=AXIS2_PLACEMENT_3D('',#12250,#9670,#9671);
#8106=AXIS2_PLACEMENT_3D('',#12254,#9674,#9675);
#8107=AXIS2_PLACEMENT_3D('',#12258,#9678,#9679);
#8108=AXIS2_PLACEMENT_3D('',#12262,#9682,#9683);
#8109=AXIS2_PLACEMENT_3D('',#12266,#9686,#9687);
#8110=AXIS2_PLACEMENT_3D('',#12270,#9690,#9691);
#8111=AXIS2_PLACEMENT_3D('',#12274,#9694,#9695);
#8112=AXIS2_PLACEMENT_3D('',#12278,#9698,#9699);
#8113=AXIS2_PLACEMENT_3D('',#12282,#9702,#9703);
#8114=AXIS2_PLACEMENT_3D('',#12286,#9706,#9707);
#8115=AXIS2_PLACEMENT_3D('',#12290,#9710,#9711);
#8116=AXIS2_PLACEMENT_3D('',#12294,#9714,#9715);
#8117=AXIS2_PLACEMENT_3D('',#12298,#9718,#9719);
#8118=AXIS2_PLACEMENT_3D('',#12302,#9722,#9723);
#8119=AXIS2_PLACEMENT_3D('',#12306,#9726,#9727);
#8120=AXIS2_PLACEMENT_3D('',#12310,#9730,#9731);
#8121=AXIS2_PLACEMENT_3D('',#12314,#9734,#9735);
#8122=AXIS2_PLACEMENT_3D('',#12318,#9738,#9739);
#8123=AXIS2_PLACEMENT_3D('',#12322,#9742,#9743);
#8124=AXIS2_PLACEMENT_3D('',#12326,#9746,#9747);
#8125=AXIS2_PLACEMENT_3D('',#12330,#9750,#9751);
#8126=AXIS2_PLACEMENT_3D('',#12334,#9754,#9755);
#8127=AXIS2_PLACEMENT_3D('',#12338,#9758,#9759);
#8128=AXIS2_PLACEMENT_3D('',#12342,#9762,#9763);
#8129=AXIS2_PLACEMENT_3D('',#12346,#9766,#9767);
#8130=AXIS2_PLACEMENT_3D('',#12350,#9770,#9771);
#8131=AXIS2_PLACEMENT_3D('',#12354,#9774,#9775);
#8132=AXIS2_PLACEMENT_3D('',#12358,#9778,#9779);
#8133=AXIS2_PLACEMENT_3D('',#12362,#9782,#9783);
#8134=AXIS2_PLACEMENT_3D('',#12366,#9786,#9787);
#8135=AXIS2_PLACEMENT_3D('',#12370,#9790,#9791);
#8136=AXIS2_PLACEMENT_3D('',#12374,#9794,#9795);
#8137=AXIS2_PLACEMENT_3D('',#12378,#9798,#9799);
#8138=AXIS2_PLACEMENT_3D('',#12382,#9802,#9803);
#8139=AXIS2_PLACEMENT_3D('',#12386,#9806,#9807);
#8140=AXIS2_PLACEMENT_3D('',#12390,#9810,#9811);
#8141=AXIS2_PLACEMENT_3D('',#12394,#9814,#9815);
#8142=AXIS2_PLACEMENT_3D('',#12398,#9818,#9819);
#8143=AXIS2_PLACEMENT_3D('',#12402,#9822,#9823);
#8144=AXIS2_PLACEMENT_3D('',#12404,#9824,#9825);
#8145=AXIS2_PLACEMENT_3D('',#12405,#9826,#9827);
#8146=AXIS2_PLACEMENT_3D('',#12407,#9828,#9829);
#8147=AXIS2_PLACEMENT_3D('',#12408,#9830,#9831);
#8148=AXIS2_PLACEMENT_3D('',#12410,#9832,#9833);
#8149=AXIS2_PLACEMENT_3D('',#12411,#9834,#9835);
#8150=AXIS2_PLACEMENT_3D('',#12413,#9836,#9837);
#8151=AXIS2_PLACEMENT_3D('',#12415,#9839,#9840);
#8152=AXIS2_PLACEMENT_3D('',#12417,#9841,#9842);
#8153=AXIS2_PLACEMENT_3D('',#12419,#9844,#9845);
#8154=AXIS2_PLACEMENT_3D('',#12421,#9846,#9847);
#8155=AXIS2_PLACEMENT_3D('',#12423,#9849,#9850);
#8156=AXIS2_PLACEMENT_3D('',#12427,#9853,#9854);
#8157=AXIS2_PLACEMENT_3D('',#12431,#9857,#9858);
#8158=AXIS2_PLACEMENT_3D('',#12435,#9861,#9862);
#8159=AXIS2_PLACEMENT_3D('',#12439,#9865,#9866);
#8160=AXIS2_PLACEMENT_3D('',#12443,#9869,#9870);
#8161=AXIS2_PLACEMENT_3D('',#12447,#9873,#9874);
#8162=AXIS2_PLACEMENT_3D('',#12451,#9877,#9878);
#8163=AXIS2_PLACEMENT_3D('',#12455,#9881,#9882);
#8164=AXIS2_PLACEMENT_3D('',#12459,#9885,#9886);
#8165=AXIS2_PLACEMENT_3D('',#12463,#9889,#9890);
#8166=AXIS2_PLACEMENT_3D('',#12467,#9893,#9894);
#8167=AXIS2_PLACEMENT_3D('',#12471,#9897,#9898);
#8168=AXIS2_PLACEMENT_3D('',#12475,#9901,#9902);
#8169=AXIS2_PLACEMENT_3D('',#12479,#9905,#9906);
#8170=AXIS2_PLACEMENT_3D('',#12483,#9909,#9910);
#8171=AXIS2_PLACEMENT_3D('',#12487,#9913,#9914);
#8172=AXIS2_PLACEMENT_3D('',#12491,#9917,#9918);
#8173=AXIS2_PLACEMENT_3D('',#12495,#9921,#9922);
#8174=AXIS2_PLACEMENT_3D('',#12499,#9925,#9926);
#8175=AXIS2_PLACEMENT_3D('',#12503,#9929,#9930);
#8176=AXIS2_PLACEMENT_3D('',#12507,#9933,#9934);
#8177=AXIS2_PLACEMENT_3D('',#12511,#9937,#9938);
#8178=AXIS2_PLACEMENT_3D('',#12515,#9941,#9942);
#8179=AXIS2_PLACEMENT_3D('',#12519,#9945,#9946);
#8180=AXIS2_PLACEMENT_3D('',#12523,#9949,#9950);
#8181=AXIS2_PLACEMENT_3D('',#12527,#9953,#9954);
#8182=AXIS2_PLACEMENT_3D('',#12531,#9957,#9958);
#8183=AXIS2_PLACEMENT_3D('',#12535,#9961,#9962);
#8184=AXIS2_PLACEMENT_3D('',#12539,#9965,#9966);
#8185=AXIS2_PLACEMENT_3D('',#12543,#9969,#9970);
#8186=AXIS2_PLACEMENT_3D('',#12547,#9973,#9974);
#8187=AXIS2_PLACEMENT_3D('',#12551,#9977,#9978);
#8188=AXIS2_PLACEMENT_3D('',#12555,#9981,#9982);
#8189=AXIS2_PLACEMENT_3D('',#12559,#9985,#9986);
#8190=AXIS2_PLACEMENT_3D('',#12563,#9989,#9990);
#8191=AXIS2_PLACEMENT_3D('',#12567,#9993,#9994);
#8192=AXIS2_PLACEMENT_3D('',#12571,#9997,#9998);
#8193=AXIS2_PLACEMENT_3D('',#12575,#10001,#10002);
#8194=AXIS2_PLACEMENT_3D('',#12577,#10004,#10005);
#8195=AXIS2_PLACEMENT_3D('',#12581,#10008,#10009);
#8196=AXIS2_PLACEMENT_3D('',#12585,#10012,#10013);
#8197=AXIS2_PLACEMENT_3D('',#12589,#10016,#10017);
#8198=AXIS2_PLACEMENT_3D('',#12593,#10020,#10021);
#8199=AXIS2_PLACEMENT_3D('',#12597,#10024,#10025);
#8200=AXIS2_PLACEMENT_3D('',#12601,#10028,#10029);
#8201=AXIS2_PLACEMENT_3D('',#12605,#10032,#10033);
#8202=AXIS2_PLACEMENT_3D('',#12609,#10036,#10037);
#8203=AXIS2_PLACEMENT_3D('',#12613,#10040,#10041);
#8204=AXIS2_PLACEMENT_3D('',#12617,#10044,#10045);
#8205=AXIS2_PLACEMENT_3D('',#12621,#10048,#10049);
#8206=AXIS2_PLACEMENT_3D('',#12625,#10052,#10053);
#8207=AXIS2_PLACEMENT_3D('',#12629,#10056,#10057);
#8208=AXIS2_PLACEMENT_3D('',#12633,#10060,#10061);
#8209=AXIS2_PLACEMENT_3D('',#12637,#10064,#10065);
#8210=AXIS2_PLACEMENT_3D('',#12641,#10068,#10069);
#8211=AXIS2_PLACEMENT_3D('',#12645,#10072,#10073);
#8212=AXIS2_PLACEMENT_3D('',#12649,#10076,#10077);
#8213=AXIS2_PLACEMENT_3D('',#12653,#10080,#10081);
#8214=AXIS2_PLACEMENT_3D('',#12657,#10084,#10085);
#8215=AXIS2_PLACEMENT_3D('',#12661,#10088,#10089);
#8216=AXIS2_PLACEMENT_3D('',#12665,#10092,#10093);
#8217=AXIS2_PLACEMENT_3D('',#12669,#10096,#10097);
#8218=AXIS2_PLACEMENT_3D('',#12673,#10100,#10101);
#8219=AXIS2_PLACEMENT_3D('',#12677,#10104,#10105);
#8220=AXIS2_PLACEMENT_3D('',#12681,#10108,#10109);
#8221=AXIS2_PLACEMENT_3D('',#12685,#10112,#10113);
#8222=AXIS2_PLACEMENT_3D('',#12689,#10116,#10117);
#8223=AXIS2_PLACEMENT_3D('',#12693,#10120,#10121);
#8224=AXIS2_PLACEMENT_3D('',#12697,#10124,#10125);
#8225=AXIS2_PLACEMENT_3D('',#12701,#10128,#10129);
#8226=AXIS2_PLACEMENT_3D('',#12705,#10132,#10133);
#8227=AXIS2_PLACEMENT_3D('',#12709,#10136,#10137);
#8228=AXIS2_PLACEMENT_3D('',#12713,#10140,#10141);
#8229=AXIS2_PLACEMENT_3D('',#12717,#10144,#10145);
#8230=AXIS2_PLACEMENT_3D('',#12721,#10148,#10149);
#8231=AXIS2_PLACEMENT_3D('',#12725,#10152,#10153);
#8232=AXIS2_PLACEMENT_3D('',#12729,#10156,#10157);
#8233=AXIS2_PLACEMENT_3D('',#12733,#10160,#10161);
#8234=AXIS2_PLACEMENT_3D('',#12735,#10163,#10164);
#8235=AXIS2_PLACEMENT_3D('',#12736,#10165,#10166);
#8236=AXIS2_PLACEMENT_3D('',#12742,#10170,#10171);
#8237=AXIS2_PLACEMENT_3D('',#12744,#10172,#10173);
#8238=AXIS2_PLACEMENT_3D('',#12746,#10175,#10176);
#8239=AXIS2_PLACEMENT_3D('',#12750,#10179,#10180);
#8240=AXIS2_PLACEMENT_3D('',#12752,#10181,#10182);
#8241=AXIS2_PLACEMENT_3D('',#12754,#10184,#10185);
#8242=AXIS2_PLACEMENT_3D('',#12758,#10188,#10189);
#8243=AXIS2_PLACEMENT_3D('',#12760,#10190,#10191);
#8244=AXIS2_PLACEMENT_3D('',#12762,#10193,#10194);
#8245=AXIS2_PLACEMENT_3D('',#12766,#10197,#10198);
#8246=AXIS2_PLACEMENT_3D('',#12767,#10199,#10200);
#8247=AXIS2_PLACEMENT_3D('',#12768,#10201,#10202);
#8248=AXIS2_PLACEMENT_3D('',#12774,#10206,#10207);
#8249=AXIS2_PLACEMENT_3D('',#12776,#10208,#10209);
#8250=AXIS2_PLACEMENT_3D('',#12778,#10211,#10212);
#8251=AXIS2_PLACEMENT_3D('',#12782,#10215,#10216);
#8252=AXIS2_PLACEMENT_3D('',#12784,#10217,#10218);
#8253=AXIS2_PLACEMENT_3D('',#12786,#10220,#10221);
#8254=AXIS2_PLACEMENT_3D('',#12790,#10224,#10225);
#8255=AXIS2_PLACEMENT_3D('',#12792,#10226,#10227);
#8256=AXIS2_PLACEMENT_3D('',#12794,#10229,#10230);
#8257=AXIS2_PLACEMENT_3D('',#12798,#10233,#10234);
#8258=AXIS2_PLACEMENT_3D('',#12799,#10235,#10236);
#8259=AXIS2_PLACEMENT_3D('',#12800,#10237,#10238);
#8260=AXIS2_PLACEMENT_3D('',#12806,#10242,#10243);
#8261=AXIS2_PLACEMENT_3D('',#12808,#10244,#10245);
#8262=AXIS2_PLACEMENT_3D('',#12810,#10247,#10248);
#8263=AXIS2_PLACEMENT_3D('',#12814,#10251,#10252);
#8264=AXIS2_PLACEMENT_3D('',#12816,#10253,#10254);
#8265=AXIS2_PLACEMENT_3D('',#12818,#10256,#10257);
#8266=AXIS2_PLACEMENT_3D('',#12822,#10260,#10261);
#8267=AXIS2_PLACEMENT_3D('',#12824,#10262,#10263);
#8268=AXIS2_PLACEMENT_3D('',#12826,#10265,#10266);
#8269=AXIS2_PLACEMENT_3D('',#12830,#10269,#10270);
#8270=AXIS2_PLACEMENT_3D('',#12831,#10271,#10272);
#8271=AXIS2_PLACEMENT_3D('',#12832,#10273,#10274);
#8272=AXIS2_PLACEMENT_3D('',#12835,#10275,#10276);
#8273=AXIS2_PLACEMENT_3D('',#12838,#10278,#10279);
#8274=AXIS2_PLACEMENT_3D('',#12840,#10281,#10282);
#8275=AXIS2_PLACEMENT_3D('',#12842,#10284,#10285);
#8276=AXIS2_PLACEMENT_3D('',#12844,#10287,#10288);
#8277=AXIS2_PLACEMENT_3D('',#12850,#10292,#10293);
#8278=AXIS2_PLACEMENT_3D('',#12851,#10294,#10295);
#8279=AXIS2_PLACEMENT_3D('',#12852,#10296,#10297);
#8280=AXIS2_PLACEMENT_3D('',#12854,#10299,#10300);
#8281=AXIS2_PLACEMENT_3D('',#12855,#10301,#10302);
#8282=AXIS2_PLACEMENT_3D('',#12858,#10304,#10305);
#8283=AXIS2_PLACEMENT_3D('',#12859,#10306,#10307);
#8284=AXIS2_PLACEMENT_3D('',#12861,#10309,#10310);
#8285=AXIS2_PLACEMENT_3D('',#12870,#10315,#10316);
#8286=AXIS2_PLACEMENT_3D('',#12879,#10321,#10322);
#8287=AXIS2_PLACEMENT_3D('',#12885,#10326,#10327);
#8288=AXIS2_PLACEMENT_3D('',#12891,#10331,#10332);
#8289=AXIS2_PLACEMENT_3D('',#12895,#10335,#10336);
#8290=AXIS2_PLACEMENT_3D('',#12901,#10340,#10341);
#8291=AXIS2_PLACEMENT_3D('',#12904,#10344,#10345);
#8292=AXIS2_PLACEMENT_3D('',#12908,#10348,#10349);
#8293=AXIS2_PLACEMENT_3D('',#12910,#10351,#10352);
#8294=AXIS2_PLACEMENT_3D('',#12911,#10353,#10354);
#8295=DIRECTION('axis',(0.,0.,1.));
#8296=DIRECTION('refdir',(1.,0.,0.));
#8297=DIRECTION('center_axis',(-0.964948743148206,0.262438417722516,0.));
#8298=DIRECTION('ref_axis',(0.262438417722516,0.964948743148206,0.));
#8299=DIRECTION('',(-0.262438417722516,-0.964948743148206,0.));
#8300=DIRECTION('',(0.,0.,-1.));
#8301=DIRECTION('',(0.262438417722516,0.964948743148206,0.));
#8302=DIRECTION('',(0.,0.,-1.));
#8303=DIRECTION('center_axis',(-0.94150165292205,0.337008364206363,0.));
#8304=DIRECTION('ref_axis',(0.337008364206363,0.94150165292205,0.));
#8305=DIRECTION('',(-0.337008364206363,-0.94150165292205,0.));
#8306=DIRECTION('',(0.337008364206363,0.94150165292205,0.));
#8307=DIRECTION('',(0.,0.,-1.));
#8308=DIRECTION('center_axis',(-0.911442322627,0.411427870378635,0.));
#8309=DIRECTION('ref_axis',(0.411427870378635,0.911442322627,0.));
#8310=DIRECTION('',(-0.411427870378635,-0.911442322627,0.));
#8311=DIRECTION('',(0.411427870378635,0.911442322627,0.));
#8312=DIRECTION('',(0.,0.,-1.));
#8313=DIRECTION('center_axis',(-0.874131784158524,0.485688813875546,0.));
#8314=DIRECTION('ref_axis',(0.485688813875546,0.874131784158524,0.));
#8315=DIRECTION('',(-0.485688813875546,-0.874131784158524,0.));
#8316=DIRECTION('',(0.485688813875546,0.874131784158524,0.));
#8317=DIRECTION('',(0.,0.,-1.));
#8318=DIRECTION('center_axis',(-0.828722926784557,0.55965910215205,0.));
#8319=DIRECTION('ref_axis',(0.55965910215205,0.828722926784556,0.));
#8320=DIRECTION('',(-0.55965910215205,-0.828722926784556,0.));
#8321=DIRECTION('',(0.55965910215205,0.828722926784556,0.));
#8322=DIRECTION('',(0.,0.,-1.));
#8323=DIRECTION('center_axis',(-0.775639575477271,0.631176083952362,0.));
#8324=DIRECTION('ref_axis',(0.631176083952362,0.775639575477271,0.));
#8325=DIRECTION('',(-0.631176083952362,-0.775639575477271,0.));
#8326=DIRECTION('',(0.631176083952362,0.775639575477271,0.));
#8327=DIRECTION('',(0.,0.,-1.));
#8328=DIRECTION('center_axis',(-0.713725140800581,0.700425887149519,0.));
#8329=DIRECTION('ref_axis',(0.700425887149519,0.713725140800581,0.));
#8330=DIRECTION('',(-0.700425887149519,-0.713725140800581,0.));
#8331=DIRECTION('',(0.700425887149519,0.713725140800581,0.));
#8332=DIRECTION('',(0.,0.,-1.));
#8333=DIRECTION('center_axis',(-0.64243163103659,0.766343003780726,0.));
#8334=DIRECTION('ref_axis',(0.766343003780726,0.64243163103659,0.));
#8335=DIRECTION('',(-0.766343003780726,-0.64243163103659,0.));
#8336=DIRECTION('',(0.766343003780726,0.64243163103659,0.));
#8337=DIRECTION('',(0.,0.,-1.));
#8338=DIRECTION('center_axis',(-0.563842773107038,0.825882150924068,0.));
#8339=DIRECTION('ref_axis',(0.825882150924068,0.563842773107038,0.));
#8340=DIRECTION('',(-0.825882150924068,-0.563842773107038,0.));
#8341=DIRECTION('',(0.825882150924068,0.563842773107038,0.));
#8342=DIRECTION('',(0.,0.,-1.));
#8343=DIRECTION('center_axis',(-0.481173909972963,0.876625158412266,0.));
#8344=DIRECTION('ref_axis',(0.876625158412266,0.481173909972963,0.));
#8345=DIRECTION('',(-0.876625158412266,-0.481173909972963,0.));
#8346=DIRECTION('',(0.876625158412266,0.481173909972963,0.));
#8347=DIRECTION('',(0.,0.,-1.));
#8348=DIRECTION('center_axis',(-0.3982383415918,0.917281975886485,0.));
#8349=DIRECTION('ref_axis',(0.917281975886485,0.3982383415918,0.));
#8350=DIRECTION('',(-0.917281975886485,-0.3982383415918,0.));
#8351=DIRECTION('',(0.917281975886485,0.3982383415918,0.));
#8352=DIRECTION('',(0.,0.,-1.));
#8353=DIRECTION('center_axis',(-0.318747582657788,0.947839637570521,0.));
#8354=DIRECTION('ref_axis',(0.947839637570521,0.318747582657788,0.));
#8355=DIRECTION('',(-0.947839637570521,-0.318747582657788,0.));
#8356=DIRECTION('',(0.947839637570521,0.318747582657788,0.));
#8357=DIRECTION('',(0.,0.,-1.));
#8358=DIRECTION('center_axis',(-0.24572322231055,0.969340032195782,0.));
#8359=DIRECTION('ref_axis',(0.969340032195782,0.24572322231055,0.));
#8360=DIRECTION('',(-0.969340032195782,-0.24572322231055,0.));
#8361=DIRECTION('',(0.969340032195782,0.24572322231055,0.));
#8362=DIRECTION('',(0.,0.,-1.));
#8363=DIRECTION('center_axis',(-0.153647106254202,0.988125784877467,0.));
#8364=DIRECTION('ref_axis',(0.988125784877467,0.153647106254202,0.));
#8365=DIRECTION('',(-0.988125784877467,-0.153647106254202,0.));
#8366=DIRECTION('',(0.988125784877467,0.153647106254202,0.));
#8367=DIRECTION('',(0.,0.,-1.));
#8368=DIRECTION('center_axis',(-0.063849359700405,0.99795954791056,0.));
#8369=DIRECTION('ref_axis',(0.99795954791056,0.063849359700405,0.));
#8370=DIRECTION('',(-0.99795954791056,-0.063849359700405,0.));
#8371=DIRECTION('',(0.99795954791056,0.063849359700405,0.));
#8372=DIRECTION('',(0.,0.,-1.));
#8373=DIRECTION('center_axis',(-0.00476378187646144,0.999988653126741,0.));
#8374=DIRECTION('ref_axis',(0.999988653126741,0.00476378187646144,0.));
#8375=DIRECTION('',(-0.999988653126741,-0.00476378187646144,0.));
#8376=DIRECTION('',(0.999988653126741,0.00476378187646144,0.));
#8377=DIRECTION('',(0.,0.,-1.));
#8378=DIRECTION('center_axis',(0.00476378277752938,0.999988653122449,0.));
#8379=DIRECTION('ref_axis',(0.999988653122448,-0.00476378277752938,0.));
#8380=DIRECTION('',(-0.999988653122448,0.00476378277752938,0.));
#8381=DIRECTION('',(0.999988653122448,-0.00476378277752938,0.));
#8382=DIRECTION('',(0.,0.,-1.));
#8383=DIRECTION('center_axis',(0.0638493343822612,0.997959549530412,0.));
#8384=DIRECTION('ref_axis',(0.997959549530412,-0.0638493343822612,0.));
#8385=DIRECTION('',(-0.997959549530412,0.0638493343822612,0.));
#8386=DIRECTION('',(0.997959549530412,-0.0638493343822612,0.));
#8387=DIRECTION('',(0.,0.,-1.));
#8388=DIRECTION('center_axis',(0.153647168579704,0.988125775186256,0.));
#8389=DIRECTION('ref_axis',(0.988125775186256,-0.153647168579704,0.));
#8390=DIRECTION('',(-0.988125775186256,0.153647168579704,0.));
#8391=DIRECTION('',(0.988125775186256,-0.153647168579704,0.));
#8392=DIRECTION('',(0.,0.,-1.));
#8393=DIRECTION('center_axis',(0.245723222310539,0.969340032195785,0.));
#8394=DIRECTION('ref_axis',(0.969340032195785,-0.245723222310539,0.));
#8395=DIRECTION('',(-0.969340032195785,0.245723222310539,0.));
#8396=DIRECTION('',(0.969340032195785,-0.245723222310539,0.));
#8397=DIRECTION('',(0.,0.,-1.));
#8398=DIRECTION('center_axis',(0.318747329136788,0.947839722826684,0.));
#8399=DIRECTION('ref_axis',(0.947839722826684,-0.318747329136788,0.));
#8400=DIRECTION('',(-0.947839722826684,0.318747329136788,0.));
#8401=DIRECTION('',(0.947839722826684,-0.318747329136788,0.));
#8402=DIRECTION('',(0.,0.,-1.));
#8403=DIRECTION('center_axis',(0.39823864700754,0.917281843290056,0.));
#8404=DIRECTION('ref_axis',(0.917281843290056,-0.39823864700754,0.));
#8405=DIRECTION('',(-0.917281843290056,0.39823864700754,0.));
#8406=DIRECTION('',(0.917281843290056,-0.39823864700754,0.));
#8407=DIRECTION('',(0.,0.,-1.));
#8408=DIRECTION('center_axis',(0.481173562167213,0.876625349320515,0.));
#8409=DIRECTION('ref_axis',(0.876625349320515,-0.481173562167213,0.));
#8410=DIRECTION('',(-0.876625349320515,0.481173562167213,0.));
#8411=DIRECTION('',(0.876625349320515,-0.481173562167213,0.));
#8412=DIRECTION('',(0.,0.,-1.));
#8413=DIRECTION('center_axis',(0.563842773107019,0.825882150924081,0.));
#8414=DIRECTION('ref_axis',(0.825882150924081,-0.563842773107019,0.));
#8415=DIRECTION('',(-0.825882150924081,0.563842773107019,0.));
#8416=DIRECTION('',(0.825882150924081,-0.563842773107019,0.));
#8417=DIRECTION('',(0.,0.,-1.));
#8418=DIRECTION('center_axis',(0.642431631036587,0.766343003780729,0.));
#8419=DIRECTION('ref_axis',(0.766343003780729,-0.642431631036587,0.));
#8420=DIRECTION('',(-0.766343003780729,0.642431631036587,0.));
#8421=DIRECTION('',(0.766343003780729,-0.642431631036587,0.));
#8422=DIRECTION('',(0.,0.,-1.));
#8423=DIRECTION('center_axis',(0.713725140800587,0.700425887149512,0.));
#8424=DIRECTION('ref_axis',(0.700425887149512,-0.713725140800587,0.));
#8425=DIRECTION('',(-0.700425887149512,0.713725140800587,0.));
#8426=DIRECTION('',(0.700425887149512,-0.713725140800587,0.));
#8427=DIRECTION('',(0.,0.,-1.));
#8428=DIRECTION('center_axis',(0.775639914467929,0.631175667373342,0.));
#8429=DIRECTION('ref_axis',(0.631175667373342,-0.775639914467929,0.));
#8430=DIRECTION('',(-0.631175667373342,0.775639914467929,0.));
#8431=DIRECTION('',(0.631175667373342,-0.775639914467929,0.));
#8432=DIRECTION('',(0.,0.,-1.));
#8433=DIRECTION('center_axis',(0.828722774102275,0.559659328238376,0.));
#8434=DIRECTION('ref_axis',(0.559659328238376,-0.828722774102275,0.));
#8435=DIRECTION('',(-0.559659328238376,0.828722774102275,0.));
#8436=DIRECTION('',(0.559659328238376,-0.828722774102275,0.));
#8437=DIRECTION('',(0.,0.,-1.));
#8438=DIRECTION('center_axis',(0.87413192007782,0.485688569250979,0.));
#8439=DIRECTION('ref_axis',(0.485688569250979,-0.87413192007782,0.));
#8440=DIRECTION('',(-0.485688569250979,0.87413192007782,0.));
#8441=DIRECTION('',(0.485688569250979,-0.87413192007782,0.));
#8442=DIRECTION('',(0.,0.,-1.));
#8443=DIRECTION('center_axis',(0.911442322627007,0.41142787037862,0.));
#8444=DIRECTION('ref_axis',(0.41142787037862,-0.911442322627007,0.));
#8445=DIRECTION('',(-0.41142787037862,0.911442322627007,0.));
#8446=DIRECTION('',(0.41142787037862,-0.911442322627007,0.));
#8447=DIRECTION('',(0.,0.,-1.));
#8448=DIRECTION('center_axis',(0.941501652922049,0.337008364206363,0.));
#8449=DIRECTION('ref_axis',(0.337008364206363,-0.941501652922049,0.));
#8450=DIRECTION('',(-0.337008364206363,0.941501652922049,0.));
#8451=DIRECTION('',(0.337008364206363,-0.941501652922049,0.));
#8452=DIRECTION('',(0.,0.,-1.));
#8453=DIRECTION('center_axis',(0.964948743148201,0.262438417722533,0.));
#8454=DIRECTION('ref_axis',(0.262438417722533,-0.964948743148201,0.));
#8455=DIRECTION('',(-0.262438417722533,0.964948743148201,0.));
#8456=DIRECTION('',(0.262438417722533,-0.964948743148201,0.));
#8457=DIRECTION('',(0.,0.,-1.));
#8458=DIRECTION('center_axis',(0.982230640426363,0.187677833021423,0.));
#8459=DIRECTION('ref_axis',(0.187677833021423,-0.982230640426363,0.));
#8460=DIRECTION('',(-0.187677833021423,0.982230640426363,0.));
#8461=DIRECTION('',(0.187677833021423,-0.982230640426363,0.));
#8462=DIRECTION('',(0.,0.,-1.));
#8463=DIRECTION('center_axis',(0.993629919842532,0.112692423852375,0.));
#8464=DIRECTION('ref_axis',(0.112692423852375,-0.993629919842532,0.));
#8465=DIRECTION('',(-0.112692423852375,0.993629919842532,0.));
#8466=DIRECTION('',(0.112692423852375,-0.993629919842532,0.));
#8467=DIRECTION('',(0.,0.,-1.));
#8468=DIRECTION('center_axis',(0.999296712974366,0.03749772577941,0.));
#8469=DIRECTION('ref_axis',(0.03749772577941,-0.999296712974366,0.));
#8470=DIRECTION('',(-0.03749772577941,0.999296712974366,0.));
#8471=DIRECTION('',(0.03749772577941,-0.999296712974366,0.));
#8472=DIRECTION('',(0.,0.,-1.));
#8473=DIRECTION('center_axis',(0.999296712974366,-0.0374977257794128,0.));
#8474=DIRECTION('ref_axis',(-0.0374977257794128,-0.999296712974366,0.));
#8475=DIRECTION('',(0.0374977257794128,0.999296712974366,0.));
#8476=DIRECTION('',(-0.0374977257794127,-0.999296712974366,0.));
#8477=DIRECTION('',(0.,0.,-1.));
#8478=DIRECTION('center_axis',(0.993629919842532,-0.112692423852375,0.));
#8479=DIRECTION('ref_axis',(-0.112692423852375,-0.993629919842532,0.));
#8480=DIRECTION('',(0.112692423852375,0.993629919842532,0.));
#8481=DIRECTION('',(-0.112692423852375,-0.993629919842532,0.));
#8482=DIRECTION('',(0.,0.,-1.));
#8483=DIRECTION('center_axis',(0.982230640426363,-0.18767783302142,0.));
#8484=DIRECTION('ref_axis',(-0.18767783302142,-0.982230640426363,0.));
#8485=DIRECTION('',(0.18767783302142,0.982230640426363,0.));
#8486=DIRECTION('',(-0.18767783302142,-0.982230640426363,0.));
#8487=DIRECTION('',(0.,0.,-1.));
#8488=DIRECTION('center_axis',(0.964948743148202,-0.262438417722529,0.));
#8489=DIRECTION('ref_axis',(-0.262438417722529,-0.964948743148202,0.));
#8490=DIRECTION('',(0.262438417722529,0.964948743148202,0.));
#8491=DIRECTION('',(-0.262438417722529,-0.964948743148202,0.));
#8492=DIRECTION('',(0.,0.,-1.));
#8493=DIRECTION('center_axis',(0.941501652922048,-0.337008364206368,0.));
#8494=DIRECTION('ref_axis',(-0.337008364206368,-0.941501652922048,0.));
#8495=DIRECTION('',(0.337008364206368,0.941501652922048,0.));
#8496=DIRECTION('',(-0.337008364206368,-0.941501652922048,0.));
#8497=DIRECTION('',(0.,0.,-1.));
#8498=DIRECTION('center_axis',(0.911442322627007,-0.411427870378621,0.));
#8499=DIRECTION('ref_axis',(-0.411427870378621,-0.911442322627007,0.));
#8500=DIRECTION('',(0.411427870378621,0.911442322627007,0.));
#8501=DIRECTION('',(-0.411427870378621,-0.911442322627007,0.));
#8502=DIRECTION('',(0.,0.,-1.));
#8503=DIRECTION('center_axis',(0.874131920077824,-0.485688569250973,0.));
#8504=DIRECTION('ref_axis',(-0.485688569250973,-0.874131920077824,0.));
#8505=DIRECTION('',(0.485688569250973,0.874131920077824,0.));
#8506=DIRECTION('',(-0.485688569250973,-0.874131920077824,0.));
#8507=DIRECTION('',(0.,0.,-1.));
#8508=DIRECTION('center_axis',(0.828722774102273,-0.559659328238379,0.));
#8509=DIRECTION('ref_axis',(-0.559659328238379,-0.828722774102273,0.));
#8510=DIRECTION('',(0.559659328238379,0.828722774102273,0.));
#8511=DIRECTION('',(-0.559659328238379,-0.828722774102273,0.));
#8512=DIRECTION('',(0.,0.,-1.));
#8513=DIRECTION('center_axis',(0.783787353282625,-0.621029294666699,0.));
#8514=DIRECTION('ref_axis',(-0.621029294666699,-0.783787353282625,0.));
#8515=DIRECTION('',(0.621029294666699,0.783787353282625,0.));
#8516=DIRECTION('',(-0.621029294666699,-0.783787353282625,0.));
#8517=DIRECTION('',(0.,0.,-1.));
#8518=DIRECTION('center_axis',(0.742606403410711,-0.669728101257076,0.));
#8519=DIRECTION('ref_axis',(-0.669728101257076,-0.742606403410711,0.));
#8520=DIRECTION('',(0.669728101257076,0.742606403410711,0.));
#8521=DIRECTION('',(-0.669728101257076,-0.742606403410711,0.));
#8522=DIRECTION('',(0.,0.,-1.));
#8523=DIRECTION('center_axis',(0.697185386767701,-0.716890881848536,0.));
#8524=DIRECTION('ref_axis',(-0.716890881848536,-0.697185386767701,0.));
#8525=DIRECTION('',(0.716890881848536,0.697185386767701,0.));
#8526=DIRECTION('',(-0.716890881848536,-0.697185386767701,0.));
#8527=DIRECTION('',(0.,0.,-1.));
#8528=DIRECTION('center_axis',(0.647912373988085,-0.76171487817498,0.));
#8529=DIRECTION('ref_axis',(-0.76171487817498,-0.647912373988085,0.));
#8530=DIRECTION('',(0.76171487817498,0.647912373988085,0.));
#8531=DIRECTION('',(-0.76171487817498,-0.647912373988085,0.));
#8532=DIRECTION('',(0.,0.,-1.));
#8533=DIRECTION('center_axis',(0.595361381989601,-0.803458041739226,0.));
#8534=DIRECTION('ref_axis',(-0.803458041739226,-0.595361381989601,0.));
#8535=DIRECTION('',(0.803458041739226,0.595361381989601,0.));
#8536=DIRECTION('',(-0.803458041739226,-0.595361381989601,0.));
#8537=DIRECTION('',(0.,0.,-1.));
#8538=DIRECTION('center_axis',(0.540266288456907,-0.841494110233101,0.));
#8539=DIRECTION('ref_axis',(-0.841494110233101,-0.540266288456907,0.));
#8540=DIRECTION('',(0.841494110233101,0.540266288456907,0.));
#8541=DIRECTION('',(-0.841494110233101,-0.540266288456907,0.));
#8542=DIRECTION('',(0.,0.,-1.));
#8543=DIRECTION('center_axis',(0.483473527792695,-0.875358982317361,0.));
#8544=DIRECTION('ref_axis',(-0.875358982317361,-0.483473527792695,0.));
#8545=DIRECTION('',(0.875358982317361,0.483473527792695,0.));
#8546=DIRECTION('',(-0.875358982317361,-0.483473527792695,0.));
#8547=DIRECTION('',(0.,0.,-1.));
#8548=DIRECTION('center_axis',(0.425874848373115,-0.90478208068196,0.));
#8549=DIRECTION('ref_axis',(-0.90478208068196,-0.425874848373115,0.));
#8550=DIRECTION('',(0.90478208068196,0.425874848373115,0.));
#8551=DIRECTION('',(-0.90478208068196,-0.425874848373115,0.));
#8552=DIRECTION('',(0.,0.,-1.));
#8553=DIRECTION('center_axis',(0.368350178490907,-0.929687122641654,0.));
#8554=DIRECTION('ref_axis',(-0.929687122641653,-0.368350178490907,0.));
#8555=DIRECTION('',(0.929687122641653,0.368350178490907,0.));
#8556=DIRECTION('',(-0.929687122641653,-0.368350178490907,0.));
#8557=DIRECTION('',(0.,0.,-1.));
#8558=DIRECTION('center_axis',(0.311705773444531,-0.950178673093301,0.));
#8559=DIRECTION('ref_axis',(-0.950178673093301,-0.311705773444531,0.));
#8560=DIRECTION('',(0.950178673093301,0.311705773444531,0.));
#8561=DIRECTION('',(-0.950178673093301,-0.311705773444531,0.));
#8562=DIRECTION('',(0.,0.,-1.));
#8563=DIRECTION('center_axis',(0.230174252152265,-0.973149430275816,0.));
#8564=DIRECTION('ref_axis',(-0.973149430275816,-0.230174252152265,0.));
#8565=DIRECTION('',(0.973149430275816,0.230174252152265,0.));
#8566=DIRECTION('',(-0.973149430275816,-0.230174252152265,0.));
#8567=DIRECTION('',(0.,0.,-1.));
#8568=DIRECTION('center_axis',(0.129467277632488,-0.991583694915579,0.));
#8569=DIRECTION('ref_axis',(-0.991583694915579,-0.129467277632488,0.));
#8570=DIRECTION('',(0.991583694915579,0.129467277632488,0.));
#8571=DIRECTION('',(-0.991583694915579,-0.129467277632488,0.));
#8572=DIRECTION('',(0.,0.,-1.));
#8573=DIRECTION('center_axis',(0.0403445021776541,-0.99918582913492,0.));
#8574=DIRECTION('ref_axis',(-0.99918582913492,-0.0403445021776541,0.));
#8575=DIRECTION('',(0.99918582913492,0.0403445021776541,0.));
#8576=DIRECTION('',(-0.99918582913492,-0.040344502177654,0.));
#8577=DIRECTION('',(0.,0.,-1.));
#8578=DIRECTION('center_axis',(-0.0403445021776492,-0.99918582913492,0.));
#8579=DIRECTION('ref_axis',(-0.99918582913492,0.0403445021776492,0.));
#8580=DIRECTION('',(0.99918582913492,-0.0403445021776492,0.));
#8581=DIRECTION('',(-0.99918582913492,0.0403445021776492,0.));
#8582=DIRECTION('',(0.,0.,-1.));
#8583=DIRECTION('center_axis',(-0.129467277632492,-0.991583694915579,0.));
#8584=DIRECTION('ref_axis',(-0.991583694915579,0.129467277632492,0.));
#8585=DIRECTION('',(0.991583694915579,-0.129467277632492,0.));
#8586=DIRECTION('',(-0.991583694915579,0.129467277632492,0.));
#8587=DIRECTION('',(0.,0.,-1.));
#8588=DIRECTION('center_axis',(-0.230174165315455,-0.973149450814896,0.));
#8589=DIRECTION('ref_axis',(-0.973149450814896,0.230174165315455,0.));
#8590=DIRECTION('',(0.973149450814896,-0.230174165315455,0.));
#8591=DIRECTION('',(-0.973149450814896,0.230174165315455,0.));
#8592=DIRECTION('',(0.,0.,-1.));
#8593=DIRECTION('center_axis',(-0.311705773444529,-0.950178673093302,0.));
#8594=DIRECTION('ref_axis',(-0.950178673093302,0.311705773444529,0.));
#8595=DIRECTION('',(0.950178673093302,-0.311705773444529,0.));
#8596=DIRECTION('',(-0.950178673093302,0.311705773444529,0.));
#8597=DIRECTION('',(0.,0.,-1.));
#8598=DIRECTION('center_axis',(-0.368350445969892,-0.929687016664093,0.));
#8599=DIRECTION('ref_axis',(-0.929687016664093,0.368350445969892,0.));
#8600=DIRECTION('',(0.929687016664093,-0.368350445969892,0.));
#8601=DIRECTION('',(-0.929687016664093,0.368350445969892,0.));
#8602=DIRECTION('',(0.,0.,-1.));
#8603=DIRECTION('center_axis',(-0.425874848373129,-0.904782080681953,0.));
#8604=DIRECTION('ref_axis',(-0.904782080681953,0.425874848373129,0.));
#8605=DIRECTION('',(0.904782080681953,-0.425874848373129,0.));
#8606=DIRECTION('',(-0.904782080681953,0.425874848373129,0.));
#8607=DIRECTION('',(0.,0.,-1.));
#8608=DIRECTION('center_axis',(-0.483473200190547,-0.875359163256723,0.));
#8609=DIRECTION('ref_axis',(-0.875359163256723,0.483473200190547,0.));
#8610=DIRECTION('',(0.875359163256723,-0.483473200190547,0.));
#8611=DIRECTION('',(-0.875359163256723,0.483473200190547,0.));
#8612=DIRECTION('',(0.,0.,-1.));
#8613=DIRECTION('center_axis',(-0.540266288456893,-0.84149411023311,0.));
#8614=DIRECTION('ref_axis',(-0.84149411023311,0.540266288456893,0.));
#8615=DIRECTION('',(0.84149411023311,-0.540266288456893,0.));
#8616=DIRECTION('',(-0.84149411023311,0.540266288456893,0.));
#8617=DIRECTION('',(0.,0.,-1.));
#8618=DIRECTION('center_axis',(-0.595361381989612,-0.803458041739218,0.));
#8619=DIRECTION('ref_axis',(-0.803458041739218,0.595361381989612,0.));
#8620=DIRECTION('',(0.803458041739218,-0.595361381989612,0.));
#8621=DIRECTION('',(-0.803458041739218,0.595361381989612,0.));
#8622=DIRECTION('',(0.,0.,-1.));
#8623=DIRECTION('center_axis',(-0.64791237398809,-0.761714878174975,0.));
#8624=DIRECTION('ref_axis',(-0.761714878174975,0.64791237398809,0.));
#8625=DIRECTION('',(0.761714878174975,-0.64791237398809,0.));
#8626=DIRECTION('',(-0.761714878174975,0.64791237398809,0.));
#8627=DIRECTION('',(0.,0.,-1.));
#8628=DIRECTION('center_axis',(-0.697185747878073,-0.716890530663987,0.));
#8629=DIRECTION('ref_axis',(-0.716890530663986,0.697185747878073,0.));
#8630=DIRECTION('',(0.716890530663986,-0.697185747878073,0.));
#8631=DIRECTION('',(-0.716890530663986,0.697185747878073,0.));
#8632=DIRECTION('',(0.,0.,-1.));
#8633=DIRECTION('center_axis',(-0.742606054072299,-0.669728488609503,0.));
#8634=DIRECTION('ref_axis',(-0.669728488609503,0.742606054072299,0.));
#8635=DIRECTION('',(0.669728488609503,-0.742606054072299,0.));
#8636=DIRECTION('',(-0.669728488609503,0.742606054072299,0.));
#8637=DIRECTION('',(0.,0.,-1.));
#8638=DIRECTION('center_axis',(-0.783787353282624,-0.6210292946667,0.));
#8639=DIRECTION('ref_axis',(-0.6210292946667,0.783787353282624,0.));
#8640=DIRECTION('',(0.6210292946667,-0.783787353282624,0.));
#8641=DIRECTION('',(-0.6210292946667,0.783787353282624,0.));
#8642=DIRECTION('',(0.,0.,-1.));
#8643=DIRECTION('center_axis',(-0.828722926784566,-0.559659102152036,0.));
#8644=DIRECTION('ref_axis',(-0.559659102152036,0.828722926784566,0.));
#8645=DIRECTION('',(0.559659102152036,-0.828722926784566,0.));
#8646=DIRECTION('',(-0.559659102152036,0.828722926784566,0.));
#8647=DIRECTION('',(0.,0.,-1.));
#8648=DIRECTION('center_axis',(-0.874131784158518,-0.485688813875557,0.));
#8649=DIRECTION('ref_axis',(-0.485688813875557,0.874131784158518,0.));
#8650=DIRECTION('',(0.485688813875557,-0.874131784158518,0.));
#8651=DIRECTION('',(-0.485688813875557,0.874131784158518,0.));
#8652=DIRECTION('',(0.,0.,-1.));
#8653=DIRECTION('center_axis',(-0.911442322627007,-0.411427870378621,0.));
#8654=DIRECTION('ref_axis',(-0.411427870378621,0.911442322627007,0.));
#8655=DIRECTION('',(0.411427870378621,-0.911442322627007,0.));
#8656=DIRECTION('',(-0.411427870378621,0.911442322627007,0.));
#8657=DIRECTION('',(0.,0.,-1.));
#8658=DIRECTION('center_axis',(-0.941501652922045,-0.337008364206376,0.));
#8659=DIRECTION('ref_axis',(-0.337008364206376,0.941501652922045,0.));
#8660=DIRECTION('',(0.337008364206376,-0.941501652922045,0.));
#8661=DIRECTION('',(-0.337008364206376,0.941501652922045,0.));
#8662=DIRECTION('',(0.,0.,-1.));
#8663=DIRECTION('center_axis',(-0.9649487431482,-0.262438417722538,0.));
#8664=DIRECTION('ref_axis',(-0.262438417722538,0.9649487431482,0.));
#8665=DIRECTION('',(0.262438417722538,-0.9649487431482,0.));
#8666=DIRECTION('',(-0.262438417722538,0.9649487431482,0.));
#8667=DIRECTION('',(0.,0.,-1.));
#8668=DIRECTION('center_axis',(-0.982230693612592,-0.187677554665778,0.));
#8669=DIRECTION('ref_axis',(-0.187677554665778,0.982230693612592,0.));
#8670=DIRECTION('',(0.187677554665778,-0.982230693612592,0.));
#8671=DIRECTION('',(-0.187677554665778,0.982230693612592,0.));
#8672=DIRECTION('',(0.,0.,-1.));
#8673=DIRECTION('center_axis',(-0.993629888309103,-0.112692701888097,0.));
#8674=DIRECTION('ref_axis',(-0.112692701888097,0.993629888309103,0.));
#8675=DIRECTION('',(0.112692701888097,-0.993629888309103,0.));
#8676=DIRECTION('',(-0.112692701888097,0.993629888309103,0.));
#8677=DIRECTION('',(0.,0.,-1.));
#8678=DIRECTION('center_axis',(-0.999296712974366,-0.03749772577941,0.));
#8679=DIRECTION('ref_axis',(-0.03749772577941,0.999296712974366,0.));
#8680=DIRECTION('',(0.03749772577941,-0.999296712974366,0.));
#8681=DIRECTION('',(-0.03749772577941,0.999296712974366,0.));
#8682=DIRECTION('',(0.,0.,-1.));
#8683=DIRECTION('center_axis',(-0.999296712974366,0.0374977257794052,0.));
#8684=DIRECTION('ref_axis',(0.0374977257794052,0.999296712974366,0.));
#8685=DIRECTION('',(-0.0374977257794052,-0.999296712974366,0.));
#8686=DIRECTION('',(0.0374977257794052,0.999296712974366,0.));
#8687=DIRECTION('',(0.,0.,-1.));
#8688=DIRECTION('center_axis',(-0.993629888309103,0.112692701888101,0.));
#8689=DIRECTION('ref_axis',(0.112692701888101,0.993629888309103,0.));
#8690=DIRECTION('',(-0.112692701888101,-0.993629888309103,0.));
#8691=DIRECTION('',(0.112692701888101,0.993629888309103,0.));
#8692=DIRECTION('',(0.,0.,-1.));
#8693=DIRECTION('center_axis',(-0.982230693612589,0.187677554665794,0.));
#8694=DIRECTION('ref_axis',(0.187677554665794,0.982230693612589,0.));
#8695=DIRECTION('',(-0.187677554665794,-0.982230693612589,0.));
#8696=DIRECTION('',(0.187677554665794,0.982230693612589,0.));
#8697=DIRECTION('center_axis',(0.,0.,-1.));
#8698=DIRECTION('ref_axis',(-1.,0.,0.));
#8699=DIRECTION('',(-0.187677554665785,0.982230693612591,0.));
#8700=DIRECTION('',(-0.112692701888098,0.993629888309103,0.));
#8701=DIRECTION('',(-0.0374977257794055,0.999296712974366,0.));
#8702=DIRECTION('',(0.0374977257794055,0.999296712974366,0.));
#8703=DIRECTION('',(0.112692701888098,0.993629888309103,0.));
#8704=DIRECTION('',(0.187677554665792,0.982230693612589,0.));
#8705=DIRECTION('',(0.26243841772252,0.964948743148205,0.));
#8706=DIRECTION('',(0.337008364206364,0.941501652922049,0.));
#8707=DIRECTION('',(0.411427870378631,0.911442322627002,0.));
#8708=DIRECTION('',(0.485688813875554,0.87413178415852,0.));
#8709=DIRECTION('',(0.559659102152038,0.828722926784564,0.));
#8710=DIRECTION('',(0.631176083952363,0.77563957547727,0.));
#8711=DIRECTION('',(0.700425887149517,0.713725140800583,0.));
#8712=DIRECTION('',(0.766343003780724,0.642431631036593,0.));
#8713=DIRECTION('',(0.825882150924072,0.563842773107032,0.));
#8714=DIRECTION('',(0.876625158412265,0.481173909972966,0.));
#8715=DIRECTION('',(0.917281975886486,0.398238341591797,0.));
#8716=DIRECTION('',(0.947839637570521,0.318747582657788,0.));
#8717=DIRECTION('',(0.969340032195783,0.245723222310545,0.));
#8718=DIRECTION('',(0.988125784877466,0.153647106254209,0.));
#8719=DIRECTION('',(0.99795954791056,0.0638493597003948,0.));
#8720=DIRECTION('',(0.99998865312674,0.00476378187669095,0.));
#8721=DIRECTION('',(0.999988653122448,-0.00476378277763777,0.));
#8722=DIRECTION('',(0.997959549530427,-0.0638493343820297,0.));
#8723=DIRECTION('',(0.988125775186281,-0.153647168579544,0.));
#8724=DIRECTION('',(0.969340032195784,-0.245723222310542,0.));
#8725=DIRECTION('',(0.947839722826682,-0.318747329136792,0.));
#8726=DIRECTION('',(0.917281843290061,-0.398238647007529,0.));
#8727=DIRECTION('',(0.876625349320938,-0.481173562166443,0.));
#8728=DIRECTION('',(0.825882150924215,-0.563842773106823,0.));
#8729=DIRECTION('',(0.766343003780724,-0.642431631036593,0.));
#8730=DIRECTION('',(0.700425887149515,-0.713725140800585,0.));
#8731=DIRECTION('',(0.631175667373341,-0.77563991446793,0.));
#8732=DIRECTION('',(0.559659328238377,-0.828722774102274,0.));
#8733=DIRECTION('',(0.485688569250977,-0.874131920077822,0.));
#8734=DIRECTION('',(0.411427870378622,-0.911442322627006,0.));
#8735=DIRECTION('',(0.337008364206367,-0.941501652922048,0.));
#8736=DIRECTION('',(0.262438417722529,-0.964948743148202,0.));
#8737=DIRECTION('',(0.187677833021422,-0.982230640426363,0.));
#8738=DIRECTION('',(0.112692423852377,-0.993629919842532,0.));
#8739=DIRECTION('',(0.03749772577941,-0.999296712974366,0.));
#8740=DIRECTION('',(-0.0374977257794101,-0.999296712974366,0.));
#8741=DIRECTION('',(-0.112692423852376,-0.993629919842532,0.));
#8742=DIRECTION('',(-0.187677833021425,-0.982230640426362,0.));
#8743=DIRECTION('',(-0.262438417722529,-0.964948743148202,0.));
#8744=DIRECTION('',(-0.337008364206367,-0.941501652922048,0.));
#8745=DIRECTION('',(-0.411427870378621,-0.911442322627007,0.));
#8746=DIRECTION('',(-0.485688569250974,-0.874131920077823,0.));
#8747=DIRECTION('',(-0.559659328238377,-0.828722774102274,0.));
#8748=DIRECTION('',(-0.621029294666701,-0.783787353282623,0.));
#8749=DIRECTION('',(-0.669728101257076,-0.742606403410711,0.));
#8750=DIRECTION('',(-0.716890881848537,-0.6971853867677,0.));
#8751=DIRECTION('',(-0.761714878174981,-0.647912373988084,0.));
#8752=DIRECTION('',(-0.803458041739224,-0.595361381989604,0.));
#8753=DIRECTION('',(-0.841494110233103,-0.540266288456903,0.));
#8754=DIRECTION('',(-0.875358982317359,-0.4834735277927,0.));
#8755=DIRECTION('',(-0.904782080681959,-0.425874848373117,0.));
#8756=DIRECTION('',(-0.929687122641654,-0.368350178490905,0.));
#8757=DIRECTION('',(-0.950178673093302,-0.31170577344453,0.));
#8758=DIRECTION('',(-0.973149430275816,-0.230174252152264,0.));
#8759=DIRECTION('',(-0.991583694915579,-0.12946727763249,0.));
#8760=DIRECTION('',(-0.99918582913492,-0.0403445021776509,0.));
#8761=DIRECTION('',(-0.99918582913492,0.0403445021776506,0.));
#8762=DIRECTION('',(-0.991583694915579,0.129467277632491,0.));
#8763=DIRECTION('',(-0.973149450814897,0.230174165315451,0.));
#8764=DIRECTION('',(-0.950178673093103,0.311705773445135,0.));
#8765=DIRECTION('',(-0.929687016663441,0.368350445971539,0.));
#8766=DIRECTION('',(-0.904782080681788,0.42587484837348,0.));
#8767=DIRECTION('',(-0.875359163256726,0.483473200190543,0.));
#8768=DIRECTION('',(-0.841494110233107,0.540266288456897,0.));
#8769=DIRECTION('',(-0.803458041738986,0.595361381989926,0.));
#8770=DIRECTION('',(-0.761714878174017,0.647912373989217,0.));
#8771=DIRECTION('',(-0.716890530663571,0.6971857478785,0.));
#8772=DIRECTION('',(-0.669728488608608,0.742606054073106,0.));
#8773=DIRECTION('',(-0.621029294666791,0.783787353282552,0.));
#8774=DIRECTION('',(-0.559659102152038,0.828722926784565,0.));
#8775=DIRECTION('',(-0.485688813875553,0.87413178415852,0.));
#8776=DIRECTION('',(-0.411427870378629,0.911442322627003,0.));
#8777=DIRECTION('',(-0.337008364206369,0.941501652922047,0.));
#8778=DIRECTION('',(-0.262438417722531,0.964948743148202,0.));
#8779=DIRECTION('center_axis',(0.999296712974366,0.03749772577941,0.));
#8780=DIRECTION('ref_axis',(-0.03749772577941,0.999296712974366,0.));
#8781=DIRECTION('',(0.,0.,1.));
#8782=DIRECTION('',(0.03749772577941,-0.999296712974366,0.));
#8783=DIRECTION('',(0.,0.,1.));
#8784=DIRECTION('center_axis',(0.993629919842532,0.112692423852377,0.));
#8785=DIRECTION('ref_axis',(-0.112692423852377,0.993629919842532,0.));
#8786=DIRECTION('',(0.,0.,1.));
#8787=DIRECTION('',(0.112692423852377,-0.993629919842532,0.));
#8788=DIRECTION('center_axis',(0.982230640426363,0.187677833021422,0.));
#8789=DIRECTION('ref_axis',(-0.187677833021422,0.982230640426363,0.));
#8790=DIRECTION('',(0.,0.,1.));
#8791=DIRECTION('',(0.187677833021422,-0.982230640426363,0.));
#8792=DIRECTION('center_axis',(0.964948743148202,0.262438417722529,0.));
#8793=DIRECTION('ref_axis',(-0.262438417722529,0.964948743148202,0.));
#8794=DIRECTION('',(0.,0.,1.));
#8795=DIRECTION('',(0.262438417722529,-0.964948743148202,0.));
#8796=DIRECTION('center_axis',(0.941501652922048,0.337008364206367,0.));
#8797=DIRECTION('ref_axis',(-0.337008364206367,0.941501652922048,0.));
#8798=DIRECTION('',(0.,0.,1.));
#8799=DIRECTION('',(0.337008364206367,-0.941501652922048,0.));
#8800=DIRECTION('center_axis',(0.911442322627006,0.411427870378622,0.));
#8801=DIRECTION('ref_axis',(-0.411427870378622,0.911442322627006,0.));
#8802=DIRECTION('',(0.,0.,1.));
#8803=DIRECTION('',(0.411427870378623,-0.911442322627006,0.));
#8804=DIRECTION('center_axis',(0.874131920077822,0.485688569250977,0.));
#8805=DIRECTION('ref_axis',(-0.485688569250977,0.874131920077822,0.));
#8806=DIRECTION('',(0.,0.,1.));
#8807=DIRECTION('',(0.485688569250977,-0.874131920077822,0.));
#8808=DIRECTION('center_axis',(0.828722774102274,0.559659328238377,0.));
#8809=DIRECTION('ref_axis',(-0.559659328238377,0.828722774102274,0.));
#8810=DIRECTION('',(0.,0.,1.));
#8811=DIRECTION('',(0.559659328238377,-0.828722774102274,0.));
#8812=DIRECTION('center_axis',(0.77563991446793,0.631175667373341,0.));
#8813=DIRECTION('ref_axis',(-0.631175667373341,0.77563991446793,0.));
#8814=DIRECTION('',(0.,0.,1.));
#8815=DIRECTION('',(0.631175667373341,-0.77563991446793,0.));
#8816=DIRECTION('center_axis',(0.713725140800585,0.700425887149515,0.));
#8817=DIRECTION('ref_axis',(-0.700425887149515,0.713725140800585,0.));
#8818=DIRECTION('',(0.,0.,1.));
#8819=DIRECTION('',(0.700425887149515,-0.713725140800585,0.));
#8820=DIRECTION('center_axis',(0.642431631036593,0.766343003780725,0.));
#8821=DIRECTION('ref_axis',(-0.766343003780724,0.642431631036593,0.));
#8822=DIRECTION('',(0.,0.,1.));
#8823=DIRECTION('',(0.766343003780724,-0.642431631036593,0.));
#8824=DIRECTION('center_axis',(0.563842773106823,0.825882150924215,0.));
#8825=DIRECTION('ref_axis',(-0.825882150924215,0.563842773106823,0.));
#8826=DIRECTION('',(0.,0.,1.));
#8827=DIRECTION('',(0.825882150924215,-0.563842773106823,0.));
#8828=DIRECTION('center_axis',(0.481173562166443,0.876625349320938,0.));
#8829=DIRECTION('ref_axis',(-0.876625349320938,0.481173562166443,0.));
#8830=DIRECTION('',(0.,0.,1.));
#8831=DIRECTION('',(0.876625349320938,-0.481173562166443,0.));
#8832=DIRECTION('center_axis',(0.398238647007529,0.917281843290061,0.));
#8833=DIRECTION('ref_axis',(-0.917281843290061,0.398238647007529,0.));
#8834=DIRECTION('',(0.,0.,1.));
#8835=DIRECTION('',(0.917281843290061,-0.398238647007529,0.));
#8836=DIRECTION('center_axis',(0.318747329136792,0.947839722826682,0.));
#8837=DIRECTION('ref_axis',(-0.947839722826682,0.318747329136792,0.));
#8838=DIRECTION('',(0.,0.,1.));
#8839=DIRECTION('',(0.947839722826682,-0.318747329136792,0.));
#8840=DIRECTION('center_axis',(0.245723222310542,0.969340032195784,0.));
#8841=DIRECTION('ref_axis',(-0.969340032195784,0.245723222310542,0.));
#8842=DIRECTION('',(0.,0.,1.));
#8843=DIRECTION('',(0.969340032195784,-0.245723222310542,0.));
#8844=DIRECTION('center_axis',(0.153647168579544,0.988125775186281,0.));
#8845=DIRECTION('ref_axis',(-0.988125775186281,0.153647168579544,0.));
#8846=DIRECTION('',(0.,0.,1.));
#8847=DIRECTION('',(0.988125775186281,-0.153647168579544,0.));
#8848=DIRECTION('center_axis',(0.0638493343820297,0.997959549530427,0.));
#8849=DIRECTION('ref_axis',(-0.997959549530427,0.0638493343820297,0.));
#8850=DIRECTION('',(0.,0.,1.));
#8851=DIRECTION('',(0.997959549530427,-0.0638493343820297,0.));
#8852=DIRECTION('center_axis',(0.00476378277763777,0.999988653122448,0.));
#8853=DIRECTION('ref_axis',(-0.999988653122448,0.00476378277763777,0.));
#8854=DIRECTION('',(0.,0.,1.));
#8855=DIRECTION('',(0.999988653122448,-0.00476378277763777,0.));
#8856=DIRECTION('center_axis',(-0.00476378187669095,0.99998865312674,0.));
#8857=DIRECTION('ref_axis',(-0.99998865312674,-0.00476378187669095,0.));
#8858=DIRECTION('',(0.,0.,1.));
#8859=DIRECTION('',(0.99998865312674,0.00476378187669095,0.));
#8860=DIRECTION('center_axis',(-0.0638493597003948,0.99795954791056,0.));
#8861=DIRECTION('ref_axis',(-0.99795954791056,-0.0638493597003948,0.));
#8862=DIRECTION('',(0.,0.,1.));
#8863=DIRECTION('',(0.99795954791056,0.0638493597003948,0.));
#8864=DIRECTION('center_axis',(-0.153647106254209,0.988125784877466,0.));
#8865=DIRECTION('ref_axis',(-0.988125784877466,-0.153647106254209,0.));
#8866=DIRECTION('',(0.,0.,1.));
#8867=DIRECTION('',(0.988125784877466,0.153647106254209,0.));
#8868=DIRECTION('center_axis',(-0.245723222310545,0.969340032195783,0.));
#8869=DIRECTION('ref_axis',(-0.969340032195783,-0.245723222310545,0.));
#8870=DIRECTION('',(0.,0.,1.));
#8871=DIRECTION('',(0.969340032195783,0.245723222310545,0.));
#8872=DIRECTION('center_axis',(-0.318747582657788,0.947839637570521,0.));
#8873=DIRECTION('ref_axis',(-0.947839637570521,-0.318747582657788,0.));
#8874=DIRECTION('',(0.,0.,1.));
#8875=DIRECTION('',(0.947839637570521,0.318747582657788,0.));
#8876=DIRECTION('center_axis',(-0.398238341591797,0.917281975886486,0.));
#8877=DIRECTION('ref_axis',(-0.917281975886486,-0.398238341591797,0.));
#8878=DIRECTION('',(0.,0.,1.));
#8879=DIRECTION('',(0.917281975886486,0.398238341591797,0.));
#8880=DIRECTION('center_axis',(-0.481173909972966,0.876625158412265,0.));
#8881=DIRECTION('ref_axis',(-0.876625158412265,-0.481173909972966,0.));
#8882=DIRECTION('',(0.,0.,1.));
#8883=DIRECTION('',(0.876625158412265,0.481173909972966,0.));
#8884=DIRECTION('center_axis',(-0.563842773107032,0.825882150924072,0.));
#8885=DIRECTION('ref_axis',(-0.825882150924072,-0.563842773107032,0.));
#8886=DIRECTION('',(0.,0.,1.));
#8887=DIRECTION('',(0.825882150924072,0.563842773107032,0.));
#8888=DIRECTION('center_axis',(-0.642431631036593,0.766343003780725,0.));
#8889=DIRECTION('ref_axis',(-0.766343003780724,-0.642431631036593,0.));
#8890=DIRECTION('',(0.,0.,1.));
#8891=DIRECTION('',(0.766343003780724,0.642431631036593,0.));
#8892=DIRECTION('center_axis',(-0.713725140800583,0.700425887149517,0.));
#8893=DIRECTION('ref_axis',(-0.700425887149517,-0.713725140800583,0.));
#8894=DIRECTION('',(0.,0.,1.));
#8895=DIRECTION('',(0.700425887149517,0.713725140800583,0.));
#8896=DIRECTION('center_axis',(-0.77563957547727,0.631176083952363,0.));
#8897=DIRECTION('ref_axis',(-0.631176083952363,-0.77563957547727,0.));
#8898=DIRECTION('',(0.,0.,1.));
#8899=DIRECTION('',(0.631176083952363,0.77563957547727,0.));
#8900=DIRECTION('center_axis',(-0.828722926784564,0.559659102152038,0.));
#8901=DIRECTION('ref_axis',(-0.559659102152038,-0.828722926784564,0.));
#8902=DIRECTION('',(0.,0.,1.));
#8903=DIRECTION('',(0.559659102152038,0.828722926784564,0.));
#8904=DIRECTION('center_axis',(-0.87413178415852,0.485688813875554,0.));
#8905=DIRECTION('ref_axis',(-0.485688813875554,-0.87413178415852,0.));
#8906=DIRECTION('',(0.,0.,1.));
#8907=DIRECTION('',(0.485688813875554,0.87413178415852,0.));
#8908=DIRECTION('center_axis',(-0.911442322627002,0.411427870378631,0.));
#8909=DIRECTION('ref_axis',(-0.411427870378631,-0.911442322627002,0.));
#8910=DIRECTION('',(0.,0.,1.));
#8911=DIRECTION('',(0.411427870378631,0.911442322627002,0.));
#8912=DIRECTION('center_axis',(-0.941501652922049,0.337008364206364,0.));
#8913=DIRECTION('ref_axis',(-0.337008364206364,-0.941501652922049,0.));
#8914=DIRECTION('',(0.,0.,1.));
#8915=DIRECTION('',(0.337008364206364,0.941501652922049,0.));
#8916=DIRECTION('center_axis',(-0.964948743148205,0.26243841772252,0.));
#8917=DIRECTION('ref_axis',(-0.26243841772252,-0.964948743148205,0.));
#8918=DIRECTION('',(0.,0.,1.));
#8919=DIRECTION('',(0.26243841772252,0.964948743148205,0.));
#8920=DIRECTION('center_axis',(-0.98223069361259,0.187677554665792,0.));
#8921=DIRECTION('ref_axis',(-0.187677554665792,-0.982230693612589,0.));
#8922=DIRECTION('',(0.,0.,1.));
#8923=DIRECTION('',(0.187677554665792,0.982230693612589,0.));
#8924=DIRECTION('center_axis',(-0.993629888309103,0.112692701888098,0.));
#8925=DIRECTION('ref_axis',(-0.112692701888098,-0.993629888309103,0.));
#8926=DIRECTION('',(0.,0.,1.));
#8927=DIRECTION('',(0.112692701888098,0.993629888309103,0.));
#8928=DIRECTION('center_axis',(-0.999296712974366,0.0374977257794055,0.));
#8929=DIRECTION('ref_axis',(-0.0374977257794055,-0.999296712974366,0.));
#8930=DIRECTION('',(0.,0.,1.));
#8931=DIRECTION('',(0.0374977257794055,0.999296712974366,0.));
#8932=DIRECTION('center_axis',(-0.999296712974366,-0.0374977257794055,0.));
#8933=DIRECTION('ref_axis',(0.0374977257794055,-0.999296712974366,0.));
#8934=DIRECTION('',(0.,0.,1.));
#8935=DIRECTION('',(-0.0374977257794055,0.999296712974366,0.));
#8936=DIRECTION('center_axis',(-0.993629888309103,-0.112692701888098,0.));
#8937=DIRECTION('ref_axis',(0.112692701888098,-0.993629888309103,0.));
#8938=DIRECTION('',(0.,0.,1.));
#8939=DIRECTION('',(-0.112692701888098,0.993629888309103,0.));
#8940=DIRECTION('center_axis',(-9.60192886162313E-15,-1.,0.));
#8941=DIRECTION('ref_axis',(0.707106781186553,-2.51214793389402E-14,-0.707106781186542));
#8942=DIRECTION('center_axis',(-1.77635683940023E-14,-1.,0.));
#8943=DIRECTION('ref_axis',(0.,0.,-1.));
#8944=DIRECTION('',(-9.60192886162313E-15,-1.,0.));
#8945=DIRECTION('center_axis',(1.77635683940023E-14,1.,0.));
#8946=DIRECTION('ref_axis',(1.,-1.77635683940023E-14,0.));
#8947=DIRECTION('',(9.60192886162313E-15,1.,0.));
#8948=DIRECTION('center_axis',(0.,0.,-1.));
#8949=DIRECTION('ref_axis',(-1.,0.,0.));
#8950=DIRECTION('center_axis',(1.,0.,0.));
#8951=DIRECTION('ref_axis',(0.,-1.,0.));
#8952=DIRECTION('center_axis',(0.,0.,1.));
#8953=DIRECTION('ref_axis',(0.707106781186551,-0.707106781186544,0.));
#8954=DIRECTION('center_axis',(0.,0.,-1.));
#8955=DIRECTION('ref_axis',(0.707106781186552,-0.707106781186543,0.));
#8956=DIRECTION('center_axis',(-1.,0.,0.));
#8957=DIRECTION('ref_axis',(0.,-0.70710678118654,-0.707106781186555));
#8958=DIRECTION('center_axis',(1.,0.,0.));
#8959=DIRECTION('ref_axis',(0.,-1.,0.));
#8960=DIRECTION('',(1.,0.,0.));
#8961=DIRECTION('',(-1.,0.,0.));
#8962=DIRECTION('center_axis',(0.,0.,-1.));
#8963=DIRECTION('ref_axis',(-1.,0.,0.));
#8964=DIRECTION('center_axis',(0.,-1.,0.));
#8965=DIRECTION('ref_axis',(-1.,0.,0.));
#8966=DIRECTION('center_axis',(0.,0.,1.));
#8967=DIRECTION('ref_axis',(-0.707106781186548,-0.707106781186548,0.));
#8968=DIRECTION('center_axis',(0.,0.,-1.));
#8969=DIRECTION('ref_axis',(-0.707106781186548,-0.707106781186548,0.));
#8970=DIRECTION('center_axis',(0.,1.,0.));
#8971=DIRECTION('ref_axis',(-0.707106781186553,0.,-0.707106781186542));
#8972=DIRECTION('center_axis',(0.,-1.,0.));
#8973=DIRECTION('ref_axis',(-1.,0.,0.));
#8974=DIRECTION('',(0.,-1.,0.));
#8975=DIRECTION('',(0.,1.,0.));
#8976=DIRECTION('center_axis',(0.,0.,-1.));
#8977=DIRECTION('ref_axis',(-1.,0.,0.));
#8978=DIRECTION('center_axis',(-1.,1.77635683940026E-14,0.));
#8979=DIRECTION('ref_axis',(1.77635683940026E-14,1.,0.));
#8980=DIRECTION('center_axis',(0.,0.,1.));
#8981=DIRECTION('ref_axis',(-0.707106781186544,0.707106781186551,0.));
#8982=DIRECTION('center_axis',(0.,0.,-1.));
#8983=DIRECTION('ref_axis',(-0.707106781186543,0.707106781186552,0.));
#8984=DIRECTION('center_axis',(1.,9.60192886162212E-15,0.));
#8985=DIRECTION('ref_axis',(0.,0.707106781186553,-0.707106781186542));
#8986=DIRECTION('center_axis',(-1.,0.,0.));
#8987=DIRECTION('ref_axis',(0.,1.,0.));
#8988=DIRECTION('',(-1.,-9.60192886162212E-15,0.));
#8989=DIRECTION('',(1.,9.60192886162212E-15,0.));
#8990=DIRECTION('center_axis',(0.,0.,-1.));
#8991=DIRECTION('ref_axis',(-1.,0.,0.));
#8992=DIRECTION('center_axis',(0.,0.,1.));
#8993=DIRECTION('ref_axis',(0.707106781186578,0.707106781186517,0.));
#8994=DIRECTION('center_axis',(0.,0.,-1.));
#8995=DIRECTION('ref_axis',(0.707106781186578,0.707106781186517,0.));
#8996=DIRECTION('center_axis',(0.,0.,-1.));
#8997=DIRECTION('ref_axis',(-1.,0.,0.));
#8998=DIRECTION('',(0.,0.,-1.));
#8999=DIRECTION('center_axis',(0.,0.,1.));
#9000=DIRECTION('ref_axis',(-1.,0.,0.));
#9001=DIRECTION('',(0.,0.,-1.));
#9002=DIRECTION('center_axis',(0.,-1.,0.));
#9003=DIRECTION('ref_axis',(-1.,0.,0.));
#9004=DIRECTION('',(0.,0.,-1.));
#9005=DIRECTION('',(1.,0.,0.));
#9006=DIRECTION('center_axis',(0.,0.,-1.));
#9007=DIRECTION('ref_axis',(8.07434927000115E-15,-1.,0.));
#9008=DIRECTION('',(0.,0.,-1.));
#9009=DIRECTION('center_axis',(0.,0.,1.));
#9010=DIRECTION('ref_axis',(8.07434927000115E-15,-1.,0.));
#9011=DIRECTION('center_axis',(1.,-9.60192886162313E-15,0.));
#9012=DIRECTION('ref_axis',(-9.60192886162313E-15,-1.,0.));
#9013=DIRECTION('',(0.,0.,-1.));
#9014=DIRECTION('',(9.60192886162313E-15,1.,0.));
#9015=DIRECTION('center_axis',(0.,0.,1.));
#9016=DIRECTION('ref_axis',(-1.,0.,0.));
#9017=DIRECTION('',(-9.601928861623E-15,-1.,0.));
#9018=DIRECTION('center_axis',(0.,0.,1.));
#9019=DIRECTION('ref_axis',(-1.,2.96059473233364E-14,0.));
#9020=DIRECTION('',(1.,9.60192886162267E-15,0.));
#9021=DIRECTION('center_axis',(0.,0.,1.));
#9022=DIRECTION('ref_axis',(5.92118946466763E-14,-1.,0.));
#9023=DIRECTION('',(9.601928861623E-15,1.,0.));
#9024=DIRECTION('center_axis',(0.,0.,1.));
#9025=DIRECTION('ref_axis',(1.,-2.96059473233364E-14,0.));
#9026=DIRECTION('',(-1.,-9.60192886162267E-15,0.));
#9027=DIRECTION('center_axis',(0.,0.,1.));
#9028=DIRECTION('ref_axis',(-5.92118946466763E-14,1.,0.));
#9029=DIRECTION('',(0.,-1.,0.));
#9030=DIRECTION('center_axis',(0.,0.,1.));
#9031=DIRECTION('ref_axis',(-1.,0.,0.));
#9032=DIRECTION('',(1.,0.,0.));
#9033=DIRECTION('center_axis',(0.,0.,1.));
#9034=DIRECTION('ref_axis',(-2.96059473233381E-14,-1.,0.));
#9035=DIRECTION('',(0.,1.,0.));
#9036=DIRECTION('center_axis',(0.,0.,1.));
#9037=DIRECTION('ref_axis',(1.,0.,0.));
#9038=DIRECTION('',(-1.,0.,0.));
#9039=DIRECTION('center_axis',(0.,0.,1.));
#9040=DIRECTION('ref_axis',(0.,1.,0.));
#9041=DIRECTION('',(0.,-1.,0.));
#9042=DIRECTION('center_axis',(0.,0.,1.));
#9043=DIRECTION('ref_axis',(-1.,0.,0.));
#9044=DIRECTION('',(1.,0.,0.));
#9045=DIRECTION('center_axis',(0.,0.,1.));
#9046=DIRECTION('ref_axis',(0.,-1.,0.));
#9047=DIRECTION('',(0.,1.,0.));
#9048=DIRECTION('center_axis',(0.,0.,1.));
#9049=DIRECTION('ref_axis',(1.,0.,0.));
#9050=DIRECTION('',(-1.,0.,0.));
#9051=DIRECTION('center_axis',(0.,0.,1.));
#9052=DIRECTION('ref_axis',(2.96059473233381E-14,1.,0.));
#9053=DIRECTION('center_axis',(1.,7.93384472989761E-16,0.));
#9054=DIRECTION('ref_axis',(0.,0.899218410621135,0.437499999999999));
#9055=DIRECTION('',(1.,7.93384472989761E-16,0.));
#9056=DIRECTION('center_axis',(-0.707106781186552,-0.707106781186543,0.));
#9057=DIRECTION('ref_axis',(-0.707106781186543,0.707106781186552,0.));
#9058=DIRECTION('',(1.,7.93384472989761E-16,0.));
#9059=DIRECTION('center_axis',(0.707106781186548,-0.707106781186548,0.));
#9060=DIRECTION('ref_axis',(-0.707106781186548,-0.707106781186548,0.));
#9061=DIRECTION('center_axis',(0.,1.,0.));
#9062=DIRECTION('ref_axis',(-0.899218410621133,0.,0.437500000000003));
#9063=DIRECTION('',(0.,1.,0.));
#9064=DIRECTION('',(0.,1.,0.));
#9065=DIRECTION('center_axis',(-0.70710678118655,0.707106781186545,0.));
#9066=DIRECTION('ref_axis',(0.707106781186545,0.70710678118655,0.));
#9067=DIRECTION('center_axis',(0.,-1.,0.));
#9068=DIRECTION('ref_axis',(0.899218410621135,0.,0.437499999999999));
#9069=DIRECTION('',(0.,-1.,0.));
#9070=DIRECTION('',(0.,-1.,0.));
#9071=DIRECTION('center_axis',(-0.707106781186545,-0.70710678118655,0.));
#9072=DIRECTION('ref_axis',(-0.70710678118655,0.707106781186545,0.));
#9073=DIRECTION('center_axis',(-1.,0.,0.));
#9074=DIRECTION('ref_axis',(0.,-0.899218410621135,0.437500000000001));
#9075=DIRECTION('',(-1.,0.,0.));
#9076=DIRECTION('',(-1.,0.,0.));
#9077=DIRECTION('center_axis',(0.,0.,1.));
#9078=DIRECTION('ref_axis',(-1.,0.,0.));
#9079=DIRECTION('center_axis',(0.,0.,1.));
#9080=DIRECTION('ref_axis',(0.927218911506687,0.37451981275275,0.));
#9081=DIRECTION('',(-0.485688569251351,0.874131920077614,0.));
#9082=DIRECTION('',(-0.559659328238481,0.828722774102203,0.));
#9083=DIRECTION('',(-0.631175667373768,0.775639914467583,0.));
#9084=DIRECTION('',(-0.700425887149718,0.713725140800386,0.));
#9085=DIRECTION('',(-0.766343003780733,0.642431631036582,0.));
#9086=DIRECTION('',(-0.825882150924287,0.563842773106718,0.));
#9087=DIRECTION('',(-0.876625349320963,0.481173562166397,0.));
#9088=DIRECTION('',(-0.917281843290089,0.398238647007464,0.));
#9089=DIRECTION('',(-0.947839722826816,0.318747329136393,0.));
#9090=DIRECTION('',(-0.969340032195905,0.245723222310066,0.));
#9091=DIRECTION('',(-0.988125775186316,0.153647168579324,0.));
#9092=DIRECTION('',(-0.997959549530417,0.0638493343821714,0.));
#9093=DIRECTION('',(-0.999988653122453,0.0047637827766565,0.));
#9094=DIRECTION('',(-0.99998865312674,-0.00476378187658244,0.));
#9095=DIRECTION('',(-0.997959547910537,-0.0638493597007538,0.));
#9096=DIRECTION('',(-0.988125784877441,-0.153647106254369,0.));
#9097=DIRECTION('',(-0.969340032195741,-0.245723222310713,0.));
#9098=DIRECTION('',(-0.947839637570496,-0.318747582657862,0.));
#9099=DIRECTION('',(-0.917281975886396,-0.398238341592004,0.));
#9100=DIRECTION('',(-0.876625158412266,-0.481173909972964,0.));
#9101=DIRECTION('',(-0.825882150924013,-0.56384277310712,0.));
#9102=DIRECTION('',(-0.766343003780697,-0.642431631036626,0.));
#9103=DIRECTION('',(-0.700425887149472,-0.713725140800628,0.));
#9104=DIRECTION('',(-0.631176083952398,-0.775639575477241,0.));
#9105=DIRECTION('',(-0.559659102152032,-0.828722926784568,0.));
#9106=DIRECTION('',(-0.485688813875553,-0.874131784158521,0.));
#9107=DIRECTION('center_axis',(0.,0.,1.));
#9108=DIRECTION('ref_axis',(-0.927218911506657,0.374519812752825,0.));
#9109=DIRECTION('',(-0.262438417722638,-0.964948743148173,0.));
#9110=DIRECTION('',(-0.187677554665901,-0.982230693612569,0.));
#9111=DIRECTION('',(-0.112692701888199,-0.993629888309091,0.));
#9112=DIRECTION('',(-0.0374977257794105,-0.999296712974366,0.));
#9113=DIRECTION('',(0.0374977257793047,-0.99929671297437,0.));
#9114=DIRECTION('',(0.112692701887861,-0.99362988830913,0.));
#9115=DIRECTION('',(0.187677554665638,-0.982230693612619,0.));
#9116=DIRECTION('',(0.26243841772236,-0.964948743148248,0.));
#9117=DIRECTION('',(0.337008364206408,-0.941501652922033,0.));
#9118=DIRECTION('',(0.411427870378612,-0.911442322627011,0.));
#9119=DIRECTION('',(0.485688813875649,-0.874131784158467,0.));
#9120=DIRECTION('',(0.559659102151977,-0.828722926784605,0.));
#9121=DIRECTION('',(0.621029294666336,-0.783787353282913,0.));
#9122=DIRECTION('',(0.669728488609059,-0.7426060540727,0.));
#9123=DIRECTION('',(0.716890530663667,-0.697185747878401,0.));
#9124=DIRECTION('',(0.761714878174705,-0.647912373988408,0.));
#9125=DIRECTION('',(0.803458041739023,-0.595361381989876,0.));
#9126=DIRECTION('',(0.841494110233035,-0.540266288457009,0.));
#9127=DIRECTION('',(0.875359163256536,-0.483473200190886,0.));
#9128=DIRECTION('',(0.904782080681793,-0.42587484837347,0.));
#9129=DIRECTION('',(0.929687016663917,-0.368350445970337,0.));
#9130=DIRECTION('',(0.950178673093302,-0.311705773444528,0.));
#9131=DIRECTION('',(0.973149450814838,-0.230174165315701,0.));
#9132=DIRECTION('',(0.991583694915563,-0.129467277632611,0.));
#9133=DIRECTION('center_axis',(0.,0.,1.));
#9134=DIRECTION('ref_axis',(1.29189588320018E-14,-1.,0.));
#9135=DIRECTION('center_axis',(0.,0.,1.));
#9136=DIRECTION('ref_axis',(1.29189588320018E-14,-1.,0.));
#9137=DIRECTION('',(0.991583694915621,0.129467277632169,0.));
#9138=DIRECTION('',(0.973149430275857,0.230174252152094,0.));
#9139=DIRECTION('',(0.950178673093487,0.311705773443963,0.));
#9140=DIRECTION('',(0.929687122641767,0.36835017849062,0.));
#9141=DIRECTION('',(0.904782080682248,0.425874848372503,0.));
#9142=DIRECTION('',(0.875358982317461,0.483473527792514,0.));
#9143=DIRECTION('',(0.841494110233378,0.540266288456476,0.));
#9144=DIRECTION('',(0.803458041739384,0.595361381989388,0.));
#9145=DIRECTION('',(0.761714878175096,0.647912373987948,0.));
#9146=DIRECTION('',(0.716890881848658,0.697185386767576,0.));
#9147=DIRECTION('',(0.669728101257128,0.742606403410664,0.));
#9148=DIRECTION('',(0.621029294666828,0.783787353282522,0.));
#9149=DIRECTION('',(0.559659328238382,0.82872277410227,0.));
#9150=DIRECTION('',(0.485688569250978,0.874131920077821,0.));
#9151=DIRECTION('',(0.411427870378613,0.91144232262701,0.));
#9152=DIRECTION('',(0.337008364206365,0.941501652922049,0.));
#9153=DIRECTION('',(0.262438417722436,0.964948743148228,0.));
#9154=DIRECTION('',(0.187677833021361,0.982230640426375,0.));
#9155=DIRECTION('',(0.112692423852254,0.993629919842546,0.));
#9156=DIRECTION('',(0.0374977257792638,0.999296712974372,0.));
#9157=DIRECTION('',(-0.0374977257794401,0.999296712974365,0.));
#9158=DIRECTION('',(-0.112692423852504,0.993629919842517,0.));
#9159=DIRECTION('',(-0.187677833021422,0.982230640426363,0.));
#9160=DIRECTION('',(-0.262438417722584,0.964948743148187,0.));
#9161=DIRECTION('center_axis',(0.,0.,1.));
#9162=DIRECTION('ref_axis',(0.927218911506687,0.37451981275275,0.));
#9163=DIRECTION('',(9.60192886162309E-15,1.,0.));
#9164=DIRECTION('center_axis',(0.,0.,1.));
#9165=DIRECTION('ref_axis',(0.707106781186553,-0.707106781186542,0.));
#9166=DIRECTION('',(1.,0.,0.));
#9167=DIRECTION('center_axis',(0.,0.,1.));
#9168=DIRECTION('ref_axis',(-0.707106781186547,-0.707106781186547,0.));
#9169=DIRECTION('',(0.,-1.,0.));
#9170=DIRECTION('center_axis',(0.,0.,1.));
#9171=DIRECTION('ref_axis',(-0.707106781186542,0.707106781186553,0.));
#9172=DIRECTION('',(-1.,-9.6019288616223E-15,0.));
#9173=DIRECTION('center_axis',(0.,0.,1.));
#9174=DIRECTION('ref_axis',(0.707106781186579,0.707106781186516,0.));
#9175=DIRECTION('center_axis',(-9.60192886162309E-15,-1.,0.));
#9176=DIRECTION('ref_axis',(-0.70710678118654,0.,0.707106781186555));
#9177=DIRECTION('center_axis',(-1.11022302462516E-14,-1.,0.));
#9178=DIRECTION('ref_axis',(0.,0.,1.));
#9179=DIRECTION('',(-9.60192886162309E-15,-1.,0.));
#9180=DIRECTION('center_axis',(1.11022302462516E-14,1.,0.));
#9181=DIRECTION('ref_axis',(-1.,1.11022302462516E-14,0.));
#9182=DIRECTION('center_axis',(0.,0.,-1.));
#9183=DIRECTION('ref_axis',(-1.,0.,0.));
#9184=DIRECTION('center_axis',(1.,2.22044604925031E-14,0.));
#9185=DIRECTION('ref_axis',(-2.22044604925031E-14,1.,0.));
#9186=DIRECTION('center_axis',(0.,0.,-1.));
#9187=DIRECTION('ref_axis',(0.707106781186553,-0.707106781186542,0.));
#9188=DIRECTION('center_axis',(-1.,0.,0.));
#9189=DIRECTION('ref_axis',(0.,0.707106781186548,0.707106781186548));
#9190=DIRECTION('center_axis',(1.,0.,0.));
#9191=DIRECTION('ref_axis',(0.,1.,0.));
#9192=DIRECTION('',(-1.,0.,0.));
#9193=DIRECTION('center_axis',(0.,0.,-1.));
#9194=DIRECTION('ref_axis',(-1.,0.,0.));
#9195=DIRECTION('center_axis',(0.,-1.,0.));
#9196=DIRECTION('ref_axis',(1.,0.,0.));
#9197=DIRECTION('center_axis',(0.,0.,-1.));
#9198=DIRECTION('ref_axis',(-0.707106781186547,-0.707106781186547,0.));
#9199=DIRECTION('center_axis',(0.,1.,0.));
#9200=DIRECTION('ref_axis',(0.707106781186548,0.,0.707106781186548));
#9201=DIRECTION('center_axis',(0.,-1.,0.));
#9202=DIRECTION('ref_axis',(1.,0.,0.));
#9203=DIRECTION('',(0.,1.,0.));
#9204=DIRECTION('center_axis',(0.,0.,-1.));
#9205=DIRECTION('ref_axis',(-1.,0.,0.));
#9206=DIRECTION('center_axis',(-1.,1.11022302462516E-14,0.));
#9207=DIRECTION('ref_axis',(-1.11022302462516E-14,-1.,0.));
#9208=DIRECTION('center_axis',(0.,0.,-1.));
#9209=DIRECTION('ref_axis',(-0.707106781186542,0.707106781186553,0.));
#9210=DIRECTION('center_axis',(1.,9.6019288616223E-15,0.));
#9211=DIRECTION('ref_axis',(0.,-0.707106781186548,0.707106781186548));
#9212=DIRECTION('center_axis',(-1.,0.,0.));
#9213=DIRECTION('ref_axis',(0.,-1.,0.));
#9214=DIRECTION('',(1.,9.6019288616223E-15,0.));
#9215=DIRECTION('center_axis',(0.,0.,-1.));
#9216=DIRECTION('ref_axis',(-1.,0.,0.));
#9217=DIRECTION('center_axis',(0.,0.,-1.));
#9218=DIRECTION('ref_axis',(0.707106781186579,0.707106781186516,0.));
#9219=DIRECTION('center_axis',(0.,0.,-1.));
#9220=DIRECTION('ref_axis',(-1.,0.,0.));
#9221=DIRECTION('',(0.,0.,-1.));
#9222=DIRECTION('center_axis',(0.,0.,-1.));
#9223=DIRECTION('ref_axis',(-1.,0.,0.));
#9224=DIRECTION('',(0.,0.,-1.));
#9225=DIRECTION('center_axis',(0.,1.,0.));
#9226=DIRECTION('ref_axis',(1.,0.,0.));
#9227=DIRECTION('',(0.,0.,-1.));
#9228=DIRECTION('',(-1.,0.,0.));
#9229=DIRECTION('center_axis',(0.,0.,-1.));
#9230=DIRECTION('ref_axis',(1.0449157878825E-14,-1.,0.));
#9231=DIRECTION('',(0.,0.,-1.));
#9232=DIRECTION('center_axis',(0.,0.,-1.));
#9233=DIRECTION('ref_axis',(1.0449157878825E-14,-1.,0.));
#9234=DIRECTION('center_axis',(-1.,9.60192886162309E-15,0.));
#9235=DIRECTION('ref_axis',(9.60192886162309E-15,1.,0.));
#9236=DIRECTION('',(0.,0.,-1.));
#9237=DIRECTION('',(-9.60192886162309E-15,-1.,0.));
#9238=DIRECTION('center_axis',(0.,0.,-1.));
#9239=DIRECTION('ref_axis',(-1.,0.,0.));
#9240=DIRECTION('center_axis',(0.,-1.,0.));
#9241=DIRECTION('ref_axis',(1.,0.,0.));
#9242=DIRECTION('center_axis',(0.,0.,-1.));
#9243=DIRECTION('ref_axis',(0.927218911506687,0.37451981275275,0.));
#9244=DIRECTION('center_axis',(0.485688569251351,-0.874131920077614,0.));
#9245=DIRECTION('ref_axis',(-0.618104608338498,-0.343433680862423,0.707106781186547));
#9246=DIRECTION('',(0.485688569251351,-0.874131920077614,0.));
#9247=DIRECTION('center_axis',(0.411427870378869,-0.911442322626895,0.));
#9248=DIRECTION('ref_axis',(-0.644487046989896,-0.290923437114036,0.707106781186546));
#9249=DIRECTION('center_axis',(0.374519812752952,-0.927218911506605,0.));
#9250=DIRECTION('ref_axis',(-0.927218911506605,-0.374519812752952,0.));
#9251=DIRECTION('',(0.411427870378869,-0.911442322626895,0.));
#9252=DIRECTION('center_axis',(0.,0.,1.));
#9253=DIRECTION('ref_axis',(-1.,0.,0.));
#9254=DIRECTION('center_axis',(0.,0.,1.));
#9255=DIRECTION('ref_axis',(-1.,0.,0.));
#9256=DIRECTION('',(0.,0.,1.));
#9257=DIRECTION('center_axis',(0.,0.,-1.));
#9258=DIRECTION('ref_axis',(-1.,0.,0.));
#9259=DIRECTION('center_axis',(0.,-1.,0.));
#9260=DIRECTION('ref_axis',(1.,0.,0.));
#9261=DIRECTION('center_axis',(0.,0.,-1.));
#9262=DIRECTION('ref_axis',(-0.927218911506657,0.374519812752825,0.));
#9263=DIRECTION('center_axis',(0.262438417722638,0.964948743148173,0.));
#9264=DIRECTION('ref_axis',(0.682321799777499,-0.185571984815537,0.707106781186559));
#9265=DIRECTION('',(0.262438417722638,0.964948743148173,0.));
#9266=DIRECTION('center_axis',(0.337008364206413,0.941501652922032,0.));
#9267=DIRECTION('ref_axis',(0.665742203279513,-0.238300899646948,0.707106781186543));
#9268=DIRECTION('center_axis',(0.374519812752744,0.927218911506689,0.));
#9269=DIRECTION('ref_axis',(0.927218911506689,-0.374519812752744,0.));
#9270=DIRECTION('',(0.337008364206413,0.941501652922031,0.));
#9271=DIRECTION('center_axis',(0.,0.,1.));
#9272=DIRECTION('ref_axis',(-1.,0.,0.));
#9273=DIRECTION('center_axis',(0.,0.,1.));
#9274=DIRECTION('ref_axis',(-1.,0.,0.));
#9275=DIRECTION('',(0.,0.,1.));
#9276=DIRECTION('center_axis',(0.,0.,-1.));
#9277=DIRECTION('ref_axis',(-1.,0.,0.));
#9278=DIRECTION('center_axis',(0.,-1.,0.));
#9279=DIRECTION('ref_axis',(1.,0.,0.));
#9280=DIRECTION('center_axis',(0.,0.,-1.));
#9281=DIRECTION('ref_axis',(1.29189588320018E-14,-1.,0.));
#9282=DIRECTION('center_axis',(-0.991583694915621,-0.129467277632169,0.));
#9283=DIRECTION('ref_axis',(-0.0915471899554673,0.701155554788844,0.707106781186551));
#9284=DIRECTION('',(-0.991583694915621,-0.129467277632169,0.));
#9285=DIRECTION('center_axis',(-0.999185829134934,-0.0403445021773034,0.));
#9286=DIRECTION('ref_axis',(-0.0285278710731741,0.706531075446817,0.707106781186545));
#9287=DIRECTION('center_axis',(-1.,1.77491058141563E-13,0.));
#9288=DIRECTION('ref_axis',(1.77491058141563E-13,1.,0.));
#9289=DIRECTION('',(-0.999185829134934,-0.0403445021773034,0.));
#9290=DIRECTION('center_axis',(0.,0.,1.));
#9291=DIRECTION('ref_axis',(-1.,0.,0.));
#9292=DIRECTION('center_axis',(0.,0.,1.));
#9293=DIRECTION('ref_axis',(-1.,0.,0.));
#9294=DIRECTION('',(0.,0.,1.));
#9295=DIRECTION('center_axis',(-0.112692423852254,-0.993629919842546,0.));
#9296=DIRECTION('ref_axis',(-0.702602454310505,0.0796855770942797,0.707106781186552));
#9297=DIRECTION('center_axis',(-0.150293242350998,-0.988641462464338,0.));
#9298=DIRECTION('ref_axis',(-0.988641462464338,0.150293242350998,0.));
#9299=DIRECTION('',(-0.112692423852254,-0.993629919842546,0.));
#9300=DIRECTION('center_axis',(-0.0751485089518041,-0.997172353007403,0.));
#9301=DIRECTION('ref_axis',(-0.997172353007403,0.0751485089518041,0.));
#9302=DIRECTION('center_axis',(-0.187677833021361,-0.982230640426375,0.));
#9303=DIRECTION('ref_axis',(-0.694541946534695,0.1327082684078,0.707106781186548));
#9304=DIRECTION('center_axis',(-0.225223945861363,-0.974307022560465,0.));
#9305=DIRECTION('ref_axis',(-0.974307022560465,0.225223945861363,0.));
#9306=DIRECTION('',(-0.187677833021361,-0.982230640426375,0.));
#9307=DIRECTION('center_axis',(-0.262438417722436,-0.964948743148228,0.));
#9308=DIRECTION('ref_axis',(-0.682321799777548,0.185571984815407,0.707106781186546));
#9309=DIRECTION('center_axis',(-0.299952583921507,-0.953954111788828,0.));
#9310=DIRECTION('ref_axis',(-0.953954111788828,0.299952583921507,0.));
#9311=DIRECTION('',(-0.262438417722436,-0.964948743148228,0.));
#9312=DIRECTION('center_axis',(-0.337008364206365,-0.941501652922049,0.));
#9313=DIRECTION('ref_axis',(-0.665742203279528,0.238300899646909,0.707106781186543));
#9314=DIRECTION('center_axis',(-0.374519812752775,-0.927218911506677,0.));
#9315=DIRECTION('ref_axis',(-0.927218911506677,0.374519812752775,0.));
#9316=DIRECTION('',(-0.337008364206365,-0.941501652922049,0.));
#9317=DIRECTION('center_axis',(-0.411427870378613,-0.91144232262701,0.));
#9318=DIRECTION('ref_axis',(-0.644487046989976,0.290923437113856,0.707106781186548));
#9319=DIRECTION('center_axis',(-0.448945980155789,-0.89355889951472,0.));
#9320=DIRECTION('ref_axis',(-0.89355889951472,0.448945980155789,0.));
#9321=DIRECTION('',(-0.411427870378613,-0.91144232262701,0.));
#9322=DIRECTION('center_axis',(-0.485688569250978,-0.874131920077821,0.));
#9323=DIRECTION('ref_axis',(-0.618104608338652,0.343433680862154,0.707106781186543));
#9324=DIRECTION('center_axis',(-0.52316685133036,-0.852230277371719,0.));
#9325=DIRECTION('ref_axis',(-0.852230277371719,0.52316685133036,0.));
#9326=DIRECTION('',(-0.485688569250978,-0.874131920077821,0.));
#9327=DIRECTION('center_axis',(-0.559659328238382,-0.82872277410227,0.));
#9328=DIRECTION('ref_axis',(-0.58599549329144,0.395738906151669,0.707106781186549));
#9329=DIRECTION('center_axis',(-0.590771702162125,-0.806838766994042,0.));
#9330=DIRECTION('ref_axis',(-0.806838766994041,0.590771702162125,0.));
#9331=DIRECTION('',(-0.559659328238382,-0.82872277410227,0.));
#9332=DIRECTION('center_axis',(-0.621029294666828,-0.783787353282522,0.));
#9333=DIRECTION('ref_axis',(-0.55422135251433,0.439134025574413,0.707106781186545));
#9334=DIRECTION('center_axis',(-0.645707078667361,-0.763585207137267,1.14075380501343E-14));
#9335=DIRECTION('ref_axis',(-0.763585207137266,0.645707078667361,3.57552804229493E-13));
#9336=DIRECTION('',(-0.621029294666828,-0.783787353282522,0.));
#9337=DIRECTION('center_axis',(-0.669728101257128,-0.742606403410664,0.));
#9338=DIRECTION('ref_axis',(-0.525102023604233,0.473569281950106,0.707106781186548));
#9339=DIRECTION('center_axis',(-0.693681352110207,-0.720282015417958,-3.99836838870214E-15));
#9340=DIRECTION('ref_axis',(-0.720282015417958,0.693681352110207,-1.22062734808612E-13));
#9341=DIRECTION('',(-0.669728101257128,-0.742606403410664,0.));
#9342=DIRECTION('center_axis',(-0.716890881848658,-0.697185386767576,0.));
#9343=DIRECTION('ref_axis',(-0.492984514727518,0.506918403925988,0.707106781186549));
#9344=DIRECTION('center_axis',(-0.739713259203178,-0.672922205131479,0.));
#9345=DIRECTION('ref_axis',(-0.672922205131479,0.739713259203178,0.));
#9346=DIRECTION('',(-0.716890881848658,-0.697185386767576,0.));
#9347=DIRECTION('center_axis',(-0.761714878175096,-0.647912373987948,0.));
#9348=DIRECTION('ref_axis',(-0.458143233261559,0.538613755688291,0.707106781186547));
#9349=DIRECTION('center_axis',(-0.783027438215585,-0.621987163052051,0.));
#9350=DIRECTION('ref_axis',(-0.621987163052051,0.783027438215585,0.));
#9351=DIRECTION('',(-0.761714878175096,-0.647912373987948,0.));
#9352=DIRECTION('center_axis',(-0.803458041739384,-0.595361381989388,0.));
#9353=DIRECTION('ref_axis',(-0.420984070461293,0.56813062971278,0.707106781186548));
#9354=DIRECTION('center_axis',(-0.822937277623704,-0.568132235573099,-3.15376744482509E-15));
#9355=DIRECTION('ref_axis',(-0.568132235573099,0.822937277623704,-9.41607720858665E-14));
#9356=DIRECTION('',(-0.803458041739384,-0.595361381989388,0.));
#9357=DIRECTION('center_axis',(-0.841494110233378,-0.540266288456476,0.));
#9358=DIRECTION('ref_axis',(-0.382025956214058,0.595026191674562,0.707106781186549));
#9359=DIRECTION('center_axis',(-0.858896087874631,-0.512149890396996,0.));
#9360=DIRECTION('ref_axis',(-0.512149890396996,0.858896087874631,0.));
#9361=DIRECTION('',(-0.841494110233378,-0.540266288456476,0.));
#9362=DIRECTION('center_axis',(-0.875358982317461,-0.483473527792514,0.));
#9363=DIRECTION('ref_axis',(-0.341867410026275,0.618972272369228,0.707106781186548));
#9364=DIRECTION('center_axis',(-0.890536328855954,-0.454912131062429,-2.52526961043403E-15));
#9365=DIRECTION('ref_axis',(-0.454912131062429,0.890536328855954,-7.80458193474571E-14));
#9366=DIRECTION('',(-0.875358982317461,-0.483473527792514,0.));
#9367=DIRECTION('center_axis',(-0.904782080682248,-0.425874848372503,0.));
#9368=DIRECTION('ref_axis',(-0.301138993220993,0.639777544746493,0.707106781186544));
#9369=DIRECTION('center_axis',(-0.917685450684098,-0.39730770644769,0.));
#9370=DIRECTION('ref_axis',(-0.39730770644769,0.917685450684098,0.));
#9371=DIRECTION('',(-0.904782080682248,-0.425874848372503,0.));
#9372=DIRECTION('center_axis',(-0.929687122641767,-0.368350178490621,0.));
#9373=DIRECTION('ref_axis',(-0.260462909061991,0.657388068801803,0.707106781186549));
#9374=DIRECTION('center_axis',(-0.940359505534774,-0.340182304581522,0.));
#9375=DIRECTION('ref_axis',(-0.340182304581522,0.940359505534774,0.));
#9376=DIRECTION('',(-0.929687122641767,-0.36835017849062,0.));
#9377=DIRECTION('center_axis',(-0.950178673093487,-0.311705773443963,0.));
#9378=DIRECTION('ref_axis',(-0.22040926613723,0.671877783083238,0.707106781186548));
#9379=DIRECTION('center_axis',(-0.962527711571782,-0.271183341037737,0.));
#9380=DIRECTION('ref_axis',(-0.271183341037737,0.962527711571781,0.));
#9381=DIRECTION('',(-0.950178673093487,-0.311705773443963,0.));
#9382=DIRECTION('center_axis',(-0.999185829134915,0.0403445021777713,0.));
#9383=DIRECTION('ref_axis',(0.0285278710734882,0.706531075446803,0.707106781186546));
#9384=DIRECTION('center_axis',(-0.996381724916829,0.0849909304088683,0.));
#9385=DIRECTION('ref_axis',(0.0849909304088683,0.996381724916829,0.));
#9386=DIRECTION('',(-0.999185829134915,0.0403445021777713,0.));
#9387=DIRECTION('center_axis',(0.999988653122453,-0.0047637827766565,0.));
#9388=DIRECTION('ref_axis',(-0.00336850310546969,-0.707098757732488,0.707106781186548));
#9389=DIRECTION('',(0.999988653122453,-0.0047637827766565,0.));
#9390=DIRECTION('center_axis',(0.99941084180786,-0.0343215570291512,0.));
#9391=DIRECTION('ref_axis',(-0.0343215570291512,-0.99941084180786,0.));
#9392=DIRECTION('center_axis',(-0.991583694915563,0.129467277632611,0.));
#9393=DIRECTION('ref_axis',(0.0915471899557807,0.701155554788808,0.707106781186546));
#9394=DIRECTION('center_axis',(-0.983656216769671,0.180056788848348,0.));
#9395=DIRECTION('ref_axis',(0.180056788848348,0.983656216769671,0.));
#9396=DIRECTION('',(-0.991583694915563,0.129467277632611,0.));
#9397=DIRECTION('center_axis',(-0.973149450814838,0.230174165315701,0.));
#9398=DIRECTION('ref_axis',(0.162757713148685,0.688120575779136,0.707106781186548));
#9399=DIRECTION('center_axis',(-0.962527723670854,0.271183298093751,1.50536970718735E-15));
#9400=DIRECTION('ref_axis',(0.271183298093751,0.962527723670854,3.55116250146177E-14));
#9401=DIRECTION('',(-0.973149450814838,0.230174165315701,0.));
#9402=DIRECTION('center_axis',(-0.950178673093302,0.311705773444528,0.));
#9403=DIRECTION('ref_axis',(0.220409266137622,0.671877783083111,0.707106781186547));
#9404=DIRECTION('center_axis',(-0.940359456597852,0.340182439856899,0.));
#9405=DIRECTION('ref_axis',(0.340182439856899,0.940359456597852,0.));
#9406=DIRECTION('',(-0.950178673093302,0.311705773444528,0.));
#9407=DIRECTION('center_axis',(-0.929687016663917,0.368350445970337,0.));
#9408=DIRECTION('ref_axis',(0.260463098198719,0.657387993864145,0.707106781186547));
#9409=DIRECTION('center_axis',(-0.917685393529352,0.39730783846141,0.));
#9410=DIRECTION('ref_axis',(0.39730783846141,0.917685393529352,0.));
#9411=DIRECTION('',(-0.929687016663917,0.368350445970337,0.));
#9412=DIRECTION('center_axis',(-0.904782080681793,0.42587484837347,0.));
#9413=DIRECTION('ref_axis',(0.30113899322167,0.639777544746168,0.70710678118655));
#9414=DIRECTION('center_axis',(-0.890536413980684,0.454911964422155,2.52526868539468E-15));
#9415=DIRECTION('ref_axis',(0.454911964422155,0.890536413980684,7.80462425929059E-14));
#9416=DIRECTION('',(-0.904782080681793,0.42587484837347,0.));
#9417=DIRECTION('center_axis',(-0.875359163256536,0.483473200190886,0.));
#9418=DIRECTION('ref_axis',(0.341867178376952,0.618972400312472,0.707106781186546));
#9419=DIRECTION('center_axis',(-0.858896183710062,0.512149729677066,0.));
#9420=DIRECTION('ref_axis',(0.512149729677066,0.858896183710062,0.));
#9421=DIRECTION('',(-0.875359163256536,0.483473200190886,0.));
#9422=DIRECTION('center_axis',(-0.841494110233035,0.540266288457009,0.));
#9423=DIRECTION('ref_axis',(0.382025956214436,0.595026191674319,0.707106781186549));
#9424=DIRECTION('center_axis',(-0.822937277623289,0.568132235573699,-3.15376744482842E-15));
#9425=DIRECTION('ref_axis',(0.568132235573699,0.822937277623289,-9.41607720851405E-14));
#9426=DIRECTION('',(-0.841494110233035,0.540266288457009,0.));
#9427=DIRECTION('center_axis',(-0.803458041739023,0.595361381989876,0.));
#9428=DIRECTION('ref_axis',(0.420984070461637,0.568130629712528,0.707106781186546));
#9429=DIRECTION('center_axis',(-0.783027438215346,0.621987163052351,0.));
#9430=DIRECTION('ref_axis',(0.621987163052351,0.783027438215346,0.));
#9431=DIRECTION('',(-0.803458041739023,0.595361381989876,0.));
#9432=DIRECTION('center_axis',(-0.761714878174705,0.647912373988408,0.));
#9433=DIRECTION('ref_axis',(0.458143233261887,0.538613755688015,0.707106781186544));
#9434=DIRECTION('center_axis',(-0.739713089721291,0.672922391435284,0.));
#9435=DIRECTION('ref_axis',(0.672922391435284,0.739713089721291,0.));
#9436=DIRECTION('',(-0.761714878174705,0.647912373988408,0.));
#9437=DIRECTION('center_axis',(-0.716890530663667,0.697185747878401,0.));
#9438=DIRECTION('ref_axis',(0.492984770071433,0.506918155600704,0.707106781186545));
#9439=DIRECTION('center_axis',(-0.693681358554486,0.720282009211672,3.99836835425034E-15));
#9440=DIRECTION('ref_axis',(0.720282009211672,0.693681358554486,1.22064646203825E-13));
#9441=DIRECTION('',(-0.716890530663667,0.697185747878401,0.));
#9442=DIRECTION('center_axis',(-0.669728488609059,0.7426060540727,0.));
#9443=DIRECTION('ref_axis',(0.525101776584979,0.473569555849291,0.70710678118655));
#9444=DIRECTION('center_axis',(-0.645707277814613,0.763585038733239,4.23874845630467E-15));
#9445=DIRECTION('ref_axis',(0.763585038733239,0.645707277814613,1.32856361170399E-13));
#9446=DIRECTION('',(-0.669728488609059,0.7426060540727,0.));
#9447=DIRECTION('center_axis',(-0.621029294666336,0.783787353282913,0.));
#9448=DIRECTION('ref_axis',(0.554221352514601,0.439134025574063,0.70710678118655));
#9449=DIRECTION('center_axis',(-0.590771592103843,0.806838847579298,-4.47885532872282E-15));
#9450=DIRECTION('ref_axis',(0.806838847579298,0.590771592103843,-1.17682542039063E-13));
#9451=DIRECTION('',(-0.621029294666336,0.783787353282913,0.));
#9452=DIRECTION('center_axis',(-0.559659102151977,0.828722926784605,0.));
#9453=DIRECTION('ref_axis',(0.585995601254145,0.395738746284436,0.707106781186559));
#9454=DIRECTION('center_axis',(-0.523166854328173,0.852230275531422,0.));
#9455=DIRECTION('ref_axis',(0.852230275531422,0.523166854328173,0.));
#9456=DIRECTION('',(-0.559659102151977,0.828722926784605,0.));
#9457=DIRECTION('center_axis',(-0.485688813875649,0.874131784158467,0.));
#9458=DIRECTION('ref_axis',(0.618104512229149,0.343433853837923,0.707106781186546));
#9459=DIRECTION('center_axis',(-0.448946105186346,0.893558836696281,0.));
#9460=DIRECTION('ref_axis',(0.893558836696281,0.448946105186346,0.));
#9461=DIRECTION('',(-0.485688813875649,0.874131784158467,0.));
#9462=DIRECTION('center_axis',(-0.411427870378612,0.911442322627011,0.));
#9463=DIRECTION('ref_axis',(0.644487046989967,0.290923437113859,0.707106781186555));
#9464=DIRECTION('center_axis',(-0.374519812752775,0.927218911506677,5.14709892211294E-15));
#9465=DIRECTION('ref_axis',(0.927218911506677,0.374519812752775,1.28155727306321E-13));
#9466=DIRECTION('',(-0.411427870378612,0.911442322627011,0.));
#9467=DIRECTION('center_axis',(-0.337008364206408,0.941501652922033,0.));
#9468=DIRECTION('ref_axis',(0.665742203279516,0.238300899646933,0.707106781186546));
#9469=DIRECTION('center_axis',(-0.299952583921676,0.953954111788775,0.));
#9470=DIRECTION('ref_axis',(0.953954111788775,0.299952583921676,0.));
#9471=DIRECTION('',(-0.337008364206408,0.941501652922033,0.));
#9472=DIRECTION('center_axis',(-0.26243841772236,0.964948743148248,0.));
#9473=DIRECTION('ref_axis',(0.682321799777573,0.185571984815343,0.707106781186539));
#9474=DIRECTION('center_axis',(-0.225223807805826,0.974307054473816,0.));
#9475=DIRECTION('ref_axis',(0.974307054473816,0.225223807805826,0.));
#9476=DIRECTION('',(-0.26243841772236,0.964948743148248,0.));
#9477=DIRECTION('center_axis',(-0.187677554665638,0.982230693612619,0.));
#9478=DIRECTION('ref_axis',(0.694541984143045,0.132708071580579,0.707106781186552));
#9479=DIRECTION('center_axis',(-0.150293240584948,0.988641462732813,0.));
#9480=DIRECTION('ref_axis',(0.988641462732813,0.150293240584948,0.));
#9481=DIRECTION('',(-0.187677554665638,0.982230693612619,0.));
#9482=DIRECTION('center_axis',(-0.112692701887861,0.99362988830913,0.));
#9483=DIRECTION('ref_axis',(0.702602432013018,0.079685773695149,0.707106781186546));
#9484=DIRECTION('center_axis',(-0.0751486484652871,0.997172342493433,0.));
#9485=DIRECTION('ref_axis',(0.997172342493433,0.075148648465287,0.));
#9486=DIRECTION('',(-0.112692701887861,0.99362988830913,0.));
#9487=DIRECTION('center_axis',(-0.0374977257793047,0.99929671297437,0.));
#9488=DIRECTION('ref_axis',(0.706609482161594,0.0265148961776176,0.707106781186558));
#9489=DIRECTION('center_axis',(1.88605177259983E-13,1.,0.));
#9490=DIRECTION('ref_axis',(1.,-1.88605177259983E-13,0.));
#9491=DIRECTION('',(-0.0374977257793047,0.99929671297437,0.));
#9492=DIRECTION('center_axis',(0.0374977257794105,0.999296712974366,0.));
#9493=DIRECTION('ref_axis',(0.706609482161608,-0.0265148961776955,0.707106781186541));
#9494=DIRECTION('',(0.0374977257794105,0.999296712974366,0.));
#9495=DIRECTION('center_axis',(0.0751486484653957,0.997172342493425,0.));
#9496=DIRECTION('ref_axis',(0.997172342493425,-0.0751486484653957,0.));
#9497=DIRECTION('center_axis',(0.112692701888199,0.993629888309091,0.));
#9498=DIRECTION('ref_axis',(0.70260243201299,-0.0796857736953692,0.707106781186549));
#9499=DIRECTION('',(0.112692701888199,0.993629888309091,0.));
#9500=DIRECTION('center_axis',(0.150293240584792,0.988641462732836,0.));
#9501=DIRECTION('ref_axis',(0.988641462732836,-0.150293240584792,0.));
#9502=DIRECTION('center_axis',(0.187677554665901,0.982230693612569,0.));
#9503=DIRECTION('ref_axis',(0.694541984143012,-0.132708071580759,0.70710678118655));
#9504=DIRECTION('',(0.187677554665901,0.982230693612569,0.));
#9505=DIRECTION('center_axis',(0.411427870378636,0.911442322627,0.));
#9506=DIRECTION('ref_axis',(0.644487046989981,-0.290923437113875,0.707106781186536));
#9507=DIRECTION('center_axis',(0.448946105186337,0.893558836696285,0.));
#9508=DIRECTION('ref_axis',(0.893558836696285,-0.448946105186337,0.));
#9509=DIRECTION('',(0.411427870378636,0.911442322627,0.));
#9510=DIRECTION('center_axis',(0.485688813875553,0.874131784158521,0.));
#9511=DIRECTION('ref_axis',(0.618104512229182,-0.343433853837861,0.707106781186547));
#9512=DIRECTION('center_axis',(0.523166854328384,0.852230275531293,9.46165674177483E-15));
#9513=DIRECTION('ref_axis',(0.852230275531293,-0.523166854328384,2.17814843384351E-13));
#9514=DIRECTION('',(0.485688813875553,0.874131784158521,0.));
#9515=DIRECTION('center_axis',(0.559659102152032,0.828722926784568,0.));
#9516=DIRECTION('ref_axis',(0.585995601254134,-0.395738746284476,0.707106781186545));
#9517=DIRECTION('',(0.559659102152032,0.828722926784568,0.));
#9518=DIRECTION('center_axis',(0.596008867939481,0.802977851087749,0.));
#9519=DIRECTION('ref_axis',(0.802977851087749,-0.596008867939481,0.));
#9520=DIRECTION('center_axis',(0.631176083952398,0.775639575477241,0.));
#9521=DIRECTION('ref_axis',(0.548460003576622,-0.446308889085508,0.707106781186542));
#9522=DIRECTION('',(0.631176083952398,0.775639575477241,0.));
#9523=DIRECTION('center_axis',(0.66652029351395,0.745486886761985,8.27656706239283E-15));
#9524=DIRECTION('ref_axis',(0.745486886761985,-0.66652029351395,1.78005227243125E-13));
#9525=DIRECTION('center_axis',(0.700425887149472,0.713725140800628,0.));
#9526=DIRECTION('ref_axis',(0.504679886963444,-0.495275894521984,0.707106781186557));
#9527=DIRECTION('',(0.700425887149472,0.713725140800628,0.));
#9528=DIRECTION('center_axis',(0.734250254330154,0.67887890232066,0.));
#9529=DIRECTION('ref_axis',(0.67887890232066,-0.734250254330154,0.));
#9530=DIRECTION('center_axis',(0.766343003780697,0.642431631036626,0.));
#9531=DIRECTION('ref_axis',(0.454267762754738,-0.541886334688194,0.707106781186548));
#9532=DIRECTION('',(0.766343003780697,0.642431631036626,0.));
#9533=DIRECTION('center_axis',(0.7970817322999,0.603871436676542,0.));
#9534=DIRECTION('ref_axis',(0.603871436676542,-0.7970817322999,0.));
#9535=DIRECTION('center_axis',(0.825882150924013,0.56384277310712,0.));
#9536=DIRECTION('ref_axis',(0.398697048387073,-0.583986869379308,0.707106781186541));
#9537=DIRECTION('',(0.825882150924013,0.56384277310712,0.));
#9538=DIRECTION('center_axis',(0.852256604444234,0.523123962537738,0.));
#9539=DIRECTION('ref_axis',(0.523123962537738,-0.852256604444234,0.));
#9540=DIRECTION('center_axis',(0.876625158412266,0.481173909972964,0.));
#9541=DIRECTION('ref_axis',(0.340241334671921,-0.619867594072048,0.707106781186548));
#9542=DIRECTION('',(0.876625158412266,0.481173909972964,0.));
#9543=DIRECTION('center_axis',(0.897911620788817,0.44017578449115,0.));
#9544=DIRECTION('ref_axis',(0.44017578449115,-0.897911620788817,0.));
#9545=DIRECTION('center_axis',(0.917281975886396,0.398238341592004,0.));
#9546=DIRECTION('ref_axis',(0.28159703186819,-0.648616305409471,0.707106781186543));
#9547=DIRECTION('',(0.917281975886396,0.398238341592004,0.));
#9548=DIRECTION('center_axis',(0.933407388783142,0.358818403325465,0.));
#9549=DIRECTION('ref_axis',(0.358818403325466,-0.933407388783142,0.));
#9550=DIRECTION('center_axis',(0.947839637570496,0.318747582657862,0.));
#9551=DIRECTION('ref_axis',(0.225388577184197,-0.670223835203491,0.707106781186553));
#9552=DIRECTION('',(0.947839637570496,0.318747582657862,0.));
#9553=DIRECTION('center_axis',(0.959284947678353,0.282440062947415,0.));
#9554=DIRECTION('ref_axis',(0.282440062947415,-0.959284947678353,0.));
#9555=DIRECTION('center_axis',(0.969340032195741,0.245723222310713,0.));
#9556=DIRECTION('ref_axis',(0.173752556790915,-0.685426910041191,0.707106781186551));
#9557=DIRECTION('',(0.969340032195741,0.245723222310713,0.));
#9558=DIRECTION('center_axis',(0.979815089207897,0.199905955290285,0.));
#9559=DIRECTION('ref_axis',(0.199905955290285,-0.979815089207897,0.));
#9560=DIRECTION('center_axis',(0.988125784877441,0.153647106254369,0.));
#9561=DIRECTION('ref_axis',(0.10864491074215,-0.698710443152117,0.707106781186549));
#9562=DIRECTION('',(0.988125784877441,0.153647106254369,0.));
#9563=DIRECTION('center_axis',(0.994057164402755,0.10885933078774,0.));
#9564=DIRECTION('ref_axis',(0.10885933078774,-0.994057164402755,0.));
#9565=DIRECTION('center_axis',(0.997959547910537,0.0638493597007538,0.));
#9566=DIRECTION('ref_axis',(0.0451483152188129,-0.705663963677401,0.707106781186549));
#9567=DIRECTION('',(0.997959547910537,0.0638493597007538,0.));
#9568=DIRECTION('center_axis',(0.999410841387925,0.0343215692572372,0.));
#9569=DIRECTION('ref_axis',(0.0343215692572372,-0.999410841387925,0.));
#9570=DIRECTION('center_axis',(0.99998865312674,0.00476378187658244,0.));
#9571=DIRECTION('ref_axis',(0.00336850246901702,-0.70709875773552,0.707106781186548));
#9572=DIRECTION('',(0.99998865312674,0.00476378187658244,0.));
#9573=DIRECTION('center_axis',(0.997959549530417,-0.0638493343821714,0.));
#9574=DIRECTION('ref_axis',(-0.0451482973158807,-0.705663964822829,0.707106781186549));
#9575=DIRECTION('',(0.997959549530417,-0.0638493343821714,0.));
#9576=DIRECTION('center_axis',(0.994057162350557,-0.108859349527536,0.));
#9577=DIRECTION('ref_axis',(-0.108859349527536,-0.994057162350557,0.));
#9578=DIRECTION('center_axis',(0.988125775186316,-0.153647168579324,0.));
#9579=DIRECTION('ref_axis',(-0.108644954812541,-0.698710436299461,0.707106781186546));
#9580=DIRECTION('',(0.988125775186316,-0.153647168579324,0.));
#9581=DIRECTION('center_axis',(0.97981508290353,-0.199905986190381,0.));
#9582=DIRECTION('ref_axis',(-0.199905986190381,-0.97981508290353,0.));
#9583=DIRECTION('center_axis',(0.969340032195905,-0.245723222310066,0.));
#9584=DIRECTION('ref_axis',(-0.173752556790458,-0.685426910041312,0.707106781186546));
#9585=DIRECTION('',(0.969340032195905,-0.245723222310066,0.));
#9586=DIRECTION('center_axis',(0.959284985451004,-0.282439934655612,0.));
#9587=DIRECTION('ref_axis',(-0.282439934655612,-0.959284985451004,0.));
#9588=DIRECTION('center_axis',(-0.973149430275857,-0.230174252152094,0.));
#9589=DIRECTION('ref_axis',(-0.16275777455128,0.688120561255884,0.707106781186549));
#9590=DIRECTION('',(-0.973149430275857,-0.230174252152094,0.));
#9591=DIRECTION('center_axis',(0.947839722826816,-0.318747329136393,0.));
#9592=DIRECTION('ref_axis',(-0.225388397917444,-0.670223895488819,0.707106781186548));
#9593=DIRECTION('',(0.947839722826816,-0.318747329136393,0.));
#9594=DIRECTION('center_axis',(0.933407377034698,-0.35881843388712,0.));
#9595=DIRECTION('ref_axis',(-0.35881843388712,-0.933407377034698,0.));
#9596=DIRECTION('center_axis',(0.91728184329009,-0.398238647007464,0.));
#9597=DIRECTION('ref_axis',(-0.281597247829544,-0.648616211649711,0.707106781186551));
#9598=DIRECTION('',(0.917281843290089,-0.398238647007464,0.));
#9599=DIRECTION('center_axis',(0.897911634830274,-0.440175755848075,0.));
#9600=DIRECTION('ref_axis',(-0.440175755848075,-0.897911634830274,0.));
#9601=DIRECTION('center_axis',(0.876625349320963,-0.481173562166397,0.));
#9602=DIRECTION('ref_axis',(-0.340241088735544,-0.619867729064878,0.707106781186549));
#9603=DIRECTION('',(0.876625349320963,-0.481173562166397,0.));
#9604=DIRECTION('center_axis',(0.85225670822071,-0.523123793468429,0.));
#9605=DIRECTION('ref_axis',(-0.523123793468429,-0.85225670822071,0.));
#9606=DIRECTION('center_axis',(0.825882150924287,-0.563842773106718,0.));
#9607=DIRECTION('ref_axis',(-0.398697048386796,-0.583986869379487,0.70710678118655));
#9608=DIRECTION('',(0.825882150924287,-0.563842773106718,0.));
#9609=DIRECTION('center_axis',(0.797081732300095,-0.603871436676284,0.));
#9610=DIRECTION('ref_axis',(-0.603871436676284,-0.797081732300095,0.));
#9611=DIRECTION('center_axis',(0.766343003780733,-0.642431631036582,0.));
#9612=DIRECTION('ref_axis',(-0.454267762754696,-0.541886334688217,0.707106781186557));
#9613=DIRECTION('',(0.766343003780733,-0.642431631036582,0.));
#9614=DIRECTION('center_axis',(0.734250254330186,-0.678878902320625,0.));
#9615=DIRECTION('ref_axis',(-0.678878902320625,-0.734250254330186,0.));
#9616=DIRECTION('center_axis',(0.700425887149718,-0.713725140800386,0.));
#9617=DIRECTION('ref_axis',(-0.50467988696328,-0.495275894522166,0.707106781186547));
#9618=DIRECTION('',(0.700425887149718,-0.713725140800385,0.));
#9619=DIRECTION('center_axis',(0.666520093321813,-0.745487065748482,0.));
#9620=DIRECTION('ref_axis',(-0.745487065748482,-0.666520093321813,0.));
#9621=DIRECTION('center_axis',(0.631175667373768,-0.775639914467583,0.));
#9622=DIRECTION('ref_axis',(-0.548460243278995,-0.446308594519929,0.707106781186542));
#9623=DIRECTION('',(0.631175667373768,-0.775639914467583,0.));
#9624=DIRECTION('center_axis',(0.596008761840439,-0.802977929839561,0.));
#9625=DIRECTION('ref_axis',(-0.802977929839561,-0.596008761840439,0.));
#9626=DIRECTION('center_axis',(0.559659328238481,-0.828722774102203,0.));
#9627=DIRECTION('ref_axis',(-0.585995493291405,-0.395738906151729,0.707106781186545));
#9628=DIRECTION('',(0.559659328238481,-0.828722774102203,0.));
#9629=DIRECTION('center_axis',(0.337008364206388,-0.94150165292204,0.));
#9630=DIRECTION('ref_axis',(-0.665742203279516,-0.238300899646933,0.707106781186546));
#9631=DIRECTION('center_axis',(0.299952583921746,-0.953954111788753,0.));
#9632=DIRECTION('ref_axis',(-0.953954111788753,-0.299952583921746,0.));
#9633=DIRECTION('',(0.337008364206388,-0.94150165292204,0.));
#9634=DIRECTION('center_axis',(0.262438417722584,-0.964948743148187,0.));
#9635=DIRECTION('ref_axis',(-0.68232179977752,-0.185571984815502,0.707106781186548));
#9636=DIRECTION('center_axis',(0.22522394586123,-0.974307022560496,0.));
#9637=DIRECTION('ref_axis',(-0.974307022560496,-0.22522394586123,0.));
#9638=DIRECTION('',(0.262438417722584,-0.964948743148187,0.));
#9639=DIRECTION('center_axis',(0.187677833021422,-0.982230640426363,0.));
#9640=DIRECTION('ref_axis',(-0.69454194653469,-0.132708268407847,0.707106781186543));
#9641=DIRECTION('',(0.187677833021422,-0.982230640426363,0.));
#9642=DIRECTION('center_axis',(0.150293242351158,-0.988641462464313,0.));
#9643=DIRECTION('ref_axis',(-0.988641462464313,-0.150293242351158,0.));
#9644=DIRECTION('center_axis',(0.112692423852504,-0.993629919842517,0.));
#9645=DIRECTION('ref_axis',(-0.702602454310495,-0.0796855770944513,0.707106781186543));
#9646=DIRECTION('',(0.112692423852504,-0.993629919842517,0.));
#9647=DIRECTION('center_axis',(0.0751485089521588,-0.997172353007376,0.));
#9648=DIRECTION('ref_axis',(-0.997172353007376,-0.0751485089521588,0.));
#9649=DIRECTION('center_axis',(0.0374977257794401,-0.999296712974365,0.));
#9650=DIRECTION('ref_axis',(-0.7066094821616,-0.0265148961777114,0.707106781186548));
#9651=DIRECTION('',(0.0374977257794401,-0.999296712974365,0.));
#9652=DIRECTION('center_axis',(4.43776887670554E-14,-1.,0.));
#9653=DIRECTION('ref_axis',(-1.,-4.43776887670554E-14,0.));
#9654=DIRECTION('center_axis',(-0.0374977257792638,-0.999296712974371,0.));
#9655=DIRECTION('ref_axis',(-0.706609482161602,0.0265148961775859,0.707106781186551));
#9656=DIRECTION('',(-0.0374977257792638,-0.999296712974372,0.));
#9657=DIRECTION('center_axis',(-0.82872277410227,0.559659328238382,0.));
#9658=DIRECTION('ref_axis',(-0.559659328238382,-0.82872277410227,0.));
#9659=DIRECTION('',(0.,0.,1.));
#9660=DIRECTION('',(0.559659328238382,0.82872277410227,0.));
#9661=DIRECTION('',(0.,0.,1.));
#9662=DIRECTION('center_axis',(-0.783787353282522,0.621029294666828,0.));
#9663=DIRECTION('ref_axis',(-0.621029294666828,-0.783787353282522,0.));
#9664=DIRECTION('',(0.,0.,1.));
#9665=DIRECTION('',(0.621029294666828,0.783787353282522,0.));
#9666=DIRECTION('center_axis',(-0.742606403410664,0.669728101257128,0.));
#9667=DIRECTION('ref_axis',(-0.669728101257128,-0.742606403410664,0.));
#9668=DIRECTION('',(0.,0.,1.));
#9669=DIRECTION('',(0.669728101257128,0.742606403410664,0.));
#9670=DIRECTION('center_axis',(-0.697185386767576,0.716890881848658,0.));
#9671=DIRECTION('ref_axis',(-0.716890881848658,-0.697185386767576,0.));
#9672=DIRECTION('',(0.,0.,1.));
#9673=DIRECTION('',(0.716890881848658,0.697185386767576,0.));
#9674=DIRECTION('center_axis',(-0.647912373987948,0.761714878175096,0.));
#9675=DIRECTION('ref_axis',(-0.761714878175096,-0.647912373987948,0.));
#9676=DIRECTION('',(0.,0.,1.));
#9677=DIRECTION('',(0.761714878175096,0.647912373987948,0.));
#9678=DIRECTION('center_axis',(-0.595361381989388,0.803458041739384,0.));
#9679=DIRECTION('ref_axis',(-0.803458041739384,-0.595361381989388,0.));
#9680=DIRECTION('',(0.,0.,1.));
#9681=DIRECTION('',(0.803458041739384,0.595361381989388,0.));
#9682=DIRECTION('center_axis',(-0.540266288456476,0.841494110233378,0.));
#9683=DIRECTION('ref_axis',(-0.841494110233378,-0.540266288456476,0.));
#9684=DIRECTION('',(0.,0.,1.));
#9685=DIRECTION('',(0.841494110233378,0.540266288456476,0.));
#9686=DIRECTION('center_axis',(-0.483473527792514,0.875358982317461,0.));
#9687=DIRECTION('ref_axis',(-0.875358982317461,-0.483473527792514,0.));
#9688=DIRECTION('',(0.,0.,1.));
#9689=DIRECTION('',(0.875358982317461,0.483473527792514,0.));
#9690=DIRECTION('center_axis',(-0.425874848372503,0.904782080682248,0.));
#9691=DIRECTION('ref_axis',(-0.904782080682248,-0.425874848372503,0.));
#9692=DIRECTION('',(0.,0.,1.));
#9693=DIRECTION('',(0.904782080682248,0.425874848372503,0.));
#9694=DIRECTION('center_axis',(-0.368350178490621,0.929687122641767,0.));
#9695=DIRECTION('ref_axis',(-0.929687122641767,-0.36835017849062,0.));
#9696=DIRECTION('',(0.,0.,1.));
#9697=DIRECTION('',(0.929687122641767,0.368350178490621,0.));
#9698=DIRECTION('center_axis',(-0.311705773443963,0.950178673093487,0.));
#9699=DIRECTION('ref_axis',(-0.950178673093487,-0.311705773443963,0.));
#9700=DIRECTION('',(0.,0.,1.));
#9701=DIRECTION('',(0.950178673093487,0.311705773443963,0.));
#9702=DIRECTION('center_axis',(-0.230174252152094,0.973149430275857,0.));
#9703=DIRECTION('ref_axis',(-0.973149430275857,-0.230174252152094,0.));
#9704=DIRECTION('',(0.,0.,1.));
#9705=DIRECTION('',(0.973149430275857,0.230174252152094,0.));
#9706=DIRECTION('center_axis',(-0.129467277632169,0.991583694915621,0.));
#9707=DIRECTION('ref_axis',(-0.991583694915621,-0.129467277632169,0.));
#9708=DIRECTION('',(0.,0.,1.));
#9709=DIRECTION('',(0.991583694915621,0.129467277632169,0.));
#9710=DIRECTION('center_axis',(-0.0403445021773034,0.999185829134934,0.));
#9711=DIRECTION('ref_axis',(-0.999185829134934,-0.0403445021773034,0.));
#9712=DIRECTION('',(0.,0.,1.));
#9713=DIRECTION('',(0.999185829134934,0.0403445021773034,0.));
#9714=DIRECTION('center_axis',(0.0403445021777713,0.999185829134915,0.));
#9715=DIRECTION('ref_axis',(-0.999185829134915,0.0403445021777713,0.));
#9716=DIRECTION('',(0.,0.,1.));
#9717=DIRECTION('',(0.999185829134915,-0.0403445021777713,0.));
#9718=DIRECTION('center_axis',(0.129467277632611,0.991583694915563,0.));
#9719=DIRECTION('ref_axis',(-0.991583694915563,0.129467277632611,0.));
#9720=DIRECTION('',(0.,0.,1.));
#9721=DIRECTION('',(0.991583694915563,-0.129467277632611,0.));
#9722=DIRECTION('center_axis',(0.230174165315701,0.973149450814838,0.));
#9723=DIRECTION('ref_axis',(-0.973149450814838,0.230174165315701,0.));
#9724=DIRECTION('',(0.,0.,1.));
#9725=DIRECTION('',(0.973149450814838,-0.230174165315701,0.));
#9726=DIRECTION('center_axis',(0.311705773444528,0.950178673093302,0.));
#9727=DIRECTION('ref_axis',(-0.950178673093302,0.311705773444528,0.));
#9728=DIRECTION('',(0.,0.,1.));
#9729=DIRECTION('',(0.950178673093302,-0.311705773444528,0.));
#9730=DIRECTION('center_axis',(0.368350445970337,0.929687016663917,0.));
#9731=DIRECTION('ref_axis',(-0.929687016663917,0.368350445970337,0.));
#9732=DIRECTION('',(0.,0.,1.));
#9733=DIRECTION('',(0.929687016663917,-0.368350445970337,0.));
#9734=DIRECTION('center_axis',(0.42587484837347,0.904782080681793,0.));
#9735=DIRECTION('ref_axis',(-0.904782080681793,0.42587484837347,0.));
#9736=DIRECTION('',(0.,0.,1.));
#9737=DIRECTION('',(0.904782080681793,-0.42587484837347,0.));
#9738=DIRECTION('center_axis',(0.483473200190886,0.875359163256536,0.));
#9739=DIRECTION('ref_axis',(-0.875359163256536,0.483473200190886,0.));
#9740=DIRECTION('',(0.,0.,1.));
#9741=DIRECTION('',(0.875359163256536,-0.483473200190886,0.));
#9742=DIRECTION('center_axis',(0.540266288457009,0.841494110233035,0.));
#9743=DIRECTION('ref_axis',(-0.841494110233035,0.540266288457009,0.));
#9744=DIRECTION('',(0.,0.,1.));
#9745=DIRECTION('',(0.841494110233035,-0.540266288457009,0.));
#9746=DIRECTION('center_axis',(0.595361381989876,0.803458041739023,0.));
#9747=DIRECTION('ref_axis',(-0.803458041739023,0.595361381989876,0.));
#9748=DIRECTION('',(0.,0.,1.));
#9749=DIRECTION('',(0.803458041739023,-0.595361381989876,0.));
#9750=DIRECTION('center_axis',(0.647912373988408,0.761714878174705,0.));
#9751=DIRECTION('ref_axis',(-0.761714878174705,0.647912373988408,0.));
#9752=DIRECTION('',(0.,0.,1.));
#9753=DIRECTION('',(0.761714878174705,-0.647912373988408,0.));
#9754=DIRECTION('center_axis',(0.697185747878401,0.716890530663667,0.));
#9755=DIRECTION('ref_axis',(-0.716890530663667,0.697185747878401,0.));
#9756=DIRECTION('',(0.,0.,1.));
#9757=DIRECTION('',(0.716890530663667,-0.697185747878401,0.));
#9758=DIRECTION('center_axis',(0.7426060540727,0.669728488609059,0.));
#9759=DIRECTION('ref_axis',(-0.669728488609059,0.7426060540727,0.));
#9760=DIRECTION('',(0.,0.,1.));
#9761=DIRECTION('',(0.669728488609059,-0.7426060540727,0.));
#9762=DIRECTION('center_axis',(0.783787353282913,0.621029294666336,0.));
#9763=DIRECTION('ref_axis',(-0.621029294666336,0.783787353282913,0.));
#9764=DIRECTION('',(0.,0.,1.));
#9765=DIRECTION('',(0.621029294666336,-0.783787353282913,0.));
#9766=DIRECTION('center_axis',(0.828722926784605,0.559659102151977,0.));
#9767=DIRECTION('ref_axis',(-0.559659102151977,0.828722926784605,0.));
#9768=DIRECTION('',(0.,0.,1.));
#9769=DIRECTION('',(0.559659102151977,-0.828722926784605,0.));
#9770=DIRECTION('center_axis',(0.874131784158467,0.485688813875649,0.));
#9771=DIRECTION('ref_axis',(-0.485688813875649,0.874131784158467,0.));
#9772=DIRECTION('',(0.,0.,1.));
#9773=DIRECTION('',(0.485688813875649,-0.874131784158467,0.));
#9774=DIRECTION('center_axis',(0.911442322627011,0.411427870378612,0.));
#9775=DIRECTION('ref_axis',(-0.411427870378612,0.911442322627011,0.));
#9776=DIRECTION('',(0.,0.,1.));
#9777=DIRECTION('',(0.411427870378612,-0.911442322627011,0.));
#9778=DIRECTION('center_axis',(0.941501652922033,0.337008364206408,0.));
#9779=DIRECTION('ref_axis',(-0.337008364206408,0.941501652922033,0.));
#9780=DIRECTION('',(0.,0.,1.));
#9781=DIRECTION('',(0.337008364206408,-0.941501652922033,0.));
#9782=DIRECTION('center_axis',(0.964948743148248,0.26243841772236,0.));
#9783=DIRECTION('ref_axis',(-0.26243841772236,0.964948743148248,0.));
#9784=DIRECTION('',(0.,0.,1.));
#9785=DIRECTION('',(0.26243841772236,-0.964948743148248,0.));
#9786=DIRECTION('center_axis',(0.982230693612619,0.187677554665638,0.));
#9787=DIRECTION('ref_axis',(-0.187677554665638,0.982230693612619,0.));
#9788=DIRECTION('',(0.,0.,1.));
#9789=DIRECTION('',(0.187677554665638,-0.982230693612619,0.));
#9790=DIRECTION('center_axis',(0.99362988830913,0.112692701887861,0.));
#9791=DIRECTION('ref_axis',(-0.112692701887861,0.99362988830913,0.));
#9792=DIRECTION('',(0.,0.,1.));
#9793=DIRECTION('',(0.112692701887861,-0.99362988830913,0.));
#9794=DIRECTION('center_axis',(0.99929671297437,0.0374977257793047,0.));
#9795=DIRECTION('ref_axis',(-0.0374977257793047,0.99929671297437,0.));
#9796=DIRECTION('',(0.,0.,1.));
#9797=DIRECTION('',(0.0374977257793047,-0.99929671297437,0.));
#9798=DIRECTION('center_axis',(0.999296712974366,-0.0374977257794105,0.));
#9799=DIRECTION('ref_axis',(0.0374977257794105,0.999296712974366,0.));
#9800=DIRECTION('',(0.,0.,1.));
#9801=DIRECTION('',(-0.0374977257794105,-0.999296712974366,0.));
#9802=DIRECTION('center_axis',(0.993629888309091,-0.112692701888199,0.));
#9803=DIRECTION('ref_axis',(0.112692701888199,0.993629888309091,0.));
#9804=DIRECTION('',(0.,0.,1.));
#9805=DIRECTION('',(-0.112692701888199,-0.993629888309091,0.));
#9806=DIRECTION('center_axis',(0.982230693612569,-0.187677554665901,0.));
#9807=DIRECTION('ref_axis',(0.187677554665901,0.982230693612569,0.));
#9808=DIRECTION('',(0.,0.,1.));
#9809=DIRECTION('',(-0.187677554665901,-0.982230693612569,0.));
#9810=DIRECTION('center_axis',(0.964948743148173,-0.262438417722638,0.));
#9811=DIRECTION('ref_axis',(0.262438417722638,0.964948743148173,0.));
#9812=DIRECTION('',(0.,0.,1.));
#9813=DIRECTION('',(-0.262438417722638,-0.964948743148173,0.));
#9814=DIRECTION('center_axis',(0.941501652922032,-0.337008364206413,0.));
#9815=DIRECTION('ref_axis',(0.337008364206413,0.941501652922031,0.));
#9816=DIRECTION('',(0.,0.,1.));
#9817=DIRECTION('',(-0.337008364206413,-0.941501652922031,0.));
#9818=DIRECTION('center_axis',(0.999296712974366,-0.0374977257794101,0.));
#9819=DIRECTION('ref_axis',(0.0374977257794101,0.999296712974366,0.));
#9820=DIRECTION('',(-0.0374977257794101,-0.999296712974366,0.));
#9821=DIRECTION('',(0.,0.,1.));
#9822=DIRECTION('center_axis',(0.,0.,1.));
#9823=DIRECTION('ref_axis',(-1.,0.,0.));
#9824=DIRECTION('center_axis',(0.,0.,1.));
#9825=DIRECTION('ref_axis',(-1.,0.,0.));
#9826=DIRECTION('center_axis',(0.,0.,1.));
#9827=DIRECTION('ref_axis',(-1.,0.,0.));
#9828=DIRECTION('center_axis',(0.,0.,1.));
#9829=DIRECTION('ref_axis',(-1.,0.,0.));
#9830=DIRECTION('center_axis',(0.,0.,1.));
#9831=DIRECTION('ref_axis',(-1.,0.,0.));
#9832=DIRECTION('center_axis',(0.,0.,1.));
#9833=DIRECTION('ref_axis',(-1.,0.,0.));
#9834=DIRECTION('center_axis',(0.,0.,1.));
#9835=DIRECTION('ref_axis',(-1.,0.,0.));
#9836=DIRECTION('center_axis',(0.,0.,1.));
#9837=DIRECTION('ref_axis',(-1.,0.,0.));
#9838=DIRECTION('',(0.,0.,1.));
#9839=DIRECTION('center_axis',(0.,0.,1.));
#9840=DIRECTION('ref_axis',(-1.,0.,0.));
#9841=DIRECTION('center_axis',(0.,0.,1.));
#9842=DIRECTION('ref_axis',(-1.,0.,0.));
#9843=DIRECTION('',(0.,0.,1.));
#9844=DIRECTION('center_axis',(0.,0.,1.));
#9845=DIRECTION('ref_axis',(-1.,0.,0.));
#9846=DIRECTION('center_axis',(0.,0.,1.));
#9847=DIRECTION('ref_axis',(-1.,0.,0.));
#9848=DIRECTION('',(0.,0.,1.));
#9849=DIRECTION('center_axis',(-0.982230693612591,-0.187677554665785,0.));
#9850=DIRECTION('ref_axis',(0.187677554665785,-0.982230693612591,0.));
#9851=DIRECTION('',(0.,0.,1.));
#9852=DIRECTION('',(-0.187677554665785,0.982230693612591,0.));
#9853=DIRECTION('center_axis',(-0.964948743148202,-0.262438417722531,0.));
#9854=DIRECTION('ref_axis',(0.262438417722531,-0.964948743148202,0.));
#9855=DIRECTION('',(0.,0.,1.));
#9856=DIRECTION('',(-0.262438417722531,0.964948743148202,0.));
#9857=DIRECTION('center_axis',(-0.941501652922047,-0.337008364206369,0.));
#9858=DIRECTION('ref_axis',(0.337008364206369,-0.941501652922047,0.));
#9859=DIRECTION('',(0.,0.,1.));
#9860=DIRECTION('',(-0.337008364206369,0.941501652922047,0.));
#9861=DIRECTION('center_axis',(-0.911442322627003,-0.411427870378629,0.));
#9862=DIRECTION('ref_axis',(0.411427870378629,-0.911442322627003,0.));
#9863=DIRECTION('',(0.,0.,1.));
#9864=DIRECTION('',(-0.411427870378629,0.911442322627003,0.));
#9865=DIRECTION('center_axis',(-0.87413178415852,-0.485688813875553,0.));
#9866=DIRECTION('ref_axis',(0.485688813875553,-0.87413178415852,0.));
#9867=DIRECTION('',(0.,0.,1.));
#9868=DIRECTION('',(-0.485688813875553,0.87413178415852,0.));
#9869=DIRECTION('center_axis',(-0.828722926784565,-0.559659102152038,0.));
#9870=DIRECTION('ref_axis',(0.559659102152038,-0.828722926784565,0.));
#9871=DIRECTION('',(0.,0.,1.));
#9872=DIRECTION('',(-0.559659102152038,0.828722926784565,0.));
#9873=DIRECTION('center_axis',(-0.783787353282552,-0.621029294666791,0.));
#9874=DIRECTION('ref_axis',(0.621029294666791,-0.783787353282552,0.));
#9875=DIRECTION('',(0.,0.,1.));
#9876=DIRECTION('',(-0.621029294666791,0.783787353282552,0.));
#9877=DIRECTION('center_axis',(-0.742606054073106,-0.669728488608608,0.));
#9878=DIRECTION('ref_axis',(0.669728488608608,-0.742606054073106,0.));
#9879=DIRECTION('',(0.,0.,1.));
#9880=DIRECTION('',(-0.669728488608608,0.742606054073106,0.));
#9881=DIRECTION('center_axis',(-0.6971857478785,-0.716890530663571,0.));
#9882=DIRECTION('ref_axis',(0.716890530663571,-0.6971857478785,0.));
#9883=DIRECTION('',(0.,0.,1.));
#9884=DIRECTION('',(-0.716890530663571,0.6971857478785,0.));
#9885=DIRECTION('center_axis',(-0.647912373989217,-0.761714878174017,0.));
#9886=DIRECTION('ref_axis',(0.761714878174017,-0.647912373989217,0.));
#9887=DIRECTION('',(0.,0.,1.));
#9888=DIRECTION('',(-0.761714878174017,0.647912373989217,0.));
#9889=DIRECTION('center_axis',(-0.595361381989926,-0.803458041738986,0.));
#9890=DIRECTION('ref_axis',(0.803458041738986,-0.595361381989926,0.));
#9891=DIRECTION('',(0.,0.,1.));
#9892=DIRECTION('',(-0.803458041738986,0.595361381989926,0.));
#9893=DIRECTION('center_axis',(-0.540266288456897,-0.841494110233107,0.));
#9894=DIRECTION('ref_axis',(0.841494110233107,-0.540266288456897,0.));
#9895=DIRECTION('',(0.,0.,1.));
#9896=DIRECTION('',(-0.841494110233108,0.540266288456897,0.));
#9897=DIRECTION('center_axis',(-0.483473200190543,-0.875359163256726,0.));
#9898=DIRECTION('ref_axis',(0.875359163256726,-0.483473200190543,0.));
#9899=DIRECTION('',(0.,0.,1.));
#9900=DIRECTION('',(-0.875359163256726,0.483473200190543,0.));
#9901=DIRECTION('center_axis',(-0.42587484837348,-0.904782080681788,0.));
#9902=DIRECTION('ref_axis',(0.904782080681788,-0.42587484837348,0.));
#9903=DIRECTION('',(0.,0.,1.));
#9904=DIRECTION('',(-0.904782080681788,0.42587484837348,0.));
#9905=DIRECTION('center_axis',(-0.368350445971539,-0.929687016663441,0.));
#9906=DIRECTION('ref_axis',(0.929687016663441,-0.368350445971539,0.));
#9907=DIRECTION('',(0.,0.,1.));
#9908=DIRECTION('',(-0.929687016663441,0.368350445971539,0.));
#9909=DIRECTION('center_axis',(-0.311705773445135,-0.950178673093103,0.));
#9910=DIRECTION('ref_axis',(0.950178673093103,-0.311705773445135,0.));
#9911=DIRECTION('',(0.,0.,1.));
#9912=DIRECTION('',(-0.950178673093103,0.311705773445135,0.));
#9913=DIRECTION('center_axis',(-0.230174165315451,-0.973149450814897,0.));
#9914=DIRECTION('ref_axis',(0.973149450814897,-0.230174165315451,0.));
#9915=DIRECTION('',(0.,0.,1.));
#9916=DIRECTION('',(-0.973149450814897,0.230174165315451,0.));
#9917=DIRECTION('center_axis',(-0.129467277632491,-0.991583694915579,0.));
#9918=DIRECTION('ref_axis',(0.991583694915579,-0.129467277632491,0.));
#9919=DIRECTION('',(0.,0.,1.));
#9920=DIRECTION('',(-0.991583694915579,0.129467277632491,0.));
#9921=DIRECTION('center_axis',(-0.0403445021776506,-0.99918582913492,0.));
#9922=DIRECTION('ref_axis',(0.99918582913492,-0.0403445021776506,0.));
#9923=DIRECTION('',(0.,0.,1.));
#9924=DIRECTION('',(-0.99918582913492,0.0403445021776506,0.));
#9925=DIRECTION('center_axis',(0.0403445021776509,-0.99918582913492,0.));
#9926=DIRECTION('ref_axis',(0.99918582913492,0.0403445021776509,0.));
#9927=DIRECTION('',(0.,0.,1.));
#9928=DIRECTION('',(-0.99918582913492,-0.0403445021776509,0.));
#9929=DIRECTION('center_axis',(0.12946727763249,-0.991583694915579,0.));
#9930=DIRECTION('ref_axis',(0.991583694915579,0.12946727763249,0.));
#9931=DIRECTION('',(0.,0.,1.));
#9932=DIRECTION('',(-0.991583694915579,-0.12946727763249,0.));
#9933=DIRECTION('center_axis',(0.230174252152264,-0.973149430275816,0.));
#9934=DIRECTION('ref_axis',(0.973149430275816,0.230174252152264,0.));
#9935=DIRECTION('',(0.,0.,1.));
#9936=DIRECTION('',(-0.973149430275816,-0.230174252152264,0.));
#9937=DIRECTION('center_axis',(0.31170577344453,-0.950178673093302,0.));
#9938=DIRECTION('ref_axis',(0.950178673093302,0.31170577344453,0.));
#9939=DIRECTION('',(0.,0.,1.));
#9940=DIRECTION('',(-0.950178673093302,-0.31170577344453,0.));
#9941=DIRECTION('center_axis',(0.368350178490905,-0.929687122641654,0.));
#9942=DIRECTION('ref_axis',(0.929687122641654,0.368350178490905,0.));
#9943=DIRECTION('',(0.,0.,1.));
#9944=DIRECTION('',(-0.929687122641654,-0.368350178490905,0.));
#9945=DIRECTION('center_axis',(0.425874848373117,-0.904782080681959,0.));
#9946=DIRECTION('ref_axis',(0.904782080681959,0.425874848373117,0.));
#9947=DIRECTION('',(0.,0.,1.));
#9948=DIRECTION('',(-0.904782080681959,-0.425874848373117,0.));
#9949=DIRECTION('center_axis',(0.4834735277927,-0.875358982317359,0.));
#9950=DIRECTION('ref_axis',(0.875358982317359,0.4834735277927,0.));
#9951=DIRECTION('',(0.,0.,1.));
#9952=DIRECTION('',(-0.875358982317359,-0.4834735277927,0.));
#9953=DIRECTION('center_axis',(0.540266288456903,-0.841494110233104,0.));
#9954=DIRECTION('ref_axis',(0.841494110233103,0.540266288456903,0.));
#9955=DIRECTION('',(0.,0.,1.));
#9956=DIRECTION('',(-0.841494110233103,-0.540266288456903,0.));
#9957=DIRECTION('center_axis',(0.595361381989604,-0.803458041739224,0.));
#9958=DIRECTION('ref_axis',(0.803458041739224,0.595361381989604,0.));
#9959=DIRECTION('',(0.,0.,1.));
#9960=DIRECTION('',(-0.803458041739224,-0.595361381989604,0.));
#9961=DIRECTION('center_axis',(0.647912373988084,-0.761714878174981,0.));
#9962=DIRECTION('ref_axis',(0.761714878174981,0.647912373988084,0.));
#9963=DIRECTION('',(0.,0.,1.));
#9964=DIRECTION('',(-0.761714878174981,-0.647912373988084,0.));
#9965=DIRECTION('center_axis',(0.6971853867677,-0.716890881848537,0.));
#9966=DIRECTION('ref_axis',(0.716890881848537,0.6971853867677,0.));
#9967=DIRECTION('',(0.,0.,1.));
#9968=DIRECTION('',(-0.716890881848537,-0.6971853867677,0.));
#9969=DIRECTION('center_axis',(0.742606403410711,-0.669728101257076,0.));
#9970=DIRECTION('ref_axis',(0.669728101257076,0.742606403410711,0.));
#9971=DIRECTION('',(0.,0.,1.));
#9972=DIRECTION('',(-0.669728101257076,-0.742606403410711,0.));
#9973=DIRECTION('center_axis',(0.783787353282623,-0.621029294666701,0.));
#9974=DIRECTION('ref_axis',(0.621029294666701,0.783787353282623,0.));
#9975=DIRECTION('',(0.,0.,1.));
#9976=DIRECTION('',(-0.621029294666701,-0.783787353282623,0.));
#9977=DIRECTION('center_axis',(0.828722774102274,-0.559659328238377,0.));
#9978=DIRECTION('ref_axis',(0.559659328238377,0.828722774102274,0.));
#9979=DIRECTION('',(0.,0.,1.));
#9980=DIRECTION('',(-0.559659328238377,-0.828722774102274,0.));
#9981=DIRECTION('center_axis',(0.874131920077823,-0.485688569250974,0.));
#9982=DIRECTION('ref_axis',(0.485688569250974,0.874131920077823,0.));
#9983=DIRECTION('',(0.,0.,1.));
#9984=DIRECTION('',(-0.485688569250974,-0.874131920077823,0.));
#9985=DIRECTION('center_axis',(0.911442322627007,-0.411427870378621,0.));
#9986=DIRECTION('ref_axis',(0.411427870378621,0.911442322627007,0.));
#9987=DIRECTION('',(0.,0.,1.));
#9988=DIRECTION('',(-0.411427870378621,-0.911442322627007,0.));
#9989=DIRECTION('center_axis',(0.941501652922048,-0.337008364206367,0.));
#9990=DIRECTION('ref_axis',(0.337008364206367,0.941501652922048,0.));
#9991=DIRECTION('',(0.,0.,1.));
#9992=DIRECTION('',(-0.337008364206367,-0.941501652922048,0.));
#9993=DIRECTION('center_axis',(0.964948743148202,-0.262438417722529,0.));
#9994=DIRECTION('ref_axis',(0.262438417722529,0.964948743148202,0.));
#9995=DIRECTION('',(0.,0.,1.));
#9996=DIRECTION('',(-0.262438417722529,-0.964948743148202,0.));
#9997=DIRECTION('center_axis',(0.982230640426362,-0.187677833021425,0.));
#9998=DIRECTION('ref_axis',(0.187677833021425,0.982230640426362,0.));
#9999=DIRECTION('',(0.,0.,1.));
#10000=DIRECTION('',(-0.187677833021425,-0.982230640426362,0.));
#10001=DIRECTION('center_axis',(0.993629919842532,-0.112692423852376,0.));
#10002=DIRECTION('ref_axis',(0.112692423852376,0.993629919842532,0.));
#10003=DIRECTION('',(-0.112692423852376,-0.993629919842532,0.));
#10004=DIRECTION('center_axis',(0.911442322627,-0.411427870378636,0.));
#10005=DIRECTION('ref_axis',(0.411427870378636,0.911442322627,0.));
#10006=DIRECTION('',(0.,0.,1.));
#10007=DIRECTION('',(-0.411427870378636,-0.911442322627,0.));
#10008=DIRECTION('center_axis',(0.874131784158521,-0.485688813875553,0.));
#10009=DIRECTION('ref_axis',(0.485688813875553,0.874131784158521,0.));
#10010=DIRECTION('',(0.,0.,1.));
#10011=DIRECTION('',(-0.485688813875553,-0.874131784158521,0.));
#10012=DIRECTION('center_axis',(0.828722926784568,-0.559659102152032,0.));
#10013=DIRECTION('ref_axis',(0.559659102152032,0.828722926784568,0.));
#10014=DIRECTION('',(0.,0.,1.));
#10015=DIRECTION('',(-0.559659102152032,-0.828722926784568,0.));
#10016=DIRECTION('center_axis',(0.775639575477241,-0.631176083952398,0.));
#10017=DIRECTION('ref_axis',(0.631176083952398,0.775639575477241,0.));
#10018=DIRECTION('',(0.,0.,1.));
#10019=DIRECTION('',(-0.631176083952398,-0.775639575477241,0.));
#10020=DIRECTION('center_axis',(0.713725140800628,-0.700425887149472,0.));
#10021=DIRECTION('ref_axis',(0.700425887149472,0.713725140800628,0.));
#10022=DIRECTION('',(0.,0.,1.));
#10023=DIRECTION('',(-0.700425887149472,-0.713725140800628,0.));
#10024=DIRECTION('center_axis',(0.642431631036626,-0.766343003780697,0.));
#10025=DIRECTION('ref_axis',(0.766343003780697,0.642431631036626,0.));
#10026=DIRECTION('',(0.,0.,1.));
#10027=DIRECTION('',(-0.766343003780697,-0.642431631036626,0.));
#10028=DIRECTION('center_axis',(0.56384277310712,-0.825882150924013,0.));
#10029=DIRECTION('ref_axis',(0.825882150924013,0.56384277310712,0.));
#10030=DIRECTION('',(0.,0.,1.));
#10031=DIRECTION('',(-0.825882150924013,-0.56384277310712,0.));
#10032=DIRECTION('center_axis',(0.481173909972964,-0.876625158412266,0.));
#10033=DIRECTION('ref_axis',(0.876625158412266,0.481173909972964,0.));
#10034=DIRECTION('',(0.,0.,1.));
#10035=DIRECTION('',(-0.876625158412266,-0.481173909972964,0.));
#10036=DIRECTION('center_axis',(0.398238341592004,-0.917281975886396,0.));
#10037=DIRECTION('ref_axis',(0.917281975886396,0.398238341592004,0.));
#10038=DIRECTION('',(0.,0.,1.));
#10039=DIRECTION('',(-0.917281975886396,-0.398238341592004,0.));
#10040=DIRECTION('center_axis',(0.318747582657862,-0.947839637570496,0.));
#10041=DIRECTION('ref_axis',(0.947839637570496,0.318747582657862,0.));
#10042=DIRECTION('',(0.,0.,1.));
#10043=DIRECTION('',(-0.947839637570496,-0.318747582657862,0.));
#10044=DIRECTION('center_axis',(0.245723222310713,-0.969340032195741,0.));
#10045=DIRECTION('ref_axis',(0.969340032195741,0.245723222310713,0.));
#10046=DIRECTION('',(0.,0.,1.));
#10047=DIRECTION('',(-0.969340032195741,-0.245723222310713,0.));
#10048=DIRECTION('center_axis',(0.153647106254369,-0.988125784877441,0.));
#10049=DIRECTION('ref_axis',(0.988125784877441,0.153647106254369,0.));
#10050=DIRECTION('',(0.,0.,1.));
#10051=DIRECTION('',(-0.988125784877441,-0.153647106254369,0.));
#10052=DIRECTION('center_axis',(0.0638493597007538,-0.997959547910537,0.));
#10053=DIRECTION('ref_axis',(0.997959547910537,0.0638493597007538,0.));
#10054=DIRECTION('',(0.,0.,1.));
#10055=DIRECTION('',(-0.997959547910537,-0.0638493597007538,0.));
#10056=DIRECTION('center_axis',(0.00476378187658244,-0.99998865312674,0.));
#10057=DIRECTION('ref_axis',(0.99998865312674,0.00476378187658244,0.));
#10058=DIRECTION('',(0.,0.,1.));
#10059=DIRECTION('',(-0.99998865312674,-0.00476378187658244,0.));
#10060=DIRECTION('center_axis',(-0.0047637827766565,-0.999988653122453,
0.));
#10061=DIRECTION('ref_axis',(0.999988653122453,-0.0047637827766565,0.));
#10062=DIRECTION('',(0.,0.,1.));
#10063=DIRECTION('',(-0.999988653122453,0.0047637827766565,0.));
#10064=DIRECTION('center_axis',(-0.0638493343821714,-0.997959549530417,
0.));
#10065=DIRECTION('ref_axis',(0.997959549530417,-0.0638493343821714,0.));
#10066=DIRECTION('',(0.,0.,1.));
#10067=DIRECTION('',(-0.997959549530417,0.0638493343821714,0.));
#10068=DIRECTION('center_axis',(-0.153647168579324,-0.988125775186316,0.));
#10069=DIRECTION('ref_axis',(0.988125775186316,-0.153647168579324,0.));
#10070=DIRECTION('',(0.,0.,1.));
#10071=DIRECTION('',(-0.988125775186316,0.153647168579324,0.));
#10072=DIRECTION('center_axis',(-0.245723222310066,-0.969340032195905,0.));
#10073=DIRECTION('ref_axis',(0.969340032195905,-0.245723222310066,0.));
#10074=DIRECTION('',(0.,0.,1.));
#10075=DIRECTION('',(-0.969340032195905,0.245723222310066,0.));
#10076=DIRECTION('center_axis',(-0.318747329136393,-0.947839722826816,0.));
#10077=DIRECTION('ref_axis',(0.947839722826816,-0.318747329136393,0.));
#10078=DIRECTION('',(0.,0.,1.));
#10079=DIRECTION('',(-0.947839722826816,0.318747329136393,0.));
#10080=DIRECTION('center_axis',(-0.398238647007464,-0.91728184329009,0.));
#10081=DIRECTION('ref_axis',(0.917281843290089,-0.398238647007464,0.));
#10082=DIRECTION('',(0.,0.,1.));
#10083=DIRECTION('',(-0.917281843290089,0.398238647007464,0.));
#10084=DIRECTION('center_axis',(-0.481173562166397,-0.876625349320963,0.));
#10085=DIRECTION('ref_axis',(0.876625349320963,-0.481173562166397,0.));
#10086=DIRECTION('',(0.,0.,1.));
#10087=DIRECTION('',(-0.876625349320963,0.481173562166397,0.));
#10088=DIRECTION('center_axis',(-0.563842773106718,-0.825882150924287,0.));
#10089=DIRECTION('ref_axis',(0.825882150924287,-0.563842773106718,0.));
#10090=DIRECTION('',(0.,0.,1.));
#10091=DIRECTION('',(-0.825882150924287,0.563842773106718,0.));
#10092=DIRECTION('center_axis',(-0.642431631036582,-0.766343003780733,0.));
#10093=DIRECTION('ref_axis',(0.766343003780733,-0.642431631036582,0.));
#10094=DIRECTION('',(0.,0.,1.));
#10095=DIRECTION('',(-0.766343003780733,0.642431631036582,0.));
#10096=DIRECTION('center_axis',(-0.713725140800386,-0.700425887149718,0.));
#10097=DIRECTION('ref_axis',(0.700425887149718,-0.713725140800385,0.));
#10098=DIRECTION('',(0.,0.,1.));
#10099=DIRECTION('',(-0.700425887149718,0.713725140800385,0.));
#10100=DIRECTION('center_axis',(-0.775639914467583,-0.631175667373768,0.));
#10101=DIRECTION('ref_axis',(0.631175667373768,-0.775639914467583,0.));
#10102=DIRECTION('',(0.,0.,1.));
#10103=DIRECTION('',(-0.631175667373768,0.775639914467583,0.));
#10104=DIRECTION('center_axis',(-0.828722774102203,-0.559659328238481,0.));
#10105=DIRECTION('ref_axis',(0.559659328238481,-0.828722774102203,0.));
#10106=DIRECTION('',(0.,0.,1.));
#10107=DIRECTION('',(-0.559659328238481,0.828722774102203,0.));
#10108=DIRECTION('center_axis',(-0.874131920077614,-0.485688569251351,0.));
#10109=DIRECTION('ref_axis',(0.485688569251351,-0.874131920077614,0.));
#10110=DIRECTION('',(0.,0.,1.));
#10111=DIRECTION('',(-0.485688569251351,0.874131920077614,0.));
#10112=DIRECTION('center_axis',(-0.911442322626895,-0.411427870378869,0.));
#10113=DIRECTION('ref_axis',(0.411427870378869,-0.911442322626895,0.));
#10114=DIRECTION('',(0.,0.,1.));
#10115=DIRECTION('',(-0.411427870378869,0.911442322626895,0.));
#10116=DIRECTION('center_axis',(-0.94150165292204,-0.337008364206388,0.));
#10117=DIRECTION('ref_axis',(0.337008364206388,-0.94150165292204,0.));
#10118=DIRECTION('',(0.,0.,1.));
#10119=DIRECTION('',(-0.337008364206388,0.94150165292204,0.));
#10120=DIRECTION('center_axis',(-0.964948743148187,-0.262438417722584,0.));
#10121=DIRECTION('ref_axis',(0.262438417722584,-0.964948743148187,0.));
#10122=DIRECTION('',(0.,0.,1.));
#10123=DIRECTION('',(-0.262438417722584,0.964948743148187,0.));
#10124=DIRECTION('center_axis',(-0.982230640426363,-0.187677833021422,0.));
#10125=DIRECTION('ref_axis',(0.187677833021422,-0.982230640426363,0.));
#10126=DIRECTION('',(0.,0.,1.));
#10127=DIRECTION('',(-0.187677833021422,0.982230640426363,0.));
#10128=DIRECTION('center_axis',(-0.993629919842517,-0.112692423852504,0.));
#10129=DIRECTION('ref_axis',(0.112692423852504,-0.993629919842517,0.));
#10130=DIRECTION('',(0.,0.,1.));
#10131=DIRECTION('',(-0.112692423852504,0.993629919842517,0.));
#10132=DIRECTION('center_axis',(-0.999296712974365,-0.0374977257794401,
0.));
#10133=DIRECTION('ref_axis',(0.0374977257794401,-0.999296712974365,0.));
#10134=DIRECTION('',(0.,0.,1.));
#10135=DIRECTION('',(-0.0374977257794401,0.999296712974365,0.));
#10136=DIRECTION('center_axis',(-0.999296712974371,0.0374977257792638,0.));
#10137=DIRECTION('ref_axis',(-0.0374977257792638,-0.999296712974372,0.));
#10138=DIRECTION('',(0.,0.,1.));
#10139=DIRECTION('',(0.0374977257792638,0.999296712974371,0.));
#10140=DIRECTION('center_axis',(-0.993629919842546,0.112692423852254,0.));
#10141=DIRECTION('ref_axis',(-0.112692423852254,-0.993629919842546,0.));
#10142=DIRECTION('',(0.,0.,1.));
#10143=DIRECTION('',(0.112692423852254,0.993629919842546,0.));
#10144=DIRECTION('center_axis',(-0.982230640426375,0.187677833021361,0.));
#10145=DIRECTION('ref_axis',(-0.187677833021361,-0.982230640426375,0.));
#10146=DIRECTION('',(0.,0.,1.));
#10147=DIRECTION('',(0.187677833021361,0.982230640426375,0.));
#10148=DIRECTION('center_axis',(-0.964948743148228,0.262438417722436,0.));
#10149=DIRECTION('ref_axis',(-0.262438417722436,-0.964948743148228,0.));
#10150=DIRECTION('',(0.,0.,1.));
#10151=DIRECTION('',(0.262438417722436,0.964948743148228,0.));
#10152=DIRECTION('center_axis',(-0.941501652922049,0.337008364206365,0.));
#10153=DIRECTION('ref_axis',(-0.337008364206365,-0.941501652922049,0.));
#10154=DIRECTION('',(0.,0.,1.));
#10155=DIRECTION('',(0.337008364206365,0.941501652922049,0.));
#10156=DIRECTION('center_axis',(-0.91144232262701,0.411427870378613,0.));
#10157=DIRECTION('ref_axis',(-0.411427870378613,-0.91144232262701,0.));
#10158=DIRECTION('',(0.,0.,1.));
#10159=DIRECTION('',(0.411427870378613,0.91144232262701,0.));
#10160=DIRECTION('center_axis',(-0.874131920077821,0.485688569250978,0.));
#10161=DIRECTION('ref_axis',(-0.485688569250978,-0.874131920077821,0.));
#10162=DIRECTION('',(0.485688569250978,0.874131920077821,0.));
#10163=DIRECTION('center_axis',(0.,0.,-1.));
#10164=DIRECTION('ref_axis',(1.,0.,0.));
#10165=DIRECTION('center_axis',(1.,0.,0.));
#10166=DIRECTION('ref_axis',(0.,-1.,0.));
#10167=DIRECTION('',(0.,-1.,0.));
#10168=DIRECTION('',(0.,0.,-1.));
#10169=DIRECTION('',(0.,0.,-1.));
#10170=DIRECTION('center_axis',(0.,0.,-1.));
#10171=DIRECTION('ref_axis',(0.,-1.,0.));
#10172=DIRECTION('center_axis',(0.,0.,-1.));
#10173=DIRECTION('ref_axis',(0.,-1.,0.));
#10174=DIRECTION('',(0.,0.,-1.));
#10175=DIRECTION('center_axis',(0.,-1.,0.));
#10176=DIRECTION('ref_axis',(-1.,0.,0.));
#10177=DIRECTION('',(-1.,0.,0.));
#10178=DIRECTION('',(0.,0.,-1.));
#10179=DIRECTION('center_axis',(0.,0.,-1.));
#10180=DIRECTION('ref_axis',(-1.,0.,0.));
#10181=DIRECTION('center_axis',(0.,0.,-1.));
#10182=DIRECTION('ref_axis',(-1.,0.,0.));
#10183=DIRECTION('',(0.,0.,-1.));
#10184=DIRECTION('center_axis',(-1.,0.,0.));
#10185=DIRECTION('ref_axis',(0.,1.,0.));
#10186=DIRECTION('',(0.,1.,0.));
#10187=DIRECTION('',(0.,0.,-1.));
#10188=DIRECTION('center_axis',(0.,0.,-1.));
#10189=DIRECTION('ref_axis',(1.,0.,0.));
#10190=DIRECTION('center_axis',(0.,0.,-1.));
#10191=DIRECTION('ref_axis',(1.,0.,0.));
#10192=DIRECTION('',(0.,0.,-1.));
#10193=DIRECTION('center_axis',(0.,1.,0.));
#10194=DIRECTION('ref_axis',(1.,0.,0.));
#10195=DIRECTION('',(1.,0.,0.));
#10196=DIRECTION('',(0.,0.,-1.));
#10197=DIRECTION('center_axis',(0.,0.,-1.));
#10198=DIRECTION('ref_axis',(2.96059473233381E-14,1.,0.));
#10199=DIRECTION('center_axis',(0.,0.,-1.));
#10200=DIRECTION('ref_axis',(2.96059473233381E-14,1.,0.));
#10201=DIRECTION('center_axis',(1.,0.,0.));
#10202=DIRECTION('ref_axis',(0.,-1.,0.));
#10203=DIRECTION('',(0.,-1.,0.));
#10204=DIRECTION('',(0.,0.,-1.));
#10205=DIRECTION('',(0.,0.,-1.));
#10206=DIRECTION('center_axis',(0.,0.,-1.));
#10207=DIRECTION('ref_axis',(-2.96059473233381E-14,-1.,0.));
#10208=DIRECTION('center_axis',(0.,0.,-1.));
#10209=DIRECTION('ref_axis',(-2.96059473233381E-14,-1.,0.));
#10210=DIRECTION('',(0.,0.,-1.));
#10211=DIRECTION('center_axis',(0.,-1.,0.));
#10212=DIRECTION('ref_axis',(-1.,0.,0.));
#10213=DIRECTION('',(-1.,0.,0.));
#10214=DIRECTION('',(0.,0.,-1.));
#10215=DIRECTION('center_axis',(0.,0.,-1.));
#10216=DIRECTION('ref_axis',(-1.,0.,0.));
#10217=DIRECTION('center_axis',(0.,0.,-1.));
#10218=DIRECTION('ref_axis',(-1.,0.,0.));
#10219=DIRECTION('',(0.,0.,-1.));
#10220=DIRECTION('center_axis',(-1.,0.,0.));
#10221=DIRECTION('ref_axis',(0.,1.,0.));
#10222=DIRECTION('',(0.,1.,0.));
#10223=DIRECTION('',(0.,0.,-1.));
#10224=DIRECTION('center_axis',(0.,0.,-1.));
#10225=DIRECTION('ref_axis',(1.,0.,0.));
#10226=DIRECTION('center_axis',(0.,0.,-1.));
#10227=DIRECTION('ref_axis',(1.,0.,0.));
#10228=DIRECTION('',(0.,0.,-1.));
#10229=DIRECTION('center_axis',(0.,1.,0.));
#10230=DIRECTION('ref_axis',(1.,0.,0.));
#10231=DIRECTION('',(1.,0.,0.));
#10232=DIRECTION('',(0.,0.,-1.));
#10233=DIRECTION('center_axis',(0.,0.,-1.));
#10234=DIRECTION('ref_axis',(0.,1.,0.));
#10235=DIRECTION('center_axis',(0.,0.,-1.));
#10236=DIRECTION('ref_axis',(0.,1.,0.));
#10237=DIRECTION('center_axis',(1.,-9.601928861623E-15,0.));
#10238=DIRECTION('ref_axis',(-9.601928861623E-15,-1.,0.));
#10239=DIRECTION('',(-9.601928861623E-15,-1.,0.));
#10240=DIRECTION('',(0.,0.,-1.));
#10241=DIRECTION('',(0.,0.,-1.));
#10242=DIRECTION('center_axis',(0.,0.,-1.));
#10243=DIRECTION('ref_axis',(5.92118946466763E-14,-1.,0.));
#10244=DIRECTION('center_axis',(0.,0.,-1.));
#10245=DIRECTION('ref_axis',(5.92118946466763E-14,-1.,0.));
#10246=DIRECTION('',(0.,0.,-1.));
#10247=DIRECTION('center_axis',(9.60192886162267E-15,-1.,0.));
#10248=DIRECTION('ref_axis',(-1.,-9.60192886162267E-15,0.));
#10249=DIRECTION('',(-1.,-9.60192886162267E-15,0.));
#10250=DIRECTION('',(0.,0.,-1.));
#10251=DIRECTION('center_axis',(0.,0.,-1.));
#10252=DIRECTION('ref_axis',(-1.,2.96059473233364E-14,0.));
#10253=DIRECTION('center_axis',(0.,0.,-1.));
#10254=DIRECTION('ref_axis',(-1.,2.96059473233364E-14,0.));
#10255=DIRECTION('',(0.,0.,-1.));
#10256=DIRECTION('center_axis',(-1.,9.601928861623E-15,0.));
#10257=DIRECTION('ref_axis',(9.601928861623E-15,1.,0.));
#10258=DIRECTION('',(9.601928861623E-15,1.,0.));
#10259=DIRECTION('',(0.,0.,-1.));
#10260=DIRECTION('center_axis',(0.,0.,-1.));
#10261=DIRECTION('ref_axis',(1.,-2.96059473233364E-14,0.));
#10262=DIRECTION('center_axis',(0.,0.,-1.));
#10263=DIRECTION('ref_axis',(1.,-2.96059473233364E-14,0.));
#10264=DIRECTION('',(0.,0.,-1.));
#10265=DIRECTION('center_axis',(-9.60192886162267E-15,1.,0.));
#10266=DIRECTION('ref_axis',(1.,9.60192886162267E-15,0.));
#10267=DIRECTION('',(1.,9.60192886162267E-15,0.));
#10268=DIRECTION('',(0.,0.,-1.));
#10269=DIRECTION('center_axis',(0.,0.,-1.));
#10270=DIRECTION('ref_axis',(-5.92118946466763E-14,1.,0.));
#10271=DIRECTION('center_axis',(0.,0.,-1.));
#10272=DIRECTION('ref_axis',(-5.92118946466763E-14,1.,0.));
#10273=DIRECTION('center_axis',(0.,0.,-1.));
#10274=DIRECTION('ref_axis',(1.,0.,0.));
#10275=DIRECTION('center_axis',(0.,0.,-1.));
#10276=DIRECTION('ref_axis',(5.2245789394125E-15,1.,0.));
#10277=DIRECTION('',(0.,1.,0.));
#10278=DIRECTION('center_axis',(0.,0.,-1.));
#10279=DIRECTION('ref_axis',(1.,-1.56737368182373E-14,0.));
#10280=DIRECTION('',(1.,9.6019288616223E-15,0.));
#10281=DIRECTION('center_axis',(1.,0.,0.));
#10282=DIRECTION('ref_axis',(0.,-1.,0.));
#10283=DIRECTION('',(0.,0.,-1.));
#10284=DIRECTION('center_axis',(0.,0.,-1.));
#10285=DIRECTION('ref_axis',(5.2245789394125E-15,1.,0.));
#10286=DIRECTION('',(0.,0.,-1.));
#10287=DIRECTION('center_axis',(-9.60192886162212E-15,1.,0.));
#10288=DIRECTION('ref_axis',(1.,9.60192886162212E-15,0.));
#10289=DIRECTION('',(0.,0.,-1.));
#10290=DIRECTION('',(-1.,-9.60192886162212E-15,0.));
#10291=DIRECTION('',(0.,0.,-1.));
#10292=DIRECTION('center_axis',(0.,0.,-1.));
#10293=DIRECTION('ref_axis',(1.,-1.61486985400021E-14,0.));
#10294=DIRECTION('center_axis',(0.,0.,1.));
#10295=DIRECTION('ref_axis',(1.,-1.61486985400021E-14,0.));
#10296=DIRECTION('center_axis',(9.6019288616223E-15,-1.,0.));
#10297=DIRECTION('ref_axis',(-1.,-9.6019288616223E-15,0.));
#10298=DIRECTION('',(0.,0.,-1.));
#10299=DIRECTION('center_axis',(0.,0.,-1.));
#10300=DIRECTION('ref_axis',(1.,-1.56737368182373E-14,0.));
#10301=DIRECTION('center_axis',(0.,0.,-1.));
#10302=DIRECTION('ref_axis',(4.03717463500057E-15,1.,0.));
#10303=DIRECTION('',(0.,0.,-1.));
#10304=DIRECTION('center_axis',(0.,0.,1.));
#10305=DIRECTION('ref_axis',(4.03717463500057E-15,1.,0.));
#10306=DIRECTION('center_axis',(-1.,0.,0.));
#10307=DIRECTION('ref_axis',(0.,1.,0.));
#10308=DIRECTION('',(0.,-1.,0.));
#10309=DIRECTION('center_axis',(0.,0.,-1.));
#10310=DIRECTION('ref_axis',(-1.,0.,0.));
#10311=DIRECTION('',(1.,0.,0.));
#10312=DIRECTION('',(0.,1.,0.));
#10313=DIRECTION('',(-1.,0.,0.));
#10314=DIRECTION('',(7.93016446160826E-16,-1.,0.));
#10315=DIRECTION('center_axis',(0.,-1.,0.));
#10316=DIRECTION('ref_axis',(-1.,0.,0.));
#10317=DIRECTION('',(1.,0.,0.));
#10318=DIRECTION('',(0.,0.,-1.));
#10319=DIRECTION('',(-1.,0.,0.));
#10320=DIRECTION('',(0.,0.,-1.));
#10321=DIRECTION('center_axis',(1.,9.15647855360954E-16,0.));
#10322=DIRECTION('ref_axis',(9.15647855360954E-16,-1.,0.));
#10323=DIRECTION('',(-9.15647855360954E-16,1.,0.));
#10324=DIRECTION('',(0.,0.,-1.));
#10325=DIRECTION('',(9.15647855360954E-16,-1.,0.));
#10326=DIRECTION('center_axis',(1.,0.,0.));
#10327=DIRECTION('ref_axis',(0.,-1.,0.));
#10328=DIRECTION('',(0.,0.,-1.));
#10329=DIRECTION('',(0.,-1.,0.));
#10330=DIRECTION('',(0.,0.,-1.));
#10331=DIRECTION('center_axis',(0.,-1.,0.));
#10332=DIRECTION('ref_axis',(-1.,0.,0.));
#10333=DIRECTION('',(0.,0.,-1.));
#10334=DIRECTION('',(-1.,0.,0.));
#10335=DIRECTION('center_axis',(-1.,0.,0.));
#10336=DIRECTION('ref_axis',(0.,1.,0.));
#10337=DIRECTION('',(0.,-1.,0.));
#10338=DIRECTION('',(0.,1.,0.));
#10339=DIRECTION('',(0.,0.,-1.));
#10340=DIRECTION('center_axis',(0.,1.,0.));
#10341=DIRECTION('ref_axis',(1.,0.,0.));
#10342=DIRECTION('',(-1.,0.,0.));
#10343=DIRECTION('',(1.,0.,0.));
#10344=DIRECTION('center_axis',(0.,1.,0.));
#10345=DIRECTION('ref_axis',(1.,0.,0.));
#10346=DIRECTION('',(1.,0.,0.));
#10347=DIRECTION('',(0.,0.,-1.));
#10348=DIRECTION('center_axis',(-1.,-7.93016446160826E-16,0.));
#10349=DIRECTION('ref_axis',(-7.93016446160826E-16,1.,0.));
#10350=DIRECTION('',(-7.93016446160826E-16,1.,0.));
#10351=DIRECTION('center_axis',(0.,0.,-1.));
#10352=DIRECTION('ref_axis',(-1.,0.,0.));
#10353=DIRECTION('center_axis',(0.,0.,-1.));
#10354=DIRECTION('ref_axis',(-1.,0.,0.));
#10355=CARTESIAN_POINT('',(0.,0.,0.));
#10356=CARTESIAN_POINT('Origin',(174.758293149758,-100.010011171283,7.1));
#10357=CARTESIAN_POINT('',(175.657837951458,-96.7025128509568,7.1));
#10358=CARTESIAN_POINT('',(174.758293149758,-100.010011171283,7.1));
#10359=CARTESIAN_POINT('',(175.851383488955,-95.9908734318126,7.1));
#10360=CARTESIAN_POINT('',(175.657837951458,-96.7025128509568,2.1));
#10361=CARTESIAN_POINT('',(175.657837951458,-96.7025128509568,7.1));
#10362=CARTESIAN_POINT('',(174.758293149758,-100.010011171283,2.1));
#10363=CARTESIAN_POINT('',(175.657837951458,-96.7025128509568,2.1));
#10364=CARTESIAN_POINT('',(174.758293149758,-100.010011171283,7.1));
#10365=CARTESIAN_POINT('Origin',(173.631537862446,-103.157832050864,7.1));
#10366=CARTESIAN_POINT('',(173.631537862446,-103.157832050864,7.1));
#10367=CARTESIAN_POINT('',(175.226791252912,-98.7011660939525,7.1));
#10368=CARTESIAN_POINT('',(173.631537862446,-103.157832050864,2.1));
#10369=CARTESIAN_POINT('',(174.758293149758,-100.010011171283,2.1));
#10370=CARTESIAN_POINT('',(173.631537862446,-103.157832050864,7.1));
#10371=CARTESIAN_POINT('Origin',(172.290714772308,-106.128177522072,7.1));
#10372=CARTESIAN_POINT('',(172.290714772308,-106.128177522072,7.1));
#10373=CARTESIAN_POINT('',(174.43238657403,-101.383699906908,7.1));
#10374=CARTESIAN_POINT('',(172.290714772308,-106.128177522072,2.1));
#10375=CARTESIAN_POINT('',(173.631537862446,-103.157832050864,2.1));
#10376=CARTESIAN_POINT('',(172.290714772308,-106.128177522072,7.1));
#10377=CARTESIAN_POINT('Origin',(170.74884437166,-108.903201129275,7.1));
#10378=CARTESIAN_POINT('',(170.74884437166,-108.903201129275,7.1));
#10379=CARTESIAN_POINT('',(173.451362067128,-104.039270671398,7.1));
#10380=CARTESIAN_POINT('',(170.74884437166,-108.903201129275,2.1));
#10381=CARTESIAN_POINT('',(172.290714772308,-106.128177522072,2.1));
#10382=CARTESIAN_POINT('',(170.74884437166,-108.903201129275,7.1));
#10383=CARTESIAN_POINT('Origin',(169.019215145261,-111.464373437993,7.1));
#10384=CARTESIAN_POINT('',(169.019215145261,-111.464373437993,7.1));
#10385=CARTESIAN_POINT('',(172.260398105478,-106.664947110955,7.1));
#10386=CARTESIAN_POINT('',(169.019215145261,-111.464373437993,2.1));
#10387=CARTESIAN_POINT('',(170.74884437166,-108.903201129275,2.1));
#10388=CARTESIAN_POINT('',(169.019215145261,-111.464373437993,7.1));
#10389=CARTESIAN_POINT('Origin',(168.073190370742,-112.626924227155,7.1));
#10390=CARTESIAN_POINT('',(168.073190370742,-112.626924227155,7.1));
#10391=CARTESIAN_POINT('',(171.322989846642,-108.633311113538,7.1));
#10392=CARTESIAN_POINT('',(168.073190370742,-112.626924227155,2.1));
#10393=CARTESIAN_POINT('',(169.019215145261,-111.464373437993,2.1));
#10394=CARTESIAN_POINT('',(168.073190370742,-112.626924227155,7.1));
#10395=CARTESIAN_POINT('Origin',(167.081433218271,-113.637512251204,7.1));
#10396=CARTESIAN_POINT('',(167.081433218271,-113.637512251204,7.1));
#10397=CARTESIAN_POINT('',(170.138581654098,-110.522316571203,7.1));
#10398=CARTESIAN_POINT('',(167.081433218271,-113.637512251204,2.1));
#10399=CARTESIAN_POINT('',(168.073190370742,-112.626924227155,2.1));
#10400=CARTESIAN_POINT('',(167.081433218271,-113.637512251204,7.1));
#10401=CARTESIAN_POINT('Origin',(166.045911939065,-114.505598240234,7.1));
#10402=CARTESIAN_POINT('',(166.045911939065,-114.505598240234,7.1));
#10403=CARTESIAN_POINT('',(168.685049092605,-112.293187899547,7.1));
#10404=CARTESIAN_POINT('',(166.045911939065,-114.505598240234,2.1));
#10405=CARTESIAN_POINT('',(167.081433218271,-113.637512251204,2.1));
#10406=CARTESIAN_POINT('',(166.045911939065,-114.505598240234,7.1));
#10407=CARTESIAN_POINT('Origin',(164.969796185317,-115.240279441539,7.1));
#10408=CARTESIAN_POINT('',(164.969796185317,-115.240279441539,7.1));
#10409=CARTESIAN_POINT('',(166.988427026122,-113.862128321691,7.1));
#10410=CARTESIAN_POINT('',(164.969796185317,-115.240279441539,2.1));
#10411=CARTESIAN_POINT('',(166.045911939065,-114.505598240234,2.1));
#10412=CARTESIAN_POINT('',(164.969796185317,-115.240279441539,7.1));
#10413=CARTESIAN_POINT('Origin',(163.856793566911,-115.851199418646,7.1));
#10414=CARTESIAN_POINT('',(163.856793566911,-115.851199418646,7.1));
#10415=CARTESIAN_POINT('',(165.114340426231,-115.160940037579,7.1));
#10416=CARTESIAN_POINT('',(163.856793566911,-115.851199418646,2.1));
#10417=CARTESIAN_POINT('',(164.969796185317,-115.240279441539,2.1));
#10418=CARTESIAN_POINT('',(163.856793566911,-115.851199418646,7.1));
#10419=CARTESIAN_POINT('Origin',(162.710763483977,-116.348748843621,7.1));
#10420=CARTESIAN_POINT('',(162.710763483977,-116.348748843621,7.1));
#10421=CARTESIAN_POINT('',(163.154199526471,-116.156230906055,7.1));
#10422=CARTESIAN_POINT('',(162.710763483977,-116.348748843621,2.1));
#10423=CARTESIAN_POINT('',(163.856793566911,-115.851199418646,2.1));
#10424=CARTESIAN_POINT('',(162.710763483977,-116.348748843621,7.1));
#10425=CARTESIAN_POINT('Origin',(161.535321923091,-116.744036338717,7.1));
#10426=CARTESIAN_POINT('',(161.535321923091,-116.744036338717,7.1));
#10427=CARTESIAN_POINT('',(161.202771523592,-116.855869218194,7.1));
#10428=CARTESIAN_POINT('',(161.535321923091,-116.744036338717,2.1));
#10429=CARTESIAN_POINT('',(162.710763483977,-116.348748843621,2.1));
#10430=CARTESIAN_POINT('',(161.535321923091,-116.744036338717,7.1));
#10431=CARTESIAN_POINT('Origin',(160.325423194255,-117.050740079865,7.1));
#10432=CARTESIAN_POINT('',(160.325423194255,-117.050740079865,7.1));
#10433=CARTESIAN_POINT('',(159.333952487577,-117.30207332597,7.1));
#10434=CARTESIAN_POINT('',(160.325423194255,-117.050740079865,2.1));
#10435=CARTESIAN_POINT('',(161.535321923091,-116.744036338717,2.1));
#10436=CARTESIAN_POINT('',(160.325423194255,-117.050740079865,7.1));
#10437=CARTESIAN_POINT('Origin',(157.863689325258,-117.433523619297,7.1));
#10438=CARTESIAN_POINT('',(157.863689325258,-117.433523619297,7.1));
#10439=CARTESIAN_POINT('',(156.513791685532,-117.643423886305,7.1));
#10440=CARTESIAN_POINT('',(157.863689325258,-117.433523619297,2.1));
#10441=CARTESIAN_POINT('',(160.325423194255,-117.050740079865,2.1));
#10442=CARTESIAN_POINT('',(157.863689325258,-117.433523619297,7.1));
#10443=CARTESIAN_POINT('Origin',(155.30730794457,-117.597080663917,7.1));
#10444=CARTESIAN_POINT('',(155.30730794457,-117.597080663917,7.1));
#10445=CARTESIAN_POINT('',(153.714354842537,-117.698997656255,7.1));
#10446=CARTESIAN_POINT('',(155.30730794457,-117.597080663917,2.1));
#10447=CARTESIAN_POINT('',(157.863689325258,-117.433523619297,2.1));
#10448=CARTESIAN_POINT('',(155.30730794457,-117.597080663917,7.1));
#10449=CARTESIAN_POINT('Origin',(149.99999999973,-117.622363808202,7.1));
#10450=CARTESIAN_POINT('',(149.99999999973,-117.622363808202,7.1));
#10451=CARTESIAN_POINT('',(150.07855115159,-117.621989603403,7.1));
#10452=CARTESIAN_POINT('',(149.99999999973,-117.622363808202,2.1));
#10453=CARTESIAN_POINT('',(155.30730794457,-117.597080663917,2.1));
#10454=CARTESIAN_POINT('',(149.99999999973,-117.622363808202,7.1));
#10455=CARTESIAN_POINT('Origin',(144.692693062778,-117.597080663936,7.1));
#10456=CARTESIAN_POINT('',(144.692693062778,-117.597080663936,7.1));
#10457=CARTESIAN_POINT('',(147.267795864795,-117.609348033511,7.1));
#10458=CARTESIAN_POINT('',(144.692693062778,-117.597080663936,2.1));
#10459=CARTESIAN_POINT('',(149.99999999973,-117.622363808202,2.1));
#10460=CARTESIAN_POINT('',(144.692693062778,-117.597080663936,7.1));
#10461=CARTESIAN_POINT('Origin',(142.136310663356,-117.433523619258,7.1));
#10462=CARTESIAN_POINT('',(142.136310663356,-117.433523619258,7.1));
#10463=CARTESIAN_POINT('',(145.007455384625,-117.617219120198,7.1));
#10464=CARTESIAN_POINT('',(142.136310663356,-117.433523619258,2.1));
#10465=CARTESIAN_POINT('',(144.692693062778,-117.597080663936,2.1));
#10466=CARTESIAN_POINT('',(142.136310663356,-117.433523619258,7.1));
#10467=CARTESIAN_POINT('Origin',(139.674577787362,-117.050740075205,7.1));
#10468=CARTESIAN_POINT('',(139.674577787362,-117.050740075205,7.1));
#10469=CARTESIAN_POINT('',(142.255341298261,-117.452032113305,7.1));
#10470=CARTESIAN_POINT('',(139.674577787362,-117.050740075205,2.1));
#10471=CARTESIAN_POINT('',(142.136310663356,-117.433523619258,2.1));
#10472=CARTESIAN_POINT('',(139.674577787362,-117.050740075205,7.1));
#10473=CARTESIAN_POINT('Origin',(138.464679154804,-116.744036358463,7.1));
#10474=CARTESIAN_POINT('',(138.464679154804,-116.744036358463,7.1));
#10475=CARTESIAN_POINT('',(140.061099186953,-117.148721465269,7.1));
#10476=CARTESIAN_POINT('',(138.464679154804,-116.744036358463,2.1));
#10477=CARTESIAN_POINT('',(139.674577787362,-117.050740075205,2.1));
#10478=CARTESIAN_POINT('',(138.464679154804,-116.744036358463,7.1));
#10479=CARTESIAN_POINT('Origin',(137.289236494911,-116.348748843738,7.1));
#10480=CARTESIAN_POINT('',(137.289236494911,-116.348748843738,7.1));
#10481=CARTESIAN_POINT('',(138.209512539198,-116.658226832601,7.1));
#10482=CARTESIAN_POINT('',(137.289236494911,-116.348748843738,2.1));
#10483=CARTESIAN_POINT('',(138.464679154804,-116.744036358463,2.1));
#10484=CARTESIAN_POINT('',(137.289236494911,-116.348748843738,7.1));
#10485=CARTESIAN_POINT('Origin',(136.143207454753,-115.851199417983,7.1));
#10486=CARTESIAN_POINT('',(136.143207454753,-115.851199417983,7.1));
#10487=CARTESIAN_POINT('',(136.272781211874,-115.907453968426,7.1));
#10488=CARTESIAN_POINT('',(136.143207454753,-115.851199417983,2.1));
#10489=CARTESIAN_POINT('',(137.289236494911,-116.348748843738,2.1));
#10490=CARTESIAN_POINT('',(136.143207454753,-115.851199417983,7.1));
#10491=CARTESIAN_POINT('Origin',(135.030203913217,-115.24027950881,7.1));
#10492=CARTESIAN_POINT('',(135.030203913217,-115.24027950881,7.1));
#10493=CARTESIAN_POINT('',(134.329164459642,-114.85548382459,7.1));
#10494=CARTESIAN_POINT('',(135.030203913217,-115.24027950881,2.1));
#10495=CARTESIAN_POINT('',(136.143207454753,-115.851199417983,2.1));
#10496=CARTESIAN_POINT('',(135.030203913217,-115.24027950881,7.1));
#10497=CARTESIAN_POINT('Origin',(133.954088060935,-114.505598240234,7.1));
#10498=CARTESIAN_POINT('',(133.954088060935,-114.505598240234,7.1));
#10499=CARTESIAN_POINT('',(132.473515438045,-113.494787953872,7.1));
#10500=CARTESIAN_POINT('',(133.954088060935,-114.505598240234,2.1));
#10501=CARTESIAN_POINT('',(135.030203913217,-115.24027950881,2.1));
#10502=CARTESIAN_POINT('',(133.954088060935,-114.505598240234,7.1));
#10503=CARTESIAN_POINT('Origin',(132.918566781729,-113.637512251204,7.1));
#10504=CARTESIAN_POINT('',(132.918566781729,-113.637512251204,7.1));
#10505=CARTESIAN_POINT('',(130.797190561433,-111.859145151194,7.1));
#10506=CARTESIAN_POINT('',(132.918566781729,-113.637512251204,2.1));
#10507=CARTESIAN_POINT('',(133.954088060935,-114.505598240234,2.1));
#10508=CARTESIAN_POINT('',(132.918566781729,-113.637512251204,7.1));
#10509=CARTESIAN_POINT('Origin',(131.926809516159,-112.626924111909,7.1));
#10510=CARTESIAN_POINT('',(131.926809516159,-112.626924111909,7.1));
#10511=CARTESIAN_POINT('',(129.365539958415,-110.017022751511,7.1));
#10512=CARTESIAN_POINT('',(131.926809516159,-112.626924111909,2.1));
#10513=CARTESIAN_POINT('',(132.918566781729,-113.637512251204,2.1));
#10514=CARTESIAN_POINT('',(131.926809516159,-112.626924111909,7.1));
#10515=CARTESIAN_POINT('Origin',(130.980785816146,-111.464373367808,7.1));
#10516=CARTESIAN_POINT('',(130.980785816146,-111.464373367808,7.1));
#10517=CARTESIAN_POINT('',(128.203995215339,-108.052027589227,7.1));
#10518=CARTESIAN_POINT('',(130.980785816146,-111.464373367808,2.1));
#10519=CARTESIAN_POINT('',(131.926809516159,-112.626924111909,2.1));
#10520=CARTESIAN_POINT('',(130.980785816146,-111.464373367808,7.1));
#10521=CARTESIAN_POINT('Origin',(129.251155621091,-108.903201131246,7.1));
#10522=CARTESIAN_POINT('',(129.251155621091,-108.903201131246,7.1));
#10523=CARTESIAN_POINT('',(126.874788820557,-105.384365318357,7.1));
#10524=CARTESIAN_POINT('',(129.251155621091,-108.903201131246,2.1));
#10525=CARTESIAN_POINT('',(130.980785816146,-111.464373367808,2.1));
#10526=CARTESIAN_POINT('',(129.251155621091,-108.903201131246,7.1));
#10527=CARTESIAN_POINT('Origin',(127.709286193091,-106.12817744542,7.1));
#10528=CARTESIAN_POINT('',(127.709286193091,-106.12817744542,7.1));
#10529=CARTESIAN_POINT('',(125.777702657829,-102.65175462766,7.1));
#10530=CARTESIAN_POINT('',(127.709286193091,-106.12817744542,2.1));
#10531=CARTESIAN_POINT('',(129.251155621091,-108.903201131246,2.1));
#10532=CARTESIAN_POINT('',(127.709286193091,-106.12817744542,7.1));
#10533=CARTESIAN_POINT('Origin',(126.368463137554,-103.157832050864,7.1));
#10534=CARTESIAN_POINT('',(126.368463137554,-103.157832050864,7.1));
#10535=CARTESIAN_POINT('',(124.897202880901,-99.8985271713036,7.1));
#10536=CARTESIAN_POINT('',(126.368463137554,-103.157832050864,2.1));
#10537=CARTESIAN_POINT('',(127.709286193091,-106.12817744542,2.1));
#10538=CARTESIAN_POINT('',(126.368463137554,-103.157832050864,7.1));
#10539=CARTESIAN_POINT('Origin',(125.241707850242,-100.010011171283,7.1));
#10540=CARTESIAN_POINT('',(125.241707850242,-100.010011171283,7.1));
#10541=CARTESIAN_POINT('',(124.209832103432,-97.1272556541621,7.1));
#10542=CARTESIAN_POINT('',(125.241707850242,-100.010011171283,2.1));
#10543=CARTESIAN_POINT('',(126.368463137554,-103.157832050864,2.1));
#10544=CARTESIAN_POINT('',(125.241707850242,-100.010011171283,7.1));
#10545=CARTESIAN_POINT('Origin',(124.342163070887,-96.7025129331152,7.1));
#10546=CARTESIAN_POINT('',(124.342163070887,-96.7025129331152,7.1));
#10547=CARTESIAN_POINT('',(123.698845121368,-94.3371243127289,7.1));
#10548=CARTESIAN_POINT('',(124.342163070887,-96.7025129331152,2.1));
#10549=CARTESIAN_POINT('',(125.241707850242,-100.010011171283,2.1));
#10550=CARTESIAN_POINT('',(124.342163070887,-96.7025129331152,7.1));
#10551=CARTESIAN_POINT('Origin',(123.683077105948,-93.253120860456,7.1));
#10552=CARTESIAN_POINT('',(123.683077105948,-93.253120860456,7.1));
#10553=CARTESIAN_POINT('',(123.353006086393,-91.5256612894253,7.1));
#10554=CARTESIAN_POINT('',(123.683077105948,-93.253120860456,2.1));
#10555=CARTESIAN_POINT('',(124.342163070887,-96.7025129331152,2.1));
#10556=CARTESIAN_POINT('',(123.683077105948,-93.253120860456,7.1));
#10557=CARTESIAN_POINT('Origin',(123.277790863526,-89.6796371886658,7.1));
#10558=CARTESIAN_POINT('',(123.277790863526,-89.6796371886658,7.1));
#10559=CARTESIAN_POINT('',(123.165517882812,-88.689705576461,7.1));
#10560=CARTESIAN_POINT('',(123.277790863526,-89.6796371886658,2.1));
#10561=CARTESIAN_POINT('',(123.683077105948,-93.253120860456,2.1));
#10562=CARTESIAN_POINT('',(123.277790863526,-89.6796371886658,7.1));
#10563=CARTESIAN_POINT('Origin',(123.139715730808,-85.9999999999999,7.1));
#10564=CARTESIAN_POINT('',(123.139715730808,-85.9999999999999,7.1));
#10565=CARTESIAN_POINT('',(123.13318670704,-85.8260045948074,7.1));
#10566=CARTESIAN_POINT('',(123.139715730808,-85.9999999999999,2.1));
#10567=CARTESIAN_POINT('',(123.277790863526,-89.6796371886658,2.1));
#10568=CARTESIAN_POINT('',(123.139715730808,-85.9999999999999,7.1));
#10569=CARTESIAN_POINT('Origin',(123.277790863526,-82.3203628113342,7.1));
#10570=CARTESIAN_POINT('',(123.277790863526,-82.3203628113342,7.1));
#10571=CARTESIAN_POINT('',(123.253050015065,-82.9796947582483,7.1));
#10572=CARTESIAN_POINT('',(123.277790863526,-82.3203628113342,2.1));
#10573=CARTESIAN_POINT('',(123.139715730808,-85.9999999999999,2.1));
#10574=CARTESIAN_POINT('',(123.277790863526,-82.3203628113342,7.1));
#10575=CARTESIAN_POINT('Origin',(123.683077105948,-78.746879139544,7.1));
#10576=CARTESIAN_POINT('',(123.683077105948,-78.746879139544,7.1));
#10577=CARTESIAN_POINT('',(123.520042098301,-80.1843889209639,7.1));
#10578=CARTESIAN_POINT('',(123.683077105948,-78.746879139544,2.1));
#10579=CARTESIAN_POINT('',(123.277790863526,-82.3203628113342,2.1));
#10580=CARTESIAN_POINT('',(123.683077105948,-78.746879139544,7.1));
#10581=CARTESIAN_POINT('Origin',(124.342163070887,-75.297487066885,7.1));
#10582=CARTESIAN_POINT('',(124.342163070887,-75.297487066885,7.1));
#10583=CARTESIAN_POINT('',(123.932589820145,-77.4410294868985,7.1));
#10584=CARTESIAN_POINT('',(124.342163070887,-75.297487066885,2.1));
#10585=CARTESIAN_POINT('',(123.683077105948,-78.746879139544,2.1));
#10586=CARTESIAN_POINT('',(124.342163070887,-75.297487066885,7.1));
#10587=CARTESIAN_POINT('Origin',(125.241707850242,-71.9899888287168,7.1));
#10588=CARTESIAN_POINT('',(125.241707850242,-71.9899888287168,7.1));
#10589=CARTESIAN_POINT('',(124.492109009487,-74.7461571730051,7.1));
#10590=CARTESIAN_POINT('',(125.241707850242,-71.9899888287168,2.1));
#10591=CARTESIAN_POINT('',(124.342163070887,-75.297487066885,2.1));
#10592=CARTESIAN_POINT('',(125.241707850242,-71.9899888287168,7.1));
#10593=CARTESIAN_POINT('Origin',(126.368463137554,-68.8421679491356,7.1));
#10594=CARTESIAN_POINT('',(126.368463137554,-68.8421679491356,7.1));
#10595=CARTESIAN_POINT('',(125.203583823455,-72.0964960791258,7.1));
#10596=CARTESIAN_POINT('',(126.368463137554,-68.8421679491356,2.1));
#10597=CARTESIAN_POINT('',(125.241707850242,-71.9899888287168,2.1));
#10598=CARTESIAN_POINT('',(126.368463137554,-68.8421679491356,7.1));
#10599=CARTESIAN_POINT('Origin',(127.709286193091,-65.8718225545803,7.1));
#10600=CARTESIAN_POINT('',(127.709286193091,-65.8718225545803,7.1));
#10601=CARTESIAN_POINT('',(126.076250573455,-69.4895108184404,7.1));
#10602=CARTESIAN_POINT('',(127.709286193091,-65.8718225545803,2.1));
#10603=CARTESIAN_POINT('',(126.368463137554,-68.8421679491356,2.1));
#10604=CARTESIAN_POINT('',(127.709286193091,-65.8718225545803,7.1));
#10605=CARTESIAN_POINT('Origin',(129.251155621091,-63.096798868754,7.1));
#10606=CARTESIAN_POINT('',(129.251155621091,-63.096798868754,7.1));
#10607=CARTESIAN_POINT('',(127.124500402953,-66.9243075376131,7.1));
#10608=CARTESIAN_POINT('',(129.251155621091,-63.096798868754,2.1));
#10609=CARTESIAN_POINT('',(127.709286193091,-65.8718225545803,2.1));
#10610=CARTESIAN_POINT('',(129.251155621091,-63.096798868754,7.1));
#10611=CARTESIAN_POINT('Origin',(130.978597264273,-60.5388673586267,7.1));
#10612=CARTESIAN_POINT('',(130.978597264273,-60.5388673586267,7.1));
#10613=CARTESIAN_POINT('',(128.367606270797,-64.4051259736311,7.1));
#10614=CARTESIAN_POINT('',(130.978597264273,-60.5388673586267,2.1));
#10615=CARTESIAN_POINT('',(129.251155621091,-63.096798868754,2.1));
#10616=CARTESIAN_POINT('',(130.978597264273,-60.5388673586267,7.1));
#10617=CARTESIAN_POINT('Origin',(131.91773875989,-59.3535976241245,7.1));
#10618=CARTESIAN_POINT('',(131.91773875989,-59.3535976241245,7.1));
#10619=CARTESIAN_POINT('',(129.249679472443,-62.7208963091753,7.1));
#10620=CARTESIAN_POINT('',(131.91773875989,-59.3535976241245,2.1));
#10621=CARTESIAN_POINT('',(130.978597264273,-60.5388673586267,2.1));
#10622=CARTESIAN_POINT('',(131.91773875989,-59.3535976241245,7.1));
#10623=CARTESIAN_POINT('Origin',(132.897196994293,-58.2675569527298,7.1));
#10624=CARTESIAN_POINT('',(132.897196994293,-58.2675569527298,7.1));
#10625=CARTESIAN_POINT('',(130.173815201482,-61.2872910126832,7.1));
#10626=CARTESIAN_POINT('',(132.897196994293,-58.2675569527298,2.1));
#10627=CARTESIAN_POINT('',(131.91773875989,-59.3535976241245,2.1));
#10628=CARTESIAN_POINT('',(132.897196994293,-58.2675569527298,7.1));
#10629=CARTESIAN_POINT('Origin',(133.917855557732,-57.2749536802851,7.1));
#10630=CARTESIAN_POINT('',(133.917855557732,-57.2749536802851,7.1));
#10631=CARTESIAN_POINT('',(131.210916916911,-59.9074855077101,7.1));
#10632=CARTESIAN_POINT('',(133.917855557732,-57.2749536802851,2.1));
#10633=CARTESIAN_POINT('',(132.897196994293,-58.2675569527298,2.1));
#10634=CARTESIAN_POINT('',(133.917855557732,-57.2749536802851,7.1));
#10635=CARTESIAN_POINT('Origin',(134.977780412702,-56.3733848010241,7.1));
#10636=CARTESIAN_POINT('',(134.977780412702,-56.3733848010241,7.1));
#10637=CARTESIAN_POINT('',(132.359773739078,-58.6002533677613,7.1));
#10638=CARTESIAN_POINT('',(134.977780412702,-56.3733848010241,2.1));
#10639=CARTESIAN_POINT('',(133.917855557732,-57.2749536802851,2.1));
#10640=CARTESIAN_POINT('',(134.977780412702,-56.3733848010241,7.1));
#10641=CARTESIAN_POINT('Origin',(136.07493351132,-55.5603957572728,7.1));
#10642=CARTESIAN_POINT('',(136.07493351132,-55.5603957572728,7.1));
#10643=CARTESIAN_POINT('',(133.613613710258,-57.3842305839267,7.1));
#10644=CARTESIAN_POINT('',(136.07493351132,-55.5603957572728,2.1));
#10645=CARTESIAN_POINT('',(134.977780412702,-56.3733848010241,2.1));
#10646=CARTESIAN_POINT('',(136.07493351132,-55.5603957572728,7.1));
#10647=CARTESIAN_POINT('Origin',(137.207194984511,-54.8334474682181,7.1));
#10648=CARTESIAN_POINT('',(137.207194984511,-54.8334474682181,7.1));
#10649=CARTESIAN_POINT('',(134.960256015397,-56.27605456727,7.1));
#10650=CARTESIAN_POINT('',(137.207194984511,-54.8334474682181,2.1));
#10651=CARTESIAN_POINT('',(136.07493351132,-55.5603957572728,2.1));
#10652=CARTESIAN_POINT('',(137.207194984511,-54.8334474682181,7.1));
#10653=CARTESIAN_POINT('Origin',(138.372394880861,-54.1898905780145,7.1));
#10654=CARTESIAN_POINT('',(138.372394880861,-54.1898905780145,7.1));
#10655=CARTESIAN_POINT('',(136.383037203712,-55.2886418259499,7.1));
#10656=CARTESIAN_POINT('',(138.372394880861,-54.1898905780145,2.1));
#10657=CARTESIAN_POINT('',(137.207194984511,-54.8334474682181,2.1));
#10658=CARTESIAN_POINT('',(138.372394880861,-54.1898905780145,7.1));
#10659=CARTESIAN_POINT('Origin',(139.568355202756,-53.6269600872127,7.1));
#10660=CARTESIAN_POINT('',(139.568355202756,-53.6269600872127,7.1));
#10661=CARTESIAN_POINT('',(137.862458409949,-54.4299142498649,7.1));
#10662=CARTESIAN_POINT('',(139.568355202756,-53.6269600872127,2.1));
#10663=CARTESIAN_POINT('',(138.372394880861,-54.1898905780145,2.1));
#10664=CARTESIAN_POINT('',(139.568355202756,-53.6269600872127,7.1));
#10665=CARTESIAN_POINT('Origin',(140.792923978055,-53.1417752159042,7.1));
#10666=CARTESIAN_POINT('',(140.792923978055,-53.1417752159042,7.1));
#10667=CARTESIAN_POINT('',(139.377937265386,-53.7024053413305,7.1));
#10668=CARTESIAN_POINT('',(140.792923978055,-53.1417752159042,2.1));
#10669=CARTESIAN_POINT('',(139.568355202756,-53.6269600872127,2.1));
#10670=CARTESIAN_POINT('',(140.792923978055,-53.1417752159042,7.1));
#10671=CARTESIAN_POINT('Origin',(142.051789867315,-52.7288047117387,7.1));
#10672=CARTESIAN_POINT('',(142.051789867315,-52.7288047117387,7.1));
#10673=CARTESIAN_POINT('',(140.913566525737,-53.10219847134,7.1));
#10674=CARTESIAN_POINT('',(142.051789867315,-52.7288047117387,2.1));
#10675=CARTESIAN_POINT('',(140.792923978055,-53.1417752159042,2.1));
#10676=CARTESIAN_POINT('',(142.051789867315,-52.7288047117387,7.1));
#10677=CARTESIAN_POINT('Origin',(144.616690073708,-52.1221414712492,7.1));
#10678=CARTESIAN_POINT('',(144.616690073708,-52.1221414712492,7.1));
#10679=CARTESIAN_POINT('',(143.52343483403,-52.3807237602333,7.1));
#10680=CARTESIAN_POINT('',(144.616690073708,-52.1221414712492,2.1));
#10681=CARTESIAN_POINT('',(142.051789867315,-52.7288047117387,2.1));
#10682=CARTESIAN_POINT('',(144.616690073708,-52.1221414712492,7.1));
#10683=CARTESIAN_POINT('Origin',(147.273322366347,-51.7752751881888,7.1));
#10684=CARTESIAN_POINT('',(147.273322366347,-51.7752751881888,7.1));
#10685=CARTESIAN_POINT('',(146.504029748599,-51.8757187729647,7.1));
#10686=CARTESIAN_POINT('',(147.273322366347,-51.7752751881888,2.1));
#10687=CARTESIAN_POINT('',(144.616690073708,-52.1221414712492,2.1));
#10688=CARTESIAN_POINT('',(147.273322366347,-51.7752751881888,7.1));
#10689=CARTESIAN_POINT('Origin',(150.,-51.6651790994324,7.1));
#10690=CARTESIAN_POINT('',(150.,-51.6651790994324,7.1));
#10691=CARTESIAN_POINT('',(149.335292672214,-51.6920182373098,7.1));
#10692=CARTESIAN_POINT('',(150.,-51.6651790994324,2.1));
#10693=CARTESIAN_POINT('',(147.273322366347,-51.7752751881888,2.1));
#10694=CARTESIAN_POINT('',(150.,-51.6651790994324,7.1));
#10695=CARTESIAN_POINT('Origin',(152.726677633653,-51.7752751881888,7.1));
#10696=CARTESIAN_POINT('',(152.726677633653,-51.7752751881888,7.1));
#10697=CARTESIAN_POINT('',(152.028046643799,-51.7470663018439,7.1));
#10698=CARTESIAN_POINT('',(152.726677633653,-51.7752751881888,2.1));
#10699=CARTESIAN_POINT('',(150.,-51.6651790994324,2.1));
#10700=CARTESIAN_POINT('',(152.726677633653,-51.7752751881888,7.1));
#10701=CARTESIAN_POINT('Origin',(155.383309899678,-52.1221414677742,7.1));
#10702=CARTESIAN_POINT('',(155.383309899678,-52.1221414677742,7.1));
#10703=CARTESIAN_POINT('',(154.824286876033,-52.0491519769463,7.1));
#10704=CARTESIAN_POINT('',(155.383309899678,-52.1221414677742,2.1));
#10705=CARTESIAN_POINT('',(152.726677633653,-51.7752751881888,2.1));
#10706=CARTESIAN_POINT('',(155.383309899678,-52.1221414677742,7.1));
#10707=CARTESIAN_POINT('Origin',(157.948211107203,-52.7288047033794,7.1));
#10708=CARTESIAN_POINT('',(157.948211107203,-52.7288047033794,7.1));
#10709=CARTESIAN_POINT('',(157.759014824777,-52.6840550543386,7.1));
#10710=CARTESIAN_POINT('',(157.948211107203,-52.7288047033794,2.1));
#10711=CARTESIAN_POINT('',(155.383309899678,-52.1221414677742,2.1));
#10712=CARTESIAN_POINT('',(157.948211107203,-52.7288047033794,7.1));
#10713=CARTESIAN_POINT('Origin',(159.207077104032,-53.1417752428328,7.1));
#10714=CARTESIAN_POINT('',(159.207077104032,-53.1417752428328,7.1));
#10715=CARTESIAN_POINT('',(159.715867459936,-53.308683736887,7.1));
#10716=CARTESIAN_POINT('',(159.207077104032,-53.1417752428328,2.1));
#10717=CARTESIAN_POINT('',(157.948211107203,-52.7288047033794,2.1));
#10718=CARTESIAN_POINT('',(159.207077104032,-53.1417752428328,7.1));
#10719=CARTESIAN_POINT('Origin',(160.431644875416,-53.6269601240072,7.1));
#10720=CARTESIAN_POINT('',(160.431644875416,-53.6269601240072,7.1));
#10721=CARTESIAN_POINT('',(161.234351871385,-53.9449999316507,7.1));
#10722=CARTESIAN_POINT('',(160.431644875416,-53.6269601240072,2.1));
#10723=CARTESIAN_POINT('',(159.207077104032,-53.1417752428328,2.1));
#10724=CARTESIAN_POINT('',(160.431644875416,-53.6269601240072,7.1));
#10725=CARTESIAN_POINT('Origin',(161.627605017448,-54.1898905301495,7.1));
#10726=CARTESIAN_POINT('',(161.627605017448,-54.1898905301495,7.1));
#10727=CARTESIAN_POINT('',(162.735522109469,-54.7113796639955,7.1));
#10728=CARTESIAN_POINT('',(161.627605017448,-54.1898905301495,2.1));
#10729=CARTESIAN_POINT('',(160.431644875416,-53.6269601240072,2.1));
#10730=CARTESIAN_POINT('',(161.627605017448,-54.1898905301495,7.1));
#10731=CARTESIAN_POINT('Origin',(162.792805920907,-54.8334474074935,7.1));
#10732=CARTESIAN_POINT('',(162.792805920907,-54.8334474074935,7.1));
#10733=CARTESIAN_POINT('',(164.199558702318,-55.6104167906387,7.1));
#10734=CARTESIAN_POINT('',(162.792805920907,-54.8334474074935,2.1));
#10735=CARTESIAN_POINT('',(161.627605017448,-54.1898905301495,2.1));
#10736=CARTESIAN_POINT('',(162.792805920907,-54.8334474074935,7.1));
#10737=CARTESIAN_POINT('Origin',(163.925067488679,-55.5603957572726,7.1));
#10738=CARTESIAN_POINT('',(163.925067488679,-55.5603957572726,7.1));
#10739=CARTESIAN_POINT('',(165.605875721198,-56.6395287117971,7.1));
#10740=CARTESIAN_POINT('',(163.925067488679,-55.5603957572726,2.1));
#10741=CARTESIAN_POINT('',(162.792805920907,-54.8334474074935,2.1));
#10742=CARTESIAN_POINT('',(163.925067488679,-55.5603957572726,7.1));
#10743=CARTESIAN_POINT('Origin',(165.022220587298,-56.373384801024,7.1));
#10744=CARTESIAN_POINT('',(165.022220587298,-56.373384801024,7.1));
#10745=CARTESIAN_POINT('',(166.934963839052,-57.7907251058025,7.1));
#10746=CARTESIAN_POINT('',(165.022220587298,-56.373384801024,2.1));
#10747=CARTESIAN_POINT('',(163.925067488679,-55.5603957572726,2.1));
#10748=CARTESIAN_POINT('',(165.022220587298,-56.373384801024,7.1));
#10749=CARTESIAN_POINT('Origin',(166.082145557503,-57.2749537783035,7.1));
#10750=CARTESIAN_POINT('',(166.082145557503,-57.2749537783035,7.1));
#10751=CARTESIAN_POINT('',(168.170189746024,-59.051037856401,7.1));
#10752=CARTESIAN_POINT('',(166.082145557503,-57.2749537783035,2.1));
#10753=CARTESIAN_POINT('',(165.022220587298,-56.373384801024,2.1));
#10754=CARTESIAN_POINT('',(166.082145557503,-57.2749537783035,7.1));
#10755=CARTESIAN_POINT('Origin',(167.102802994719,-58.2675569558539,7.1));
#10756=CARTESIAN_POINT('',(167.102802994719,-58.2675569558539,7.1));
#10757=CARTESIAN_POINT('',(169.299417103753,-60.4037939193797,7.1));
#10758=CARTESIAN_POINT('',(167.102802994719,-58.2675569558539,2.1));
#10759=CARTESIAN_POINT('',(166.082145557503,-57.2749537783035,2.1));
#10760=CARTESIAN_POINT('',(167.102802994719,-58.2675569558539,7.1));
#10761=CARTESIAN_POINT('Origin',(168.08226214283,-59.35359750135,7.1));
#10762=CARTESIAN_POINT('',(168.08226214283,-59.35359750135,7.1));
#10763=CARTESIAN_POINT('',(170.315910858763,-61.8303042374874,7.1));
#10764=CARTESIAN_POINT('',(168.08226214283,-59.35359750135,2.1));
#10765=CARTESIAN_POINT('',(167.102802994719,-58.2675569558539,2.1));
#10766=CARTESIAN_POINT('',(168.08226214283,-59.35359750135,7.1));
#10767=CARTESIAN_POINT('Origin',(169.021403786628,-60.5388674228678,7.1));
#10768=CARTESIAN_POINT('',(169.021403786628,-60.5388674228678,7.1));
#10769=CARTESIAN_POINT('',(171.219892300816,-63.3135312085469,7.1));
#10770=CARTESIAN_POINT('',(169.021403786628,-60.5388674228678,2.1));
#10771=CARTESIAN_POINT('',(168.08226214283,-59.35359750135,2.1));
#10772=CARTESIAN_POINT('',(169.021403786628,-60.5388674228678,7.1));
#10773=CARTESIAN_POINT('Origin',(170.74884437166,-63.096798870725,7.1));
#10774=CARTESIAN_POINT('',(170.74884437166,-63.096798870725,7.1));
#10775=CARTESIAN_POINT('',(172.496116228262,-65.6840957472045,7.1));
#10776=CARTESIAN_POINT('',(170.74884437166,-63.096798870725,2.1));
#10777=CARTESIAN_POINT('',(169.021403786628,-60.5388674228678,2.1));
#10778=CARTESIAN_POINT('',(170.74884437166,-63.096798870725,7.1));
#10779=CARTESIAN_POINT('Origin',(172.290714772308,-65.8718224779282,7.1));
#10780=CARTESIAN_POINT('',(172.290714772308,-65.8718224779282,7.1));
#10781=CARTESIAN_POINT('',(173.646434035827,-68.311815462699,7.1));
#10782=CARTESIAN_POINT('',(172.290714772308,-65.8718224779282,2.1));
#10783=CARTESIAN_POINT('',(170.74884437166,-63.096798870725,2.1));
#10784=CARTESIAN_POINT('',(172.290714772308,-65.8718224779282,7.1));
#10785=CARTESIAN_POINT('Origin',(173.631537862446,-68.8421679491358,7.1));
#10786=CARTESIAN_POINT('',(173.631537862446,-68.8421679491358,7.1));
#10787=CARTESIAN_POINT('',(174.594161954314,-70.9746835157181,7.1));
#10788=CARTESIAN_POINT('',(173.631537862446,-68.8421679491358,2.1));
#10789=CARTESIAN_POINT('',(172.290714772308,-65.8718224779282,2.1));
#10790=CARTESIAN_POINT('',(173.631537862446,-68.8421679491358,7.1));
#10791=CARTESIAN_POINT('Origin',(174.758293149758,-71.9899888287167,7.1));
#10792=CARTESIAN_POINT('',(174.758293149758,-71.9899888287167,7.1));
#10793=CARTESIAN_POINT('',(175.359794820201,-73.6704065189162,7.1));
#10794=CARTESIAN_POINT('',(174.758293149758,-71.9899888287167,2.1));
#10795=CARTESIAN_POINT('',(173.631537862446,-68.8421679491358,2.1));
#10796=CARTESIAN_POINT('',(174.758293149758,-71.9899888287167,7.1));
#10797=CARTESIAN_POINT('Origin',(175.657837951458,-75.2974871490434,7.1));
#10798=CARTESIAN_POINT('',(175.657837951458,-75.2974871490434,7.1));
#10799=CARTESIAN_POINT('',(175.957664391363,-76.3999063331682,7.1));
#10800=CARTESIAN_POINT('',(175.657837951458,-75.2974871490434,2.1));
#10801=CARTESIAN_POINT('',(174.758293149758,-71.9899888287167,2.1));
#10802=CARTESIAN_POINT('',(175.657837951458,-75.2974871490434,7.1));
#10803=CARTESIAN_POINT('Origin',(176.316922887869,-78.7468791415689,7.1));
#10804=CARTESIAN_POINT('',(176.316922887869,-78.7468791415689,7.1));
#10805=CARTESIAN_POINT('',(176.396953771821,-79.1657293913711,7.1));
#10806=CARTESIAN_POINT('',(176.316922887869,-78.7468791415689,2.1));
#10807=CARTESIAN_POINT('',(175.657837951458,-75.2974871490434,2.1));
#10808=CARTESIAN_POINT('',(176.316922887869,-78.7468791415689,7.1));
#10809=CARTESIAN_POINT('Origin',(176.722210133322,-82.3203627273281,7.1));
#10810=CARTESIAN_POINT('',(176.722210133322,-82.3203627273281,7.1));
#10811=CARTESIAN_POINT('',(176.682601503994,-81.9711269979851,7.1));
#10812=CARTESIAN_POINT('',(176.722210133322,-82.3203627273281,2.1));
#10813=CARTESIAN_POINT('',(176.316922887869,-78.7468791415689,2.1));
#10814=CARTESIAN_POINT('',(176.722210133322,-82.3203627273281,7.1));
#10815=CARTESIAN_POINT('Origin',(176.860285269192,-86.0000000000001,7.1));
#10816=CARTESIAN_POINT('',(176.860285269192,-86.0000000000001,7.1));
#10817=CARTESIAN_POINT('',(176.815988551294,-84.8195133525812,7.1));
#10818=CARTESIAN_POINT('',(176.860285269192,-86.0000000000001,2.1));
#10819=CARTESIAN_POINT('',(176.722210133322,-82.3203627273281,2.1));
#10820=CARTESIAN_POINT('',(176.860285269192,-86.0000000000001,7.1));
#10821=CARTESIAN_POINT('Origin',(176.722210133322,-89.6796372726715,7.1));
#10822=CARTESIAN_POINT('',(176.722210133322,-89.6796372726715,7.1));
#10823=CARTESIAN_POINT('',(176.797776725025,-87.6658232311432,7.1));
#10824=CARTESIAN_POINT('',(176.722210133322,-89.6796372726715,2.1));
#10825=CARTESIAN_POINT('',(176.860285269192,-86.0000000000001,2.1));
#10826=CARTESIAN_POINT('',(176.722210133322,-89.6796372726715,7.1));
#10827=CARTESIAN_POINT('Origin',(176.316922887869,-93.2531208584312,7.1));
#10828=CARTESIAN_POINT('',(176.316922887869,-93.2531208584312,7.1));
#10829=CARTESIAN_POINT('',(176.631839345448,-90.4764512132128,7.1));
#10830=CARTESIAN_POINT('',(176.316922887869,-93.2531208584312,2.1));
#10831=CARTESIAN_POINT('',(176.722210133322,-89.6796372726715,2.1));
#10832=CARTESIAN_POINT('',(176.316922887869,-93.2531208584312,7.1));
#10833=CARTESIAN_POINT('Origin',(175.657837951458,-96.7025128509568,7.1));
#10834=CARTESIAN_POINT('',(176.317451697587,-93.2503532758266,7.1));
#10835=CARTESIAN_POINT('',(176.316922887869,-93.2531208584312,2.1));
#10836=CARTESIAN_POINT('Origin',(150.0000005,-84.6436107563624,2.1));
#10837=CARTESIAN_POINT('',(176.712664146449,-78.6867185692814,2.1));
#10838=CARTESIAN_POINT('',(176.047847919097,-75.2073312484053,2.1));
#10839=CARTESIAN_POINT('',(176.458862426157,-77.358419933856,2.1));
#10840=CARTESIAN_POINT('',(177.12136288887,-82.2902818788806,2.1));
#10841=CARTESIAN_POINT('',(176.876554488219,-80.1317663785841,2.1));
#10842=CARTESIAN_POINT('',(177.260566781986,-86.,2.1));
#10843=CARTESIAN_POINT('',(177.146386703728,-82.9571547468656,2.1));
#10844=CARTESIAN_POINT('',(177.12136288887,-89.7097181211194,2.1));
#10845=CARTESIAN_POINT('',(177.266814391952,-85.8335041399633,2.1));
#10846=CARTESIAN_POINT('',(176.712664146449,-93.3132814307186,2.1));
#10847=CARTESIAN_POINT('',(177.23278532361,-88.7272883849345,2.1));
#10848=CARTESIAN_POINT('',(176.047847919097,-96.7926687515948,2.1));
#10849=CARTESIAN_POINT('',(177.041310933805,-91.5932730766406,2.1));
#10850=CARTESIAN_POINT('',(175.140166582929,-100.130083952138,2.1));
#10851=CARTESIAN_POINT('',(176.689150622254,-94.434689905513,2.1));
#10852=CARTESIAN_POINT('',(174.00272443741,-103.30776075144,2.1));
#10853=CARTESIAN_POINT('',(176.169405943738,-97.254693717431,2.1));
#10854=CARTESIAN_POINT('',(172.64844728718,-106.307911203453,2.1));
#10855=CARTESIAN_POINT('',(175.470679871106,-100.055777095668,2.1));
#10856=CARTESIAN_POINT('',(171.090057952767,-109.112665215458,2.1));
#10857=CARTESIAN_POINT('',(174.57598988172,-102.838763471262,2.1));
#10858=CARTESIAN_POINT('',(169.340725242102,-111.703013729988,2.1));
#10859=CARTESIAN_POINT('',(173.461564094588,-105.601024820117,2.1));
#10860=CARTESIAN_POINT('',(168.37170728457,-112.893820378592,2.1));
#10861=CARTESIAN_POINT('',(172.111885197418,-108.297591081745,2.1));
#10862=CARTESIAN_POINT('',(167.353305363785,-113.93155908534,2.1));
#10863=CARTESIAN_POINT('',(170.926463715408,-110.290555812327,2.1));
#10864=CARTESIAN_POINT('',(166.287754565108,-114.824819067057,2.1));
#10865=CARTESIAN_POINT('',(169.467232131172,-112.159436922856,2.1));
#10866=CARTESIAN_POINT('',(165.179292308862,-115.581583735899,2.1));
#10867=CARTESIAN_POINT('',(167.760174770639,-113.819574564635,2.1));
#10868=CARTESIAN_POINT('',(164.033051944851,-116.210747697744,2.1));
#10869=CARTESIAN_POINT('',(165.871824579202,-115.201457227888,2.1));
#10870=CARTESIAN_POINT('',(162.854421139962,-116.722450739368,2.1));
#10871=CARTESIAN_POINT('',(163.894991425226,-116.270686728293,2.1));
#10872=CARTESIAN_POINT('',(161.648379871818,-117.128028564528,2.1));
#10873=CARTESIAN_POINT('',(161.926070648559,-117.034644346034,2.1));
#10874=CARTESIAN_POINT('',(160.405473990425,-117.443099466442,2.1));
#10875=CARTESIAN_POINT('',(160.044575470821,-117.534585574741,2.1));
#10876=CARTESIAN_POINT('',(157.907277542096,-117.831552698828,2.1));
#10877=CARTESIAN_POINT('',(157.815413439366,-117.845836966853,2.1));
#10878=CARTESIAN_POINT('',(155.321042574282,-117.997019773196,2.1));
#10879=CARTESIAN_POINT('',(155.02710951324,-118.015825583293,2.1));
#10880=CARTESIAN_POINT('',(149.99999999955,-118.022368347004,2.1));
#10881=CARTESIAN_POINT('',(152.740025195251,-118.009315316525,2.1));
#10882=CARTESIAN_POINT('',(144.678958437963,-117.997019773227,2.1));
#10883=CARTESIAN_POINT('',(149.920496576721,-118.021989605669,2.1));
#10884=CARTESIAN_POINT('',(142.092722438927,-117.831552698764,2.1));
#10885=CARTESIAN_POINT('',(146.266009405041,-118.098559107087,2.1));
#10886=CARTESIAN_POINT('',(139.594526978937,-117.443099458675,2.1));
#10887=CARTESIAN_POINT('',(143.433684190336,-118.040063580122,2.1));
#10888=CARTESIAN_POINT('',(138.351621258006,-117.128028597438,2.1));
#10889=CARTESIAN_POINT('',(140.576878454557,-117.692121021814,2.1));
#10890=CARTESIAN_POINT('',(137.145578824852,-116.722450739563,2.1));
#10891=CARTESIAN_POINT('',(138.676955454918,-117.237434654016,2.1));
#10892=CARTESIAN_POINT('',(135.966949091255,-116.210747696638,2.1));
#10893=CARTESIAN_POINT('',(136.694319167523,-116.526535997874,2.1));
#10894=CARTESIAN_POINT('',(134.820707855361,-115.581583848016,2.1));
#10895=CARTESIAN_POINT('',(134.70130233624,-115.516042988377,2.1));
#10896=CARTESIAN_POINT('',(133.712245434892,-114.824819067057,2.1));
#10897=CARTESIAN_POINT('',(132.794056780646,-114.197957187955,2.1));
#10898=CARTESIAN_POINT('',(132.646694636215,-113.93155908534,2.1));
#10899=CARTESIAN_POINT('',(131.065543561807,-112.606067159876,2.1));
#10900=CARTESIAN_POINT('',(131.628292526932,-112.893820186515,2.1));
#10901=CARTESIAN_POINT('',(129.582737490283,-110.809425415657,2.1));
#10902=CARTESIAN_POINT('',(130.659275693577,-111.703013613014,2.1));
#10903=CARTESIAN_POINT('',(128.372620587839,-108.892986132054,2.1));
#10904=CARTESIAN_POINT('',(128.909942035151,-109.112665218743,2.1));
#10905=CARTESIAN_POINT('',(127.413104301979,-106.896203424888,2.1));
#10906=CARTESIAN_POINT('',(127.351553655152,-106.3079110757,2.1));
#10907=CARTESIAN_POINT('',(126.203204194844,-104.241136228172,2.1));
#10908=CARTESIAN_POINT('',(125.99727656259,-103.307760751441,2.1));
#10909=CARTESIAN_POINT('',(125.206459675175,-101.555852257797,2.1));
#10910=CARTESIAN_POINT('',(124.859834417071,-100.130083952139,2.1));
#10911=CARTESIAN_POINT('',(124.399316129022,-98.843532117082,2.1));
#10912=CARTESIAN_POINT('',(123.952153118144,-96.7926688885253,2.1));
#10913=CARTESIAN_POINT('',(123.76469104583,-96.103397505785,2.1));
#10914=CARTESIAN_POINT('',(123.287335843246,-93.3132814340934,2.1));
#10915=CARTESIAN_POINT('',(123.291097964406,-93.3329708700642,2.1));
#10916=CARTESIAN_POINT('',(122.878638105876,-89.7097179811094,2.1));
#10917=CARTESIAN_POINT('',(122.971564388703,-90.5290661839452,2.1));
#10918=CARTESIAN_POINT('',(122.739434218014,-86.,2.1));
#10919=CARTESIAN_POINT('',(122.802788551979,-87.688363130518,2.1));
#10920=CARTESIAN_POINT('',(122.878638105876,-82.2902820188906,2.1));
#10921=CARTESIAN_POINT('',(122.784012349714,-84.8120138074253,2.1));
#10922=CARTESIAN_POINT('',(123.287335843246,-78.6867185659066,2.1));
#10923=CARTESIAN_POINT('',(122.919096614297,-81.9335518758667,2.1));
#10924=CARTESIAN_POINT('',(123.952153118144,-75.2073311114748,2.1));
#10925=CARTESIAN_POINT('',(123.208730078239,-79.098109669805,2.1));
#10926=CARTESIAN_POINT('',(124.859834417071,-71.8699160478614,2.1));
#10927=CARTESIAN_POINT('',(123.654341894809,-76.3023406308395,2.1));
#10928=CARTESIAN_POINT('',(125.99727656259,-68.6922392485594,2.1));
#10929=CARTESIAN_POINT('',(124.260969132629,-73.5429684556475,2.1));
#10930=CARTESIAN_POINT('',(127.351553655152,-65.6920889243004,2.1));
#10931=CARTESIAN_POINT('',(125.037957293679,-70.8174335913542,2.1));
#10932=CARTESIAN_POINT('',(128.909942035151,-62.8873347812569,2.1));
#10933=CARTESIAN_POINT('',(125.999873035969,-68.124814851536,2.1));
#10934=CARTESIAN_POINT('',(130.655628107121,-60.302387597711,2.1));
#10935=CARTESIAN_POINT('',(127.167534101416,-65.4674278192985,2.1));
#10936=CARTESIAN_POINT('',(131.612149266483,-59.0951833735411,2.1));
#10937=CARTESIAN_POINT('',(128.461866675402,-63.0710854370352,2.1));
#10938=CARTESIAN_POINT('',(132.608929657155,-57.9899355878829,2.1));
#10939=CARTESIAN_POINT('',(129.382770056895,-61.5671586028375,2.1));
#10940=CARTESIAN_POINT('',(133.648537262886,-56.9789041338086,2.1));
#10941=CARTESIAN_POINT('',(130.417016889269,-60.1215982851392,2.1));
#10942=CARTESIAN_POINT('',(134.728845354503,-56.0599973350401,2.1));
#10943=CARTESIAN_POINT('',(131.565569689373,-58.7506700585185,2.1));
#10944=CARTESIAN_POINT('',(135.847553185534,-55.2310362621213,2.1));
#10945=CARTESIAN_POINT('',(132.821497355451,-57.4733397644626,2.1));
#10946=CARTESIAN_POINT('',(137.002222974186,-54.4897011136968,2.1));
#10947=CARTESIAN_POINT('',(134.172381858217,-56.306550142175,2.1));
#10948=CARTESIAN_POINT('',(138.190334801435,-53.8334896300242,2.1));
#10949=CARTESIAN_POINT('',(135.601256544816,-55.2634752973276,2.1));
#10950=CARTESIAN_POINT('',(139.409354004592,-53.2597054786878,2.1));
#10951=CARTESIAN_POINT('',(137.088273239614,-54.3522226051343,2.1));
#10952=CARTESIAN_POINT('',(140.656789296759,-52.7654606931737,2.1));
#10953=CARTESIAN_POINT('',(138.612482242957,-53.5754330481939,2.1));
#10954=CARTESIAN_POINT('',(141.943219112192,-52.3434478528978,2.1));
#10955=CARTESIAN_POINT('',(140.15372508577,-52.9304907274388,2.1));
#10956=CARTESIAN_POINT('',(144.544572789513,-51.7281624520819,2.1));
#10957=CARTESIAN_POINT('',(142.140664502842,-52.2967470650024,2.1));
#10958=CARTESIAN_POINT('',(147.239291943912,-51.3763233136481,2.1));
#10959=CARTESIAN_POINT('',(145.113761504655,-51.6538456659282,2.1));
#10960=CARTESIAN_POINT('',(150.,-51.2648531657206,2.1));
#10961=CARTESIAN_POINT('',(147.946869743734,-51.3477531785907,2.1));
#10962=CARTESIAN_POINT('',(152.760708056088,-51.3763233136481,2.1));
#10963=CARTESIAN_POINT('',(150.672776727408,-51.2920181247828,2.1));
#10964=CARTESIAN_POINT('',(155.45542716613,-51.7281624462904,2.1));
#10965=CARTESIAN_POINT('',(153.538879409764,-51.4779261609001,2.1));
#10966=CARTESIAN_POINT('',(158.056781845339,-52.3434478389656,2.1));
#10967=CARTESIAN_POINT('',(156.558657687303,-51.9891040356311,2.1));
#10968=CARTESIAN_POINT('',(159.343211840053,-52.7654607380546,2.1));
#10969=CARTESIAN_POINT('',(159.203060985294,-52.7194843003395,2.1));
#10970=CARTESIAN_POINT('',(160.590646125692,-53.259705540012,2.1));
#10971=CARTESIAN_POINT('',(160.763805442933,-53.3283128353574,2.1));
#10972=CARTESIAN_POINT('',(161.809665029081,-53.8334895502492,2.1));
#10973=CARTESIAN_POINT('',(162.302217633283,-54.065330752799,2.1));
#10974=CARTESIAN_POINT('',(162.997777868178,-54.4897010124893,2.1));
#10975=CARTESIAN_POINT('',(163.804682896443,-54.9353660293651,2.1));
#10976=CARTESIAN_POINT('',(164.152447814466,-55.2310362621212,2.1));
#10977=CARTESIAN_POINT('',(165.250284168639,-55.9358825173589,2.1));
#10978=CARTESIAN_POINT('',(165.271155645497,-56.0599973350401,2.1));
#10979=CARTESIAN_POINT('',(166.619149729034,-57.058859228006,2.1));
#10980=CARTESIAN_POINT('',(166.351463929172,-56.9789042971722,2.1));
#10981=CARTESIAN_POINT('',(167.894277264846,-58.2912166591629,2.1));
#10982=CARTESIAN_POINT('',(167.391070324532,-57.9899355930901,2.1));
#10983=CARTESIAN_POINT('',(169.06318472057,-59.6160894839234,2.1));
#10984=CARTESIAN_POINT('',(168.387851571384,-59.0951831689163,2.1));
#10985=CARTESIAN_POINT('',(170.11883616044,-61.0145275856553,2.1));
#10986=CARTESIAN_POINT('',(169.344372977714,-60.3023877047797,2.1));
#10987=CARTESIAN_POINT('',(171.059873663855,-62.4674832226432,2.1));
#10988=CARTESIAN_POINT('',(171.090057952767,-62.8873347845419,2.1));
#10989=CARTESIAN_POINT('',(171.959625116646,-64.1749583438014,2.1));
#10990=CARTESIAN_POINT('',(172.64844728718,-65.6920887965468,2.1));
#10991=CARTESIAN_POINT('',(173.220931982888,-66.7224338532308,2.1));
#10992=CARTESIAN_POINT('',(174.00272443741,-68.6922392485595,2.1));
#10993=CARTESIAN_POINT('',(174.284905131206,-69.3173583653478,2.1));
#10994=CARTESIAN_POINT('',(175.140166582929,-71.8699160478616,2.1));
#10995=CARTESIAN_POINT('',(175.170310794612,-71.9541300559965,2.1));
#10996=CARTESIAN_POINT('',(175.891818455728,-74.6336330990329,2.1));
#10997=CARTESIAN_POINT('Origin',(122.878638105876,-89.7097179811094,0.));
#10998=CARTESIAN_POINT('',(122.878638105876,-89.7097179811094,0.));
#10999=CARTESIAN_POINT('',(122.878638105876,-89.7097179811094,0.));
#11000=CARTESIAN_POINT('',(122.739434218014,-86.,0.));
#11001=CARTESIAN_POINT('',(122.878638105876,-89.7097179811094,0.));
#11002=CARTESIAN_POINT('',(122.739434218014,-86.,0.));
#11003=CARTESIAN_POINT('Origin',(123.287335843246,-93.3132814340934,0.));
#11004=CARTESIAN_POINT('',(123.287335843246,-93.3132814340934,0.));
#11005=CARTESIAN_POINT('',(123.287335843246,-93.3132814340934,0.));
#11006=CARTESIAN_POINT('',(123.287335843246,-93.3132814340934,0.));
#11007=CARTESIAN_POINT('Origin',(123.952153118144,-96.7926688885253,0.));
#11008=CARTESIAN_POINT('',(123.952153118144,-96.7926688885253,0.));
#11009=CARTESIAN_POINT('',(123.952153118144,-96.7926688885253,0.));
#11010=CARTESIAN_POINT('',(123.952153118144,-96.7926688885253,0.));
#11011=CARTESIAN_POINT('Origin',(124.859834417071,-100.130083952139,0.));
#11012=CARTESIAN_POINT('',(124.859834417071,-100.130083952139,0.));
#11013=CARTESIAN_POINT('',(124.859834417071,-100.130083952139,0.));
#11014=CARTESIAN_POINT('',(124.859834417071,-100.130083952139,0.));
#11015=CARTESIAN_POINT('Origin',(125.99727656259,-103.307760751441,0.));
#11016=CARTESIAN_POINT('',(125.99727656259,-103.307760751441,0.));
#11017=CARTESIAN_POINT('',(125.99727656259,-103.307760751441,0.));
#11018=CARTESIAN_POINT('',(125.99727656259,-103.307760751441,0.));
#11019=CARTESIAN_POINT('Origin',(127.351553655152,-106.3079110757,0.));
#11020=CARTESIAN_POINT('',(127.351553655152,-106.3079110757,0.));
#11021=CARTESIAN_POINT('',(127.351553655152,-106.3079110757,0.));
#11022=CARTESIAN_POINT('',(127.351553655152,-106.3079110757,0.));
#11023=CARTESIAN_POINT('Origin',(128.909942035151,-109.112665218743,0.));
#11024=CARTESIAN_POINT('',(128.909942035151,-109.112665218743,0.));
#11025=CARTESIAN_POINT('',(128.909942035151,-109.112665218743,0.));
#11026=CARTESIAN_POINT('',(128.909942035151,-109.112665218743,0.));
#11027=CARTESIAN_POINT('Origin',(130.659275693577,-111.703013613014,0.));
#11028=CARTESIAN_POINT('',(130.659275693577,-111.703013613014,0.));
#11029=CARTESIAN_POINT('',(130.659275693577,-111.703013613014,0.));
#11030=CARTESIAN_POINT('',(130.659275693577,-111.703013613014,0.));
#11031=CARTESIAN_POINT('Origin',(131.628292526932,-112.893820186515,0.));
#11032=CARTESIAN_POINT('',(131.628292526932,-112.893820186515,0.));
#11033=CARTESIAN_POINT('',(131.628292526932,-112.893820186515,0.));
#11034=CARTESIAN_POINT('',(131.628292526932,-112.893820186515,0.));
#11035=CARTESIAN_POINT('Origin',(132.646694636215,-113.93155908534,0.));
#11036=CARTESIAN_POINT('',(132.646694636215,-113.93155908534,0.));
#11037=CARTESIAN_POINT('',(132.646694636215,-113.93155908534,0.));
#11038=CARTESIAN_POINT('',(132.646694636215,-113.93155908534,0.));
#11039=CARTESIAN_POINT('Origin',(133.712245434892,-114.824819067057,0.));
#11040=CARTESIAN_POINT('',(133.712245434892,-114.824819067057,0.));
#11041=CARTESIAN_POINT('',(133.712245434892,-114.824819067057,0.));
#11042=CARTESIAN_POINT('',(133.712245434892,-114.824819067057,0.));
#11043=CARTESIAN_POINT('Origin',(134.820707855374,-115.581583848025,0.));
#11044=CARTESIAN_POINT('',(134.820707855374,-115.581583848025,0.));
#11045=CARTESIAN_POINT('',(134.820707855374,-115.581583848025,0.));
#11046=CARTESIAN_POINT('',(134.820707855374,-115.581583848025,0.));
#11047=CARTESIAN_POINT('Origin',(135.966949091255,-116.210747696638,0.));
#11048=CARTESIAN_POINT('',(135.966949091255,-116.210747696638,0.));
#11049=CARTESIAN_POINT('',(135.966949091255,-116.210747696638,0.));
#11050=CARTESIAN_POINT('',(135.966949091255,-116.210747696638,0.));
#11051=CARTESIAN_POINT('Origin',(137.145578824852,-116.722450739563,0.));
#11052=CARTESIAN_POINT('',(137.145578824852,-116.722450739563,0.));
#11053=CARTESIAN_POINT('',(137.145578824852,-116.722450739563,0.));
#11054=CARTESIAN_POINT('',(137.145578824852,-116.722450739563,0.));
#11055=CARTESIAN_POINT('Origin',(138.351621258006,-117.128028597438,0.));
#11056=CARTESIAN_POINT('',(138.351621258006,-117.128028597438,0.));
#11057=CARTESIAN_POINT('',(138.351621258006,-117.128028597438,0.));
#11058=CARTESIAN_POINT('',(138.351621258006,-117.128028597438,0.));
#11059=CARTESIAN_POINT('Origin',(139.594526978937,-117.443099458675,0.));
#11060=CARTESIAN_POINT('',(139.594526978937,-117.443099458675,0.));
#11061=CARTESIAN_POINT('',(139.594526978937,-117.443099458675,0.));
#11062=CARTESIAN_POINT('',(139.594526978937,-117.443099458675,0.));
#11063=CARTESIAN_POINT('Origin',(142.092722438938,-117.831552698765,0.));
#11064=CARTESIAN_POINT('',(142.092722438938,-117.831552698765,0.));
#11065=CARTESIAN_POINT('',(142.092722438938,-117.831552698765,0.));
#11066=CARTESIAN_POINT('',(142.092722438938,-117.831552698765,0.));
#11067=CARTESIAN_POINT('Origin',(144.678958437933,-117.997019773225,0.));
#11068=CARTESIAN_POINT('',(144.678958437933,-117.997019773225,0.));
#11069=CARTESIAN_POINT('',(144.678958437933,-117.997019773225,0.));
#11070=CARTESIAN_POINT('',(144.678958437933,-117.997019773225,0.));
#11071=CARTESIAN_POINT('Origin',(149.999999999746,-118.022368347004,0.));
#11072=CARTESIAN_POINT('',(149.999999999746,-118.022368347004,0.));
#11073=CARTESIAN_POINT('',(149.999999999746,-118.022368347004,0.));
#11074=CARTESIAN_POINT('',(149.999999999746,-118.022368347004,0.));
#11075=CARTESIAN_POINT('Origin',(155.321042574293,-117.997019773195,0.));
#11076=CARTESIAN_POINT('',(155.321042574293,-117.997019773195,0.));
#11077=CARTESIAN_POINT('',(155.321042574293,-117.997019773195,0.));
#11078=CARTESIAN_POINT('',(155.321042574293,-117.997019773195,0.));
#11079=CARTESIAN_POINT('Origin',(157.907277542096,-117.831552698828,0.));
#11080=CARTESIAN_POINT('',(157.907277542096,-117.831552698828,0.));
#11081=CARTESIAN_POINT('',(157.907277542096,-117.831552698828,0.));
#11082=CARTESIAN_POINT('',(157.907277542096,-117.831552698828,0.));
#11083=CARTESIAN_POINT('Origin',(160.405473990425,-117.443099466442,0.));
#11084=CARTESIAN_POINT('',(160.405473990425,-117.443099466442,0.));
#11085=CARTESIAN_POINT('',(160.405473990425,-117.443099466442,0.));
#11086=CARTESIAN_POINT('',(160.405473990425,-117.443099466442,0.));
#11087=CARTESIAN_POINT('Origin',(161.648379871818,-117.128028564528,0.));
#11088=CARTESIAN_POINT('',(161.648379871818,-117.128028564528,0.));
#11089=CARTESIAN_POINT('',(161.648379871818,-117.128028564528,0.));
#11090=CARTESIAN_POINT('',(161.648379871818,-117.128028564528,0.));
#11091=CARTESIAN_POINT('Origin',(162.854421139962,-116.722450739368,0.));
#11092=CARTESIAN_POINT('',(162.854421139962,-116.722450739368,0.));
#11093=CARTESIAN_POINT('',(162.854421139962,-116.722450739368,0.));
#11094=CARTESIAN_POINT('',(162.854421139962,-116.722450739368,0.));
#11095=CARTESIAN_POINT('Origin',(164.033051944851,-116.210747697744,0.));
#11096=CARTESIAN_POINT('',(164.033051944851,-116.210747697744,0.));
#11097=CARTESIAN_POINT('',(164.033051944851,-116.210747697744,0.));
#11098=CARTESIAN_POINT('',(164.033051944851,-116.210747697744,0.));
#11099=CARTESIAN_POINT('Origin',(165.179292308862,-115.581583735899,0.));
#11100=CARTESIAN_POINT('',(165.179292308862,-115.581583735899,0.));
#11101=CARTESIAN_POINT('',(165.179292308862,-115.581583735899,0.));
#11102=CARTESIAN_POINT('',(165.179292308862,-115.581583735899,0.));
#11103=CARTESIAN_POINT('Origin',(166.287754565108,-114.824819067057,0.));
#11104=CARTESIAN_POINT('',(166.287754565108,-114.824819067057,0.));
#11105=CARTESIAN_POINT('',(166.287754565108,-114.824819067057,0.));
#11106=CARTESIAN_POINT('',(166.287754565108,-114.824819067057,0.));
#11107=CARTESIAN_POINT('Origin',(167.353305363785,-113.93155908534,0.));
#11108=CARTESIAN_POINT('',(167.353305363785,-113.93155908534,0.));
#11109=CARTESIAN_POINT('',(167.353305363785,-113.93155908534,0.));
#11110=CARTESIAN_POINT('',(167.353305363785,-113.93155908534,0.));
#11111=CARTESIAN_POINT('Origin',(168.37170728457,-112.893820378592,0.));
#11112=CARTESIAN_POINT('',(168.37170728457,-112.893820378592,0.));
#11113=CARTESIAN_POINT('',(168.37170728457,-112.893820378592,0.));
#11114=CARTESIAN_POINT('',(168.37170728457,-112.893820378592,0.));
#11115=CARTESIAN_POINT('Origin',(169.340725242102,-111.703013729988,0.));
#11116=CARTESIAN_POINT('',(169.340725242102,-111.703013729988,0.));
#11117=CARTESIAN_POINT('',(169.340725242102,-111.703013729988,0.));
#11118=CARTESIAN_POINT('',(169.340725242102,-111.703013729988,0.));
#11119=CARTESIAN_POINT('Origin',(171.090057952767,-109.112665215458,0.));
#11120=CARTESIAN_POINT('',(171.090057952767,-109.112665215458,0.));
#11121=CARTESIAN_POINT('',(171.090057952767,-109.112665215458,0.));
#11122=CARTESIAN_POINT('',(171.090057952767,-109.112665215458,0.));
#11123=CARTESIAN_POINT('Origin',(172.64844728718,-106.307911203453,0.));
#11124=CARTESIAN_POINT('',(172.64844728718,-106.307911203453,0.));
#11125=CARTESIAN_POINT('',(172.64844728718,-106.307911203453,0.));
#11126=CARTESIAN_POINT('',(172.64844728718,-106.307911203453,0.));
#11127=CARTESIAN_POINT('Origin',(174.00272443741,-103.30776075144,0.));
#11128=CARTESIAN_POINT('',(174.00272443741,-103.30776075144,0.));
#11129=CARTESIAN_POINT('',(174.00272443741,-103.30776075144,0.));
#11130=CARTESIAN_POINT('',(174.00272443741,-103.30776075144,0.));
#11131=CARTESIAN_POINT('Origin',(175.140166582929,-100.130083952138,0.));
#11132=CARTESIAN_POINT('',(175.140166582929,-100.130083952138,0.));
#11133=CARTESIAN_POINT('',(175.140166582929,-100.130083952138,0.));
#11134=CARTESIAN_POINT('',(175.140166582929,-100.130083952138,0.));
#11135=CARTESIAN_POINT('Origin',(176.047847919097,-96.7926687515948,0.));
#11136=CARTESIAN_POINT('',(176.047847919097,-96.7926687515948,0.));
#11137=CARTESIAN_POINT('',(176.047847919097,-96.7926687515948,0.));
#11138=CARTESIAN_POINT('',(176.047847919097,-96.7926687515948,0.));
#11139=CARTESIAN_POINT('Origin',(176.712664146449,-93.3132814307186,0.));
#11140=CARTESIAN_POINT('',(176.712664146449,-93.3132814307186,0.));
#11141=CARTESIAN_POINT('',(176.712664146449,-93.3132814307186,0.));
#11142=CARTESIAN_POINT('',(176.712664146449,-93.3132814307186,0.));
#11143=CARTESIAN_POINT('Origin',(177.12136288887,-89.7097181211194,0.));
#11144=CARTESIAN_POINT('',(177.12136288887,-89.7097181211194,0.));
#11145=CARTESIAN_POINT('',(177.12136288887,-89.7097181211194,0.));
#11146=CARTESIAN_POINT('',(177.12136288887,-89.7097181211194,0.));
#11147=CARTESIAN_POINT('Origin',(177.260566781986,-86.,0.));
#11148=CARTESIAN_POINT('',(177.260566781986,-86.,0.));
#11149=CARTESIAN_POINT('',(177.260566781986,-86.,0.));
#11150=CARTESIAN_POINT('',(177.260566781986,-86.,0.));
#11151=CARTESIAN_POINT('Origin',(177.12136288887,-82.2902818788806,0.));
#11152=CARTESIAN_POINT('',(177.12136288887,-82.2902818788806,0.));
#11153=CARTESIAN_POINT('',(177.12136288887,-82.2902818788806,0.));
#11154=CARTESIAN_POINT('',(177.12136288887,-82.2902818788806,0.));
#11155=CARTESIAN_POINT('Origin',(176.712664146449,-78.6867185692814,0.));
#11156=CARTESIAN_POINT('',(176.712664146449,-78.6867185692814,0.));
#11157=CARTESIAN_POINT('',(176.712664146449,-78.6867185692814,0.));
#11158=CARTESIAN_POINT('',(176.712664146449,-78.6867185692814,0.));
#11159=CARTESIAN_POINT('Origin',(168.75,-101.575,4.5));
#11160=CARTESIAN_POINT('',(168.75,-100.65,3.5));
#11161=CARTESIAN_POINT('',(169.75,-100.65,4.5));
#11162=CARTESIAN_POINT('Origin',(168.75,-100.65,4.5));
#11163=CARTESIAN_POINT('',(169.75,-104.35,4.5));
#11164=CARTESIAN_POINT('',(169.75,-101.575,4.5));
#11165=CARTESIAN_POINT('',(168.75,-104.35,3.5));
#11166=CARTESIAN_POINT('Origin',(168.75,-104.35,4.5));
#11167=CARTESIAN_POINT('',(168.75,-101.575,3.5));
#11168=CARTESIAN_POINT('Origin',(165.35,-104.35,4.5));
#11169=CARTESIAN_POINT('',(165.35,-108.75,4.5));
#11170=CARTESIAN_POINT('',(165.35,-107.75,3.5));
#11171=CARTESIAN_POINT('Origin',(165.35,-107.75,4.5));
#11172=CARTESIAN_POINT('Origin',(165.35,-104.35,3.5));
#11173=CARTESIAN_POINT('Origin',(165.35,-104.35,4.5));
#11174=CARTESIAN_POINT('Origin',(157.675,-107.75,4.5));
#11175=CARTESIAN_POINT('',(134.65,-108.75,4.5));
#11176=CARTESIAN_POINT('',(134.65,-107.75,3.5));
#11177=CARTESIAN_POINT('Origin',(134.65,-107.75,4.5));
#11178=CARTESIAN_POINT('',(157.675,-107.75,3.5));
#11179=CARTESIAN_POINT('',(157.675,-108.75,4.5));
#11180=CARTESIAN_POINT('Origin',(134.65,-104.35,4.5));
#11181=CARTESIAN_POINT('',(130.25,-104.35,4.5));
#11182=CARTESIAN_POINT('',(131.25,-104.35,3.5));
#11183=CARTESIAN_POINT('Origin',(131.25,-104.35,4.5));
#11184=CARTESIAN_POINT('Origin',(134.65,-104.35,3.5));
#11185=CARTESIAN_POINT('Origin',(134.65,-104.35,4.5));
#11186=CARTESIAN_POINT('Origin',(131.25,-103.425,4.5));
#11187=CARTESIAN_POINT('',(130.25,-100.65,4.5));
#11188=CARTESIAN_POINT('',(131.25,-100.65,3.5));
#11189=CARTESIAN_POINT('Origin',(131.25,-100.65,4.5));
#11190=CARTESIAN_POINT('',(131.25,-103.425,3.5));
#11191=CARTESIAN_POINT('',(130.25,-103.425,4.5));
#11192=CARTESIAN_POINT('Origin',(134.65,-100.65,4.5));
#11193=CARTESIAN_POINT('',(134.65,-96.25,4.5));
#11194=CARTESIAN_POINT('',(134.65,-97.25,3.5));
#11195=CARTESIAN_POINT('Origin',(134.65,-97.25,4.5));
#11196=CARTESIAN_POINT('Origin',(134.65,-100.65,3.5));
#11197=CARTESIAN_POINT('Origin',(134.65,-100.65,4.5));
#11198=CARTESIAN_POINT('Origin',(142.325,-97.2500000000002,4.5));
#11199=CARTESIAN_POINT('',(165.35,-96.25,4.5));
#11200=CARTESIAN_POINT('',(165.35,-97.25,3.5));
#11201=CARTESIAN_POINT('Origin',(165.35,-97.25,4.5));
#11202=CARTESIAN_POINT('',(142.325,-97.2500000000002,3.5));
#11203=CARTESIAN_POINT('',(142.325,-96.2500000000002,4.5));
#11204=CARTESIAN_POINT('Origin',(165.35,-100.65,4.5));
#11205=CARTESIAN_POINT('Origin',(165.35,-100.65,3.5));
#11206=CARTESIAN_POINT('Origin',(165.35,-100.65,4.5));
#11207=CARTESIAN_POINT('Origin',(134.65,-104.35,8.));
#11208=CARTESIAN_POINT('',(134.65,-108.75,7.1));
#11209=CARTESIAN_POINT('',(134.65,-108.75,8.));
#11210=CARTESIAN_POINT('',(130.25,-104.35,7.1));
#11211=CARTESIAN_POINT('Origin',(134.65,-104.35,7.1));
#11212=CARTESIAN_POINT('',(130.25,-104.35,8.));
#11213=CARTESIAN_POINT('Origin',(165.35,-108.75,8.));
#11214=CARTESIAN_POINT('',(165.35,-108.75,7.1));
#11215=CARTESIAN_POINT('',(165.35,-108.75,8.));
#11216=CARTESIAN_POINT('',(157.67500025,-108.75,7.1));
#11217=CARTESIAN_POINT('Origin',(165.35,-104.35,8.));
#11218=CARTESIAN_POINT('',(169.75,-104.35,7.1));
#11219=CARTESIAN_POINT('',(169.75,-104.35,8.));
#11220=CARTESIAN_POINT('Origin',(165.35,-104.35,7.1));
#11221=CARTESIAN_POINT('Origin',(169.75,-100.65,8.));
#11222=CARTESIAN_POINT('',(169.75,-100.65,7.1));
#11223=CARTESIAN_POINT('',(169.75,-100.65,8.));
#11224=CARTESIAN_POINT('',(169.75,-92.6468053781813,7.1));
#11225=CARTESIAN_POINT('Origin',(150.,-102.5,3.5));
#11226=CARTESIAN_POINT('',(161.05,-100.65,3.5));
#11227=CARTESIAN_POINT('',(161.05,-104.35,3.5));
#11228=CARTESIAN_POINT('',(161.05,-103.425,3.5));
#11229=CARTESIAN_POINT('',(161.65,-104.95,3.5));
#11230=CARTESIAN_POINT('Origin',(161.65,-104.35,3.5));
#11231=CARTESIAN_POINT('',(165.35,-104.95,3.5));
#11232=CARTESIAN_POINT('',(157.675,-104.95,3.5));
#11233=CARTESIAN_POINT('',(165.95,-104.35,3.5));
#11234=CARTESIAN_POINT('Origin',(165.35,-104.35,3.5));
#11235=CARTESIAN_POINT('',(165.95,-100.65,3.5));
#11236=CARTESIAN_POINT('',(165.95,-101.575,3.5));
#11237=CARTESIAN_POINT('',(165.35,-100.05,3.5));
#11238=CARTESIAN_POINT('Origin',(165.35,-100.65,3.5));
#11239=CARTESIAN_POINT('',(161.65,-100.05,3.5));
#11240=CARTESIAN_POINT('',(155.825,-100.05,3.5));
#11241=CARTESIAN_POINT('Origin',(161.65,-100.65,3.5));
#11242=CARTESIAN_POINT('',(147.55,-100.65,3.5));
#11243=CARTESIAN_POINT('',(147.55,-104.35,3.5));
#11244=CARTESIAN_POINT('',(147.55,-103.425,3.5));
#11245=CARTESIAN_POINT('',(148.15,-104.95,3.5));
#11246=CARTESIAN_POINT('Origin',(148.15,-104.35,3.5));
#11247=CARTESIAN_POINT('',(151.85,-104.95,3.5));
#11248=CARTESIAN_POINT('',(150.925,-104.95,3.5));
#11249=CARTESIAN_POINT('',(152.45,-104.35,3.5));
#11250=CARTESIAN_POINT('Origin',(151.85,-104.35,3.5));
#11251=CARTESIAN_POINT('',(152.45,-100.65,3.5));
#11252=CARTESIAN_POINT('',(152.45,-101.575,3.5));
#11253=CARTESIAN_POINT('',(151.85,-100.05,3.5));
#11254=CARTESIAN_POINT('Origin',(151.85,-100.65,3.5));
#11255=CARTESIAN_POINT('',(148.15,-100.05,3.5));
#11256=CARTESIAN_POINT('',(149.075,-100.05,3.5));
#11257=CARTESIAN_POINT('Origin',(148.15,-100.65,3.5));
#11258=CARTESIAN_POINT('',(134.05,-100.65,3.5));
#11259=CARTESIAN_POINT('',(134.05,-104.35,3.5));
#11260=CARTESIAN_POINT('',(134.05,-103.425,3.5));
#11261=CARTESIAN_POINT('',(134.65,-104.95,3.5));
#11262=CARTESIAN_POINT('Origin',(134.65,-104.35,3.5));
#11263=CARTESIAN_POINT('',(138.35,-104.95,3.5));
#11264=CARTESIAN_POINT('',(144.175,-104.95,3.5));
#11265=CARTESIAN_POINT('',(138.95,-104.35,3.5));
#11266=CARTESIAN_POINT('Origin',(138.35,-104.35,3.5));
#11267=CARTESIAN_POINT('',(138.95,-100.65,3.5));
#11268=CARTESIAN_POINT('',(138.95,-101.575,3.5));
#11269=CARTESIAN_POINT('',(138.35,-100.05,3.5));
#11270=CARTESIAN_POINT('Origin',(138.35,-100.65,3.5));
#11271=CARTESIAN_POINT('',(134.65,-100.05,3.5));
#11272=CARTESIAN_POINT('',(142.325,-100.05,3.5));
#11273=CARTESIAN_POINT('Origin',(134.65,-100.65,3.5));
#11274=CARTESIAN_POINT('Origin',(138.80519533798,-87.7387494569938,6.4));
#11275=CARTESIAN_POINT('',(137.366445880986,-87.7387494569938,8.));
#11276=CARTESIAN_POINT('',(162.633554119017,-87.7387494569938,8.));
#11277=CARTESIAN_POINT('',(138.80519533798,-87.7387494569938,8.));
#11278=CARTESIAN_POINT('',(161.194804662023,-86.3,7.1));
#11279=CARTESIAN_POINT('Origin',(162.633554119017,-87.7387494569938,6.4));
#11280=CARTESIAN_POINT('',(138.80519533798,-86.3,7.1));
#11281=CARTESIAN_POINT('',(138.80519533798,-86.3,7.1));
#11282=CARTESIAN_POINT('Origin',(137.366445880986,-87.7387494569938,6.4));
#11283=CARTESIAN_POINT('Origin',(162.633554119017,-89.,6.4));
#11284=CARTESIAN_POINT('',(161.194804662023,-74.3,7.1));
#11285=CARTESIAN_POINT('',(161.194804662023,-89.,7.1));
#11286=CARTESIAN_POINT('',(162.633554119017,-72.8612505430062,8.));
#11287=CARTESIAN_POINT('',(162.633554119017,-89.,8.));
#11288=CARTESIAN_POINT('Origin',(162.633554119017,-72.8612505430062,6.4));
#11289=CARTESIAN_POINT('Origin',(137.366445880986,-74.3,6.4));
#11290=CARTESIAN_POINT('',(137.366445880986,-72.8612505430062,8.));
#11291=CARTESIAN_POINT('',(137.366445880986,-74.3,8.));
#11292=CARTESIAN_POINT('',(138.80519533798,-74.3,7.1));
#11293=CARTESIAN_POINT('',(138.80519533798,-74.3,7.1));
#11294=CARTESIAN_POINT('Origin',(137.366445880986,-72.8612505430062,6.4));
#11295=CARTESIAN_POINT('Origin',(161.194804662023,-72.8612505430062,6.4));
#11296=CARTESIAN_POINT('',(161.194804662023,-72.8612505430062,8.));
#11297=CARTESIAN_POINT('',(161.194804662023,-74.3,7.1));
#11298=CARTESIAN_POINT('Origin',(150.0000005,-84.6436107563624,8.));
#11299=CARTESIAN_POINT('',(123.235149822483,-108.782171517502,8.));
#11300=CARTESIAN_POINT('',(127.563377250359,-104.432226005762,8.));
#11301=CARTESIAN_POINT('Origin',(123.213377250359,-104.432226005762,8.));
#11302=CARTESIAN_POINT('',(124.815442581844,-111.626348694978,8.));
#11303=CARTESIAN_POINT('',(121.163538629211,-105.053729909703,8.));
#11304=CARTESIAN_POINT('',(126.80115422275,-114.566696555488,8.));
#11305=CARTESIAN_POINT('',(122.482772346691,-108.172196852921,8.));
#11306=CARTESIAN_POINT('',(128.046088656214,-116.096573081793,8.));
#11307=CARTESIAN_POINT('',(124.075007327465,-111.216585874759,8.));
#11308=CARTESIAN_POINT('',(129.384228890045,-117.460121094971,8.));
#11309=CARTESIAN_POINT('',(125.54344029655,-113.546405982539,8.));
#11310=CARTESIAN_POINT('',(130.810133922372,-118.655468988932,8.));
#11311=CARTESIAN_POINT('',(127.329900388697,-115.737960648155,8.));
#11312=CARTESIAN_POINT('',(132.306755161105,-119.677235918503,8.));
#11313=CARTESIAN_POINT('',(129.402936125089,-117.694752853535,8.));
#11314=CARTESIAN_POINT('',(133.851848729288,-120.525327040507,8.));
#11315=CARTESIAN_POINT('',(131.682335555989,-119.334496336637,8.));
#11316=CARTESIAN_POINT('',(135.421686784147,-121.206873489465,8.));
#11317=CARTESIAN_POINT('',(134.057755557533,-120.614721654922,8.));
#11318=CARTESIAN_POINT('',(136.994926496444,-121.735935465145,8.));
#11319=CARTESIAN_POINT('',(136.414677151259,-121.540804448205,8.));
#11320=CARTESIAN_POINT('',(138.633917277843,-122.151412060318,8.));
#11321=CARTESIAN_POINT('',(138.657805264028,-122.157467554515,8.));
#11322=CARTESIAN_POINT('',(141.56966374578,-122.60790165283,8.));
#11323=CARTESIAN_POINT('',(141.298344523215,-122.565713268137,8.));
#11324=CARTESIAN_POINT('',(144.514142940232,-122.796289084722,8.));
#11325=CARTESIAN_POINT('',(144.522026675092,-122.796793485149,8.));
#11326=CARTESIAN_POINT('',(150.000000170691,-122.822422813447,8.));
#11327=CARTESIAN_POINT('',(147.142476744909,-122.808810038105,8.));
#11328=CARTESIAN_POINT('',(155.485858130844,-122.796289084535,8.));
#11329=CARTESIAN_POINT('',(150.087125957605,-122.822007758845,8.));
#11330=CARTESIAN_POINT('',(158.430336144167,-122.607901653204,8.));
#11331=CARTESIAN_POINT('',(153.946028042567,-122.89480727136,8.));
#11332=CARTESIAN_POINT('',(161.366083544469,-122.151412105361,8.));
#11333=CARTESIAN_POINT('',(157.160856319924,-122.8052974751,8.));
#11334=CARTESIAN_POINT('',(163.005075256546,-121.735935274264,8.));
#11335=CARTESIAN_POINT('',(160.456686055187,-122.381940169823,8.));
#11336=CARTESIAN_POINT('',(164.578313011786,-121.206873488334,8.));
#11337=CARTESIAN_POINT('',(162.737509736559,-121.825914485217,8.));
#11338=CARTESIAN_POINT('',(166.148152480142,-120.525327046914,8.));
#11339=CARTESIAN_POINT('',(165.092118617214,-120.983804576499,8.));
#11340=CARTESIAN_POINT('',(167.693245791401,-119.677235268214,8.));
#11341=CARTESIAN_POINT('',(167.47864967668,-119.795025695051,8.));
#11342=CARTESIAN_POINT('',(169.189866077629,-118.655468988931,8.));
#11343=CARTESIAN_POINT('',(169.784061067848,-118.249802695409,8.));
#11344=CARTESIAN_POINT('',(170.615771109955,-117.460121094971,8.));
#11345=CARTESIAN_POINT('',(171.89708834984,-116.385982334346,8.));
#11346=CARTESIAN_POINT('',(171.953910250503,-116.096574195833,8.));
#11347=CARTESIAN_POINT('',(173.73420014441,-114.282481258226,8.));
#11348=CARTESIAN_POINT('',(173.198846404191,-114.56669723393,8.));
#11349=CARTESIAN_POINT('',(175.256534850037,-112.038045351866,8.));
#11350=CARTESIAN_POINT('',(175.184620926051,-111.626234249657,8.));
#11351=CARTESIAN_POINT('',(176.484935196837,-109.700775976787,8.));
#11352=CARTESIAN_POINT('',(176.764851138584,-108.782171517307,8.));
#11353=CARTESIAN_POINT('',(177.925114718023,-106.693955268931,8.));
#11354=CARTESIAN_POINT('',(179.798172142013,-101.293264986507,8.));
#11355=CARTESIAN_POINT('Origin',(176.786623749642,-104.432226005762,8.));
#11356=CARTESIAN_POINT('',(180.727991261574,-97.8744523044246,8.));
#11357=CARTESIAN_POINT('',(180.83421540858,-97.4838812209882,8.));
#11358=CARTESIAN_POINT('',(181.461559249404,-94.0352082981751,8.));
#11359=CARTESIAN_POINT('',(181.400551671018,-94.3544980296526,8.));
#11360=CARTESIAN_POINT('',(181.911195955445,-90.0706883024908,8.));
#11361=CARTESIAN_POINT('',(181.784173842331,-91.1906629410596,8.));
#11362=CARTESIAN_POINT('',(182.063944935521,-86.0000000000032,8.));
#11363=CARTESIAN_POINT('',(181.989309230537,-87.989006349351,8.));
#11364=CARTESIAN_POINT('',(181.911195955445,-81.9293116975155,8.));
#11365=CARTESIAN_POINT('',(182.017115493401,-84.7520174461816,8.));
#11366=CARTESIAN_POINT('',(181.461559249407,-77.9647917018469,8.));
#11367=CARTESIAN_POINT('',(181.863933725108,-81.5125929227887,8.));
#11368=CARTESIAN_POINT('',(180.727967530762,-74.1254604407546,8.));
#11369=CARTESIAN_POINT('',(181.528769718252,-78.316544928539,8.));
#11370=CARTESIAN_POINT('',(179.722647780992,-70.4290426776002,8.));
#11371=CARTESIAN_POINT('',(181.00965685396,-75.1611920258506,8.));
#11372=CARTESIAN_POINT('',(178.456963336981,-66.8930948416478,8.));
#11373=CARTESIAN_POINT('',(180.300421977421,-72.0431728260752,8.));
#11374=CARTESIAN_POINT('',(176.94123746564,-63.5352846199674,8.));
#11375=CARTESIAN_POINT('',(179.389844022238,-68.9597193941403,8.));
#11376=CARTESIAN_POINT('',(175.184620926051,-60.373765750344,8.));
#11377=CARTESIAN_POINT('',(178.260597623721,-65.9098393059783,8.));
#11378=CARTESIAN_POINT('',(173.220003270742,-57.4646310877248,8.));
#11379=CARTESIAN_POINT('',(176.888132935884,-62.8962646307751,8.));
#11380=CARTESIAN_POINT('',(172.054924714036,-55.9942111797277,8.));
#11381=CARTESIAN_POINT('',(175.375947660956,-60.1856008744064,8.));
#11382=CARTESIAN_POINT('',(170.850278282299,-54.658479239933,8.));
#11383=CARTESIAN_POINT('',(174.250111898808,-58.4282711323216,8.));
#11384=CARTESIAN_POINT('',(169.583284389197,-53.4263105235998,8.));
#11385=CARTESIAN_POINT('',(173.004623753354,-56.753609380703,8.));
#11386=CARTESIAN_POINT('',(168.258376343896,-52.2993477432425,8.));
#11387=CARTESIAN_POINT('',(171.625638178392,-55.1635304860777,8.));
#11388=CARTESIAN_POINT('',(166.881011723908,-51.2787223203078,8.));
#11389=CARTESIAN_POINT('',(170.122562321334,-53.6807071698174,8.));
#11390=CARTESIAN_POINT('',(165.457441235445,-50.3647442724452,8.));
#11391=CARTESIAN_POINT('',(168.51108780961,-52.3252836045939,8.));
#11392=CARTESIAN_POINT('',(163.994385168673,-49.5566777914482,8.));
#11393=CARTESIAN_POINT('',(166.812072014479,-51.112925939248,8.));
#11394=CARTESIAN_POINT('',(162.498661129021,-48.852650532072,8.));
#11395=CARTESIAN_POINT('',(165.049606935423,-50.0533635896203,8.));
#11396=CARTESIAN_POINT('',(160.976828672323,-48.2496866807228,8.));
#11397=CARTESIAN_POINT('',(163.248893301496,-49.149899337701,8.));
#11398=CARTESIAN_POINT('',(159.359630702961,-47.7191654660005,8.));
#11399=CARTESIAN_POINT('',(161.434083108325,-48.399688834708,8.));
#11400=CARTESIAN_POINT('',(156.320834363561,-47.0004141884858,8.));
#11401=CARTESIAN_POINT('',(159.096179596499,-47.656852695356,8.));
#11402=CARTESIAN_POINT('',(154.061825129925,-46.7054640222764,8.));
#11403=CARTESIAN_POINT('',(155.670324740619,-46.9154796434868,8.));
#11404=CARTESIAN_POINT('',(154.35,-48.2624086628824,8.));
#11405=CARTESIAN_POINT('Origin',(150.,-48.2624086628824,8.));
#11406=CARTESIAN_POINT('',(145.938174870075,-46.7054640222762,8.));
#11407=CARTESIAN_POINT('Origin',(150.,-48.2624086628824,8.));
#11408=CARTESIAN_POINT('',(143.678952281969,-47.0004420453589,8.));
#11409=CARTESIAN_POINT('',(145.981730058172,-46.6997771885187,8.));
#11410=CARTESIAN_POINT('',(140.640370050727,-47.719165546803,8.));
#11411=CARTESIAN_POINT('',(142.496124264508,-47.2802331228135,8.));
#11412=CARTESIAN_POINT('',(139.023173121215,-48.2496864204022,8.));
#11413=CARTESIAN_POINT('',(139.429644715007,-48.1163435596186,8.));
#11414=CARTESIAN_POINT('',(137.501339626646,-48.8526501763854,8.));
#11415=CARTESIAN_POINT('',(137.557762153095,-48.8302950773611,8.));
#11416=CARTESIAN_POINT('',(136.005613848327,-49.5566782541392,8.));
#11417=CARTESIAN_POINT('',(135.744373498508,-49.6796423321679,8.));
#11418=CARTESIAN_POINT('',(134.542558850288,-50.3647448594345,8.));
#11419=CARTESIAN_POINT('',(133.96527417857,-50.6835875998579,8.));
#11420=CARTESIAN_POINT('',(133.118989276106,-51.2787223202984,8.));
#11421=CARTESIAN_POINT('',(132.245514608419,-51.83952115541,8.));
#11422=CARTESIAN_POINT('',(131.74162465612,-52.2993477432299,8.));
#11423=CARTESIAN_POINT('',(130.6092304535,-53.1384504000024,8.));
#11424=CARTESIAN_POINT('',(130.416717724742,-53.4263095760862,8.));
#11425=CARTESIAN_POINT('',(129.077583471214,-54.5653731261788,8.));
#11426=CARTESIAN_POINT('',(129.149721611504,-54.6584792097176,8.));
#11427=CARTESIAN_POINT('',(127.666777714545,-56.1006607753274,8.));
#11428=CARTESIAN_POINT('',(127.945075345604,-55.9942123665359,8.));
#11429=CARTESIAN_POINT('',(126.386851309673,-57.7219988292196,8.));
#11430=CARTESIAN_POINT('',(126.779998221305,-57.4646304667229,8.));
#11431=CARTESIAN_POINT('',(125.241351542579,-59.4065224488112,8.));
#11432=CARTESIAN_POINT('',(124.815379003876,-60.3737657312896,8.));
#11433=CARTESIAN_POINT('',(124.130667441626,-61.3876612150187,8.));
#11434=CARTESIAN_POINT('',(123.058763199882,-63.5352853609416,8.));
#11435=CARTESIAN_POINT('',(122.650747466327,-64.2696233692346,8.));
#11436=CARTESIAN_POINT('',(121.54303766302,-66.8930948416448,8.));
#11437=CARTESIAN_POINT('',(121.394927820244,-67.2212047943798,8.));
#11438=CARTESIAN_POINT('',(120.277353219009,-70.4290426775988,8.));
#11439=CARTESIAN_POINT('',(120.353794961,-70.2154870686565,8.));
#11440=CARTESIAN_POINT('',(119.272033685237,-74.1254596465575,8.));
#11441=CARTESIAN_POINT('',(119.50927708986,-73.2531493838363,8.));
#11442=CARTESIAN_POINT('',(118.538440690828,-77.9647916822633,8.));
#11443=CARTESIAN_POINT('',(118.849490069068,-76.3368837664768,8.));
#11444=CARTESIAN_POINT('',(118.088805014083,-81.9293125095744,8.));
#11445=CARTESIAN_POINT('',(118.367707509621,-79.4701776821164,8.));
#11446=CARTESIAN_POINT('',(117.936056064479,-86.0000000000044,8.));
#11447=CARTESIAN_POINT('',(118.061517491691,-82.6565121160804,8.));
#11448=CARTESIAN_POINT('',(118.088805014083,-90.0706874904341,8.));
#11449=CARTESIAN_POINT('',(117.932059764932,-85.8935005012131,8.));
#11450=CARTESIAN_POINT('',(118.538440690829,-94.0352083177453,8.));
#11451=CARTESIAN_POINT('',(117.984185587075,-89.148238675169,8.));
#11452=CARTESIAN_POINT('',(119.272033685239,-97.8745403534521,8.));
#11453=CARTESIAN_POINT('',(118.221190200664,-92.3748462647832,8.));
#11454=CARTESIAN_POINT('',(120.201828857987,-101.293264986507,8.));
#11455=CARTESIAN_POINT('',(118.646852785393,-95.575839085619,8.));
#11456=CARTESIAN_POINT('Origin',(123.213377250359,-104.432226005762,8.));
#11457=CARTESIAN_POINT('',(170.35,-104.35,8.));
#11458=CARTESIAN_POINT('',(170.35,-100.65,8.));
#11459=CARTESIAN_POINT('',(170.35,-94.4968053781813,8.));
#11460=CARTESIAN_POINT('',(165.35,-109.35,8.));
#11461=CARTESIAN_POINT('Origin',(165.35,-104.35,8.));
#11462=CARTESIAN_POINT('',(134.65,-109.35,8.));
#11463=CARTESIAN_POINT('',(142.32500025,-109.35,8.));
#11464=CARTESIAN_POINT('',(129.65,-104.35,8.));
#11465=CARTESIAN_POINT('Origin',(134.65,-104.35,8.));
#11466=CARTESIAN_POINT('',(129.65,-100.65,8.));
#11467=CARTESIAN_POINT('',(129.65,-92.6468053781812,8.));
#11468=CARTESIAN_POINT('',(134.65,-95.65,8.));
#11469=CARTESIAN_POINT('Origin',(134.65,-100.65,8.));
#11470=CARTESIAN_POINT('',(165.35,-95.65,8.));
#11471=CARTESIAN_POINT('',(157.67500025,-95.65,8.));
#11472=CARTESIAN_POINT('Origin',(165.35,-100.65,8.));
#11473=CARTESIAN_POINT('Origin',(170.35,-94.4968053781813,6.4));
#11474=CARTESIAN_POINT('',(168.75,-100.65,6.4));
#11475=CARTESIAN_POINT('Origin',(170.35,-100.65,6.4));
#11476=CARTESIAN_POINT('',(168.75,-104.35,6.4));
#11477=CARTESIAN_POINT('',(168.75,-94.4968053781813,6.4));
#11478=CARTESIAN_POINT('Origin',(170.35,-104.35,6.4));
#11479=CARTESIAN_POINT('Origin',(165.35,-104.35,6.4));
#11480=CARTESIAN_POINT('',(165.35,-107.75,6.4));
#11481=CARTESIAN_POINT('Origin',(165.35,-109.35,6.4));
#11482=CARTESIAN_POINT('Origin',(165.35,-104.35,6.4));
#11483=CARTESIAN_POINT('Origin',(142.32500025,-109.35,6.4));
#11484=CARTESIAN_POINT('',(134.65,-107.75,6.4));
#11485=CARTESIAN_POINT('Origin',(134.65,-109.35,6.4));
#11486=CARTESIAN_POINT('',(142.32500025,-107.75,6.4));
#11487=CARTESIAN_POINT('Origin',(134.65,-104.35,6.4));
#11488=CARTESIAN_POINT('',(131.25,-104.35,6.4));
#11489=CARTESIAN_POINT('Origin',(129.65,-104.35,6.4));
#11490=CARTESIAN_POINT('Origin',(134.65,-104.35,6.4));
#11491=CARTESIAN_POINT('Origin',(129.65,-92.6468053781812,6.4));
#11492=CARTESIAN_POINT('',(131.25,-100.65,6.4));
#11493=CARTESIAN_POINT('Origin',(129.65,-100.65,6.4));
#11494=CARTESIAN_POINT('',(131.25,-92.6468053781812,6.4));
#11495=CARTESIAN_POINT('Origin',(134.65,-100.65,6.4));
#11496=CARTESIAN_POINT('',(134.65,-97.25,6.4));
#11497=CARTESIAN_POINT('Origin',(134.65,-95.65,6.4));
#11498=CARTESIAN_POINT('Origin',(134.65,-100.65,6.4));
#11499=CARTESIAN_POINT('Origin',(157.67500025,-95.65,6.4));
#11500=CARTESIAN_POINT('',(165.35,-97.25,6.4));
#11501=CARTESIAN_POINT('Origin',(165.35,-95.65,6.4));
#11502=CARTESIAN_POINT('',(157.67500025,-97.25,6.4));
#11503=CARTESIAN_POINT('Origin',(165.35,-100.65,6.4));
#11504=CARTESIAN_POINT('Origin',(165.35,-100.65,6.4));
#11505=CARTESIAN_POINT('Origin',(134.65,-104.35,8.));
#11506=CARTESIAN_POINT('',(134.65,-107.75,4.195));
#11507=CARTESIAN_POINT('',(134.65,-107.75,8.));
#11508=CARTESIAN_POINT('',(131.25,-104.35,4.195));
#11509=CARTESIAN_POINT('Origin',(134.65,-104.35,4.195));
#11510=CARTESIAN_POINT('',(131.25,-104.35,8.));
#11511=CARTESIAN_POINT('Origin',(134.65,-107.75,8.));
#11512=CARTESIAN_POINT('',(165.35,-107.75,4.195));
#11513=CARTESIAN_POINT('',(165.35,-107.75,8.));
#11514=CARTESIAN_POINT('',(142.325,-107.75,4.195));
#11515=CARTESIAN_POINT('Origin',(165.35,-104.35,8.));
#11516=CARTESIAN_POINT('',(168.75,-104.35,4.195));
#11517=CARTESIAN_POINT('',(168.75,-104.35,8.));
#11518=CARTESIAN_POINT('Origin',(165.35,-104.35,4.195));
#11519=CARTESIAN_POINT('Origin',(168.75,-104.35,8.));
#11520=CARTESIAN_POINT('',(168.75,-100.65,4.195));
#11521=CARTESIAN_POINT('',(168.75,-100.65,8.));
#11522=CARTESIAN_POINT('',(168.75,-103.425,4.195));
#11523=CARTESIAN_POINT('Origin',(123.213377250359,-104.432226005762,6.4));
#11524=CARTESIAN_POINT('',(122.868720596416,-108.556765653672,7.98601482586602));
#11525=CARTESIAN_POINT('Ctrl Pts',(122.868641360512,-108.55688637297,7.98603170985434));
#11526=CARTESIAN_POINT('Ctrl Pts',(122.987221355771,-108.633481888281,7.99487063281791));
#11527=CARTESIAN_POINT('Ctrl Pts',(123.107641254316,-108.707472639416,7.99985063999681));
#11528=CARTESIAN_POINT('Ctrl Pts',(123.23147707039,-108.78002216383,7.99999889926788));
#11529=CARTESIAN_POINT('Ctrl Pts',(123.233313277041,-108.781097130698,8.));
#11530=CARTESIAN_POINT('Ctrl Pts',(123.235149822483,-108.782171517502,8.));
#11531=CARTESIAN_POINT('',(125.963377250359,-104.432226005762,6.4));
#11532=CARTESIAN_POINT('Origin',(127.563377250359,-104.432226005762,6.4));
#11533=CARTESIAN_POINT('Origin',(123.213377250359,-104.432226005762,6.4));
#11534=CARTESIAN_POINT('',(120.116924455041,-101.621401071942,7.99115091793644));
#11535=CARTESIAN_POINT('Ctrl Pts',(120.201828857987,-101.293264986507,8.));
#11536=CARTESIAN_POINT('Ctrl Pts',(120.201259960693,-101.295318314912,8.));
#11537=CARTESIAN_POINT('Ctrl Pts',(120.200691711978,-101.297371823049,7.99999889058929));
#11538=CARTESIAN_POINT('Ctrl Pts',(120.170586083942,-101.406300001214,7.99988139127153));
#11539=CARTESIAN_POINT('Ctrl Pts',(120.142807311323,-101.513661631924,7.99677479601659));
#11540=CARTESIAN_POINT('Ctrl Pts',(120.116924455041,-101.621401071942,7.99115091793644));
#11541=CARTESIAN_POINT('',(120.361030239508,-105.584338473663,7.36826288144213));
#11542=CARTESIAN_POINT('Ctrl Pts',(120.116924455041,-101.621401071942,7.99115091793644));
#11543=CARTESIAN_POINT('Ctrl Pts',(119.925628632635,-102.581486093014,7.93795839268227));
#11544=CARTESIAN_POINT('Ctrl Pts',(119.896315629912,-103.501881876327,7.66257743574399));
#11545=CARTESIAN_POINT('Ctrl Pts',(120.113032492836,-104.856506502113,7.39329836716195));
#11546=CARTESIAN_POINT('Ctrl Pts',(120.234376487346,-105.251701652115,7.35886575400725));
#11547=CARTESIAN_POINT('Ctrl Pts',(120.361030239508,-105.584338473663,7.36826288144213));
#11548=CARTESIAN_POINT('Ctrl Pts',(120.361030239508,-105.584338473663,7.36826288144213));
#11549=CARTESIAN_POINT('Ctrl Pts',(120.49766932126,-105.903994588282,7.35908483067289));
#11550=CARTESIAN_POINT('Ctrl Pts',(120.687021548769,-106.283612404765,7.39201691896245));
#11551=CARTESIAN_POINT('Ctrl Pts',(121.245940336443,-107.075794516485,7.58543624680672));
#11552=CARTESIAN_POINT('Ctrl Pts',(121.532749549768,-107.411012330839,7.69726053973767));
#11553=CARTESIAN_POINT('Ctrl Pts',(122.17847714901,-108.033077563344,7.88432500622685));
#11554=CARTESIAN_POINT('Ctrl Pts',(122.513768129118,-108.305993109517,7.9566889089489));
#11555=CARTESIAN_POINT('Ctrl Pts',(122.868720596416,-108.556765653672,7.98601482586601));
#11556=CARTESIAN_POINT('Origin',(121.163538629211,-105.053729909703,6.4));
#11557=CARTESIAN_POINT('',(121.62783304813,-109.183649160187,6.4));
#11558=CARTESIAN_POINT('Ctrl Pts',(121.62783304813,-109.183649160187,6.39999999999999));
#11559=CARTESIAN_POINT('Ctrl Pts',(121.627147137825,-109.182129652816,6.46307582116038));
#11560=CARTESIAN_POINT('Ctrl Pts',(121.629864772565,-109.179073774732,6.52615143678892));
#11561=CARTESIAN_POINT('Ctrl Pts',(121.635962199287,-109.174492248144,6.58878664727114));
#11562=CARTESIAN_POINT('Ctrl Pts',(121.642059431696,-109.169910867559,6.65141986169911));
#11563=CARTESIAN_POINT('Ctrl Pts',(121.651536196223,-109.163803955772,6.71361229093577));
#11564=CARTESIAN_POINT('Ctrl Pts',(121.664321573048,-109.156203526209,6.77492992665828));
#11565=CARTESIAN_POINT('Ctrl Pts',(121.677106577387,-109.148603318073,6.83624577597318));
#11566=CARTESIAN_POINT('Ctrl Pts',(121.693199913247,-109.139509718905,6.89668648329025));
#11567=CARTESIAN_POINT('Ctrl Pts',(121.712484494174,-109.128975581888,6.95583028915898));
#11568=CARTESIAN_POINT('Ctrl Pts',(121.731768565989,-109.118441722973,7.01497253363098));
#11569=CARTESIAN_POINT('Ctrl Pts',(121.754243584077,-109.106467461086,7.07281755990041));
#11570=CARTESIAN_POINT('Ctrl Pts',(121.779747938806,-109.093125747313,7.12896174262688));
#11571=CARTESIAN_POINT('Ctrl Pts',(121.805774761974,-109.079510722397,7.18625606476178));
#11572=CARTESIAN_POINT('Ctrl Pts',(121.834956276069,-109.064471660284,7.24177866651698));
#11573=CARTESIAN_POINT('Ctrl Pts',(121.867075366221,-109.048106567295,7.29512612714801));
#11574=CARTESIAN_POINT('Ctrl Pts',(121.898554855893,-109.032067359046,7.34741125813903));
#11575=CARTESIAN_POINT('Ctrl Pts',(121.93285574153,-109.014754563973,7.39760676254941));
#11576=CARTESIAN_POINT('Ctrl Pts',(121.969733815367,-108.996278418212,7.44536227638714));
#11577=CARTESIAN_POINT('Ctrl Pts',(122.006609211445,-108.977803614025,7.49311432264234));
#11578=CARTESIAN_POINT('Ctrl Pts',(122.046061176219,-108.958165738796,7.53842642182645));
#11579=CARTESIAN_POINT('Ctrl Pts',(122.087809588406,-108.937491240136,7.58098234188755));
#11580=CARTESIAN_POINT('Ctrl Pts',(122.129555425929,-108.916818016491,7.62353563748598));
#11581=CARTESIAN_POINT('Ctrl Pts',(122.173597150808,-108.895108422226,7.6633328170171));
#11582=CARTESIAN_POINT('Ctrl Pts',(122.219622648645,-108.87250334674,7.70009617110538));
#11583=CARTESIAN_POINT('Ctrl Pts',(122.26729343429,-108.849090200579,7.73817371626387));
#11584=CARTESIAN_POINT('Ctrl Pts',(122.31709219212,-108.824716481223,7.77299611078059));
#11585=CARTESIAN_POINT('Ctrl Pts',(122.368640871692,-108.799552841806,7.80430271628457));
#11586=CARTESIAN_POINT('Ctrl Pts',(122.418413733196,-108.775256073197,7.834530829844));
#11587=CARTESIAN_POINT('Ctrl Pts',(122.469817541267,-108.750223090286,7.86148128366175));
#11588=CARTESIAN_POINT('Ctrl Pts',(122.522488759469,-108.724617994541,7.8849659893572));
#11589=CARTESIAN_POINT('Ctrl Pts',(122.575153974811,-108.69901581697,7.90844801853646));
#11590=CARTESIAN_POINT('Ctrl Pts',(122.629085963475,-108.672841814021,7.92846493744367));
#11591=CARTESIAN_POINT('Ctrl Pts',(122.683903631987,-108.646268012463,7.94487707891175));
#11592=CARTESIAN_POINT('Ctrl Pts',(122.738721855889,-108.61969394167,7.96128938666099));
#11593=CARTESIAN_POINT('Ctrl Pts',(122.79442541603,-108.592720227372,7.97409673692522));
#11594=CARTESIAN_POINT('Ctrl Pts',(122.850620849871,-108.565524479773,7.98320976517697));
#11595=CARTESIAN_POINT('Ctrl Pts',(122.856648611806,-108.562607347882,7.98418726745872));
#11596=CARTESIAN_POINT('Ctrl Pts',(122.862682024419,-108.559687665258,7.9851223127626));
#11597=CARTESIAN_POINT('Ctrl Pts',(122.868720596416,-108.556765653672,7.98601482586602));
#11598=CARTESIAN_POINT('',(123.450524660126,-112.464090618712,6.4));
#11599=CARTESIAN_POINT('',(119.764927557086,-105.830831620505,6.4));
#11600=CARTESIAN_POINT('Ctrl Pts',(123.450524660126,-112.464090618712,6.4));
#11601=CARTESIAN_POINT('Ctrl Pts',(123.449679027822,-112.46256866774,6.46307827445427));
#11602=CARTESIAN_POINT('Ctrl Pts',(123.452097868757,-112.459232897479,6.52615634333672));
#11603=CARTESIAN_POINT('Ctrl Pts',(123.457758398671,-112.45409596741,6.58879395573896));
#11604=CARTESIAN_POINT('Ctrl Pts',(123.463418730875,-112.448959216762,6.65142938035975));
#11605=CARTESIAN_POINT('Ctrl Pts',(123.472320482947,-112.44202145583,6.71362397108221));
#11606=CARTESIAN_POINT('Ctrl Pts',(123.484395628349,-112.433320481783,6.77494367345818));
#11607=CARTESIAN_POINT('Ctrl Pts',(123.496470385019,-112.424619787842,6.83626140179295));
#11608=CARTESIAN_POINT('Ctrl Pts',(123.51171824627,-112.414156041223,6.89670389859517));
#11609=CARTESIAN_POINT('Ctrl Pts',(123.530026903635,-112.40199164319,6.95584936433717));
#11610=CARTESIAN_POINT('Ctrl Pts',(123.548335021658,-112.3898276035,7.01499308775571));
#11611=CARTESIAN_POINT('Ctrl Pts',(123.569703630457,-112.375963082049,7.07283947125179));
#11612=CARTESIAN_POINT('Ctrl Pts',(123.593977717059,-112.360484207748,7.12898485607505));
#11613=CARTESIAN_POINT('Ctrl Pts',(123.618251154947,-112.345005747112,7.18512874043843));
#11614=CARTESIAN_POINT('Ctrl Pts',(123.645429751514,-112.327913110939,7.23957135137055));
#11615=CARTESIAN_POINT('Ctrl Pts',(123.675317961609,-112.309314948783,7.29193280230233));
#11616=CARTESIAN_POINT('Ctrl Pts',(123.706261929826,-112.290059833244,7.3461438463311));
#11617=CARTESIAN_POINT('Ctrl Pts',(123.740110334884,-112.269190943237,7.39812353373271));
#11618=CARTESIAN_POINT('Ctrl Pts',(123.776603502413,-112.246852560044,7.44748314574658));
#11619=CARTESIAN_POINT('Ctrl Pts',(123.811857549538,-112.225272673531,7.4951667590323));
#11620=CARTESIAN_POINT('Ctrl Pts',(123.849579350138,-112.202321644256,7.54040508000161));
#11621=CARTESIAN_POINT('Ctrl Pts',(123.889499699355,-112.178149048869,7.58288234059227));
#11622=CARTESIAN_POINT('Ctrl Pts',(123.929417104533,-112.153978236157,7.62535646857853));
#11623=CARTESIAN_POINT('Ctrl Pts',(123.971532467994,-112.128586185336,7.66506966704233));
#11624=CARTESIAN_POINT('Ctrl Pts',(124.015545961935,-112.102139487892,7.70174477463508));
#11625=CARTESIAN_POINT('Ctrl Pts',(124.059556691521,-112.075694451486,7.73841757877462));
#11626=CARTESIAN_POINT('Ctrl Pts',(124.105465020592,-112.04819506349,7.77205243513191));
#11627=CARTESIAN_POINT('Ctrl Pts',(124.152944691229,-112.019822600597,7.80241463298137));
#11628=CARTESIAN_POINT('Ctrl Pts',(124.200421899031,-111.991451609422,7.83277525590262));
#11629=CARTESIAN_POINT('Ctrl Pts',(124.249469970388,-111.962207808944,7.8598633624228));
#11630=CARTESIAN_POINT('Ctrl Pts',(124.299740773982,-111.932284629235,7.88348994590896));
#11631=CARTESIAN_POINT('Ctrl Pts',(124.350018207181,-111.902357503321,7.90711964521805));
#11632=CARTESIAN_POINT('Ctrl Pts',(124.401518362378,-111.871751003868,7.92728675339517));
#11633=CARTESIAN_POINT('Ctrl Pts',(124.453875901979,-111.840668121164,7.94385051787299));
#11634=CARTESIAN_POINT('Ctrl Pts',(124.50622715464,-111.809588970802,7.96041229342225));
#11635=CARTESIAN_POINT('Ctrl Pts',(124.559435238959,-111.77803374431,7.97337148367016));
#11636=CARTESIAN_POINT('Ctrl Pts',(124.613122988284,-111.746212004485,7.9826376640415));
#11637=CARTESIAN_POINT('Ctrl Pts',(124.666812110875,-111.714389450701,7.99190408143014));
#11638=CARTESIAN_POINT('Ctrl Pts',(124.720980567746,-111.682300567343,7.9974772394246));
#11639=CARTESIAN_POINT('Ctrl Pts',(124.775244471366,-111.650158651493,7.99931824854476));
#11640=CARTESIAN_POINT('Ctrl Pts',(124.788639975472,-111.642224147393,7.99977271723543));
#11641=CARTESIAN_POINT('Ctrl Pts',(124.802041278576,-111.634286421231,8.));
#11642=CARTESIAN_POINT('Ctrl Pts',(124.815442581844,-111.626348694978,8.));
#11643=CARTESIAN_POINT('Origin',(120.10152081298,-101.913491292893,6.4));
#11644=CARTESIAN_POINT('',(120.058291363167,-105.706619960671,6.4));
#11645=CARTESIAN_POINT('Origin',(121.543037663024,-105.106905158365,6.4));
#11646=CARTESIAN_POINT('',(118.643213096777,-102.571775885499,6.4));
#11647=CARTESIAN_POINT('Origin',(123.213377250359,-104.432226005762,3.));
#11648=CARTESIAN_POINT('',(125.963377250359,-104.432226005762,3.));
#11649=CARTESIAN_POINT('Origin',(123.213377250359,-104.432226005762,3.));
#11650=CARTESIAN_POINT('',(125.963377250359,-104.432226005762,3.));
#11651=CARTESIAN_POINT('Origin',(176.786623749642,-104.432226005762,6.4));
#11652=CARTESIAN_POINT('',(179.883590641851,-101.623983065596,7.99100731852888));
#11653=CARTESIAN_POINT('Ctrl Pts',(179.883690805834,-101.623959535485,7.99101689921523));
#11654=CARTESIAN_POINT('Ctrl Pts',(179.857633285758,-101.515361115208,7.99672548661519));
#11655=CARTESIAN_POINT('Ctrl Pts',(179.82964885945,-101.407146411492,7.99988049734414));
#11656=CARTESIAN_POINT('Ctrl Pts',(179.799309101052,-101.297371147388,7.99999889095426));
#11657=CARTESIAN_POINT('Ctrl Pts',(179.798740945695,-101.295317977037,8.));
#11658=CARTESIAN_POINT('Ctrl Pts',(179.798172142013,-101.293264986507,8.));
#11659=CARTESIAN_POINT('',(177.128440864233,-108.558771007061,7.98624847163493));
#11660=CARTESIAN_POINT('Ctrl Pts',(176.764851138584,-108.782171517307,8.));
#11661=CARTESIAN_POINT('Ctrl Pts',(176.76668825556,-108.781096796509,8.));
#11662=CARTESIAN_POINT('Ctrl Pts',(176.768525033854,-108.780021495098,7.99999889858311));
#11663=CARTESIAN_POINT('Ctrl Pts',(176.891357454892,-108.70805980356,7.99985179497662));
#11664=CARTESIAN_POINT('Ctrl Pts',(177.010802830409,-108.634696346578,7.99495193655687));
#11665=CARTESIAN_POINT('Ctrl Pts',(177.128440864233,-108.558771007061,7.98624847163493));
#11666=CARTESIAN_POINT('',(179.638970760496,-105.584338473653,7.36826288144193));
#11667=CARTESIAN_POINT('Ctrl Pts',(177.128440864233,-108.558771007061,7.98624847163493));
#11668=CARTESIAN_POINT('Ctrl Pts',(177.546503074929,-108.263638403143,7.9519896922964));
#11669=CARTESIAN_POINT('Ctrl Pts',(177.943616752585,-107.933757885183,7.85661142910947));
#11670=CARTESIAN_POINT('Ctrl Pts',(178.66814460831,-107.188080295494,7.62645424554426));
#11671=CARTESIAN_POINT('Ctrl Pts',(178.970192033216,-106.79970079875,7.5015346471422));
#11672=CARTESIAN_POINT('Ctrl Pts',(179.391666651125,-106.114082768998,7.38012026108057));
#11673=CARTESIAN_POINT('Ctrl Pts',(179.525747965416,-105.849214073648,7.36065770327296));
#11674=CARTESIAN_POINT('Ctrl Pts',(179.638970760496,-105.584338473653,7.36826288144193));
#11675=CARTESIAN_POINT('',(179.954274928696,-104.43222600574,7.47798481696602));
#11676=CARTESIAN_POINT('Ctrl Pts',(179.638970760496,-105.584338473653,7.36826288144193));
#11677=CARTESIAN_POINT('Ctrl Pts',(179.75854406479,-105.270297371799,7.35939109076069));
#11678=CARTESIAN_POINT('Ctrl Pts',(179.873026229675,-104.900298908968,7.38887010775415));
#11679=CARTESIAN_POINT('Ctrl Pts',(179.954274928696,-104.432226005717,7.47798481696603));
#11680=CARTESIAN_POINT('',(179.536623749642,-104.432226005762,6.4));
#11681=CARTESIAN_POINT('Origin',(181.136623749642,-104.432226005762,6.4));
#11682=CARTESIAN_POINT('Origin',(176.786623749642,-104.432226005762,6.4));
#11683=CARTESIAN_POINT('Ctrl Pts',(179.954274928696,-104.432226005717,7.47798481696602));
#11684=CARTESIAN_POINT('Ctrl Pts',(179.959086044359,-104.404509218821,7.48326171590076));
#11685=CARTESIAN_POINT('Ctrl Pts',(179.963770503902,-104.376442956391,7.48872779898704));
#11686=CARTESIAN_POINT('Ctrl Pts',(180.103563192194,-103.502644134271,7.66242604371023));
#11687=CARTESIAN_POINT('Ctrl Pts',(180.074432742972,-102.583142085069,7.93746001286857));
#11688=CARTESIAN_POINT('Ctrl Pts',(179.883590641851,-101.623983065596,7.99100731852888));
#11689=CARTESIAN_POINT('Origin',(180.83421540858,-97.4838812209882,6.4));
#11690=CARTESIAN_POINT('',(181.250141513676,-102.051248445829,6.4));
#11691=CARTESIAN_POINT('Ctrl Pts',(181.250141513676,-102.051248445829,6.40000000000001));
#11692=CARTESIAN_POINT('Ctrl Pts',(181.249612993794,-102.052724973996,6.46307629054787));
#11693=CARTESIAN_POINT('Ctrl Pts',(181.245568627703,-102.05294301305,6.52615237555624));
#11694=CARTESIAN_POINT('Ctrl Pts',(181.238032952574,-102.051911346016,6.58878804559691));
#11695=CARTESIAN_POINT('Ctrl Pts',(181.230497522163,-102.050879712485,6.65142168156403));
#11696=CARTESIAN_POINT('Ctrl Pts',(181.219471055393,-102.04859847047,6.71361452303988));
#11697=CARTESIAN_POINT('Ctrl Pts',(181.205026813044,-102.0450938435,6.77493255290438));
#11698=CARTESIAN_POINT('Ctrl Pts',(181.190583000272,-102.04158932076,6.83624875915319));
#11699=CARTESIAN_POINT('Ctrl Pts',(181.172721706115,-102.03686151837,6.89668980635797));
#11700=CARTESIAN_POINT('Ctrl Pts',(181.151563881609,-102.030953730479,6.95583392745376));
#11701=CARTESIAN_POINT('Ctrl Pts',(181.130406628501,-102.025046102136,7.01497645127417));
#11702=CARTESIAN_POINT('Ctrl Pts',(181.105953157703,-102.017958600207,7.07282173379676));
#11703=CARTESIAN_POINT('Ctrl Pts',(181.078370412587,-102.00975098169,7.12896614336444));
#11704=CARTESIAN_POINT('Ctrl Pts',(181.049457792552,-102.001147640921,7.18781750040267));
#11705=CARTESIAN_POINT('Ctrl Pts',(181.017106688424,-101.991313502632,7.24479937223082));
#11706=CARTESIAN_POINT('Ctrl Pts',(180.981560833942,-101.980335810757,7.2994749774408));
#11707=CARTESIAN_POINT('Ctrl Pts',(180.94764406314,-101.969861231804,7.35164477325234));
#11708=CARTESIAN_POINT('Ctrl Pts',(180.910819231787,-101.958345719224,7.4017147269187));
#11709=CARTESIAN_POINT('Ctrl Pts',(180.871339695135,-101.945879960952,7.4493353400746));
#11710=CARTESIAN_POINT('Ctrl Pts',(180.831863108999,-101.933415134312,7.49695239428945));
#11711=CARTESIAN_POINT('Ctrl Pts',(180.789732468682,-101.920000295046,7.54212016413412));
#11712=CARTESIAN_POINT('Ctrl Pts',(180.745238122016,-101.905739372497,7.58452341649885));
#11713=CARTESIAN_POINT('Ctrl Pts',(180.700746613823,-101.891479359709,7.62692396379088));
#11714=CARTESIAN_POINT('Ctrl Pts',(180.653891987684,-101.876373474254,7.66656007042192));
#11715=CARTESIAN_POINT('Ctrl Pts',(180.604997519959,-101.860537432168,7.70315514486618));
#11716=CARTESIAN_POINT('Ctrl Pts',(180.556105636694,-101.844702227141,7.73974828497093));
#11717=CARTESIAN_POINT('Ctrl Pts',(180.505174442814,-101.828137055543,7.77330047633799));
#11718=CARTESIAN_POINT('Ctrl Pts',(180.452555625168,-101.810967802875,7.80357760735547));
#11719=CARTESIAN_POINT('Ctrl Pts',(180.39992940762,-101.793796135657,7.83385899631413));
#11720=CARTESIAN_POINT('Ctrl Pts',(180.345615430558,-101.77602033878,7.86086420529644));
#11721=CARTESIAN_POINT('Ctrl Pts',(180.289989089143,-101.757774784083,7.88440475160222));
#11722=CARTESIAN_POINT('Ctrl Pts',(180.234369646727,-101.739531492272,7.90794237831639));
#11723=CARTESIAN_POINT('Ctrl Pts',(180.177438524821,-101.720818687786,7.92801604932864));
#11724=CARTESIAN_POINT('Ctrl Pts',(180.119589287957,-101.701777246149,7.94448569524565));
#11725=CARTESIAN_POINT('Ctrl Pts',(180.061737915398,-101.682735101536,7.96095594919337));
#11726=CARTESIAN_POINT('Ctrl Pts',(180.002968733494,-101.663364429165,7.97382180431266));
#11727=CARTESIAN_POINT('Ctrl Pts',(179.943688162136,-101.643810706109,7.98299347905307));
#11728=CARTESIAN_POINT('Ctrl Pts',(179.923708406493,-101.637220374747,7.98608467429549));
#11729=CARTESIAN_POINT('Ctrl Pts',(179.903670642454,-101.630609279412,7.98875666145355));
#11730=CARTESIAN_POINT('Ctrl Pts',(179.883590641851,-101.623983065596,7.99100731852888));
#11731=CARTESIAN_POINT('',(182.288007401314,-98.2351631618085,6.4));
#11732=CARTESIAN_POINT('',(182.378133397617,-97.9037826893444,6.4));
#11733=CARTESIAN_POINT('Ctrl Pts',(182.288007401314,-98.2351631618085,6.4));
#11734=CARTESIAN_POINT('Ctrl Pts',(182.287603369156,-98.236648730601,6.46307827445426));
#11735=CARTESIAN_POINT('Ctrl Pts',(182.283595705466,-98.2371542148408,6.52615634333671));
#11736=CARTESIAN_POINT('Ctrl Pts',(182.276009561648,-98.2366864549897,6.58879395573894));
#11737=CARTESIAN_POINT('Ctrl Pts',(182.268423682797,-98.2362187114762,6.65142938035974));
#11738=CARTESIAN_POINT('Ctrl Pts',(182.257259620887,-98.2347778046659,6.7136239710822));
#11739=CARTESIAN_POINT('Ctrl Pts',(182.242592469987,-98.2323841579944,6.77494367345818));
#11740=CARTESIAN_POINT('Ctrl Pts',(182.227925791262,-98.2299905883808,6.83626140179294));
#11741=CARTESIAN_POINT('Ctrl Pts',(182.209756342296,-98.2266443655965,6.89670389859516));
#11742=CARTESIAN_POINT('Ctrl Pts',(182.188208099699,-98.2223792077285,6.95584936433715));
#11743=CARTESIAN_POINT('Ctrl Pts',(182.166660491877,-98.2181141755047,7.01499308775568));
#11744=CARTESIAN_POINT('Ctrl Pts',(182.141734427486,-98.2129302998682,7.07283947125176));
#11745=CARTESIAN_POINT('Ctrl Pts',(182.113601024374,-98.206874119972,7.12898485607502));
#11746=CARTESIAN_POINT('Ctrl Pts',(182.085468373115,-98.2008181019244,7.18512874043842));
#11747=CARTESIAN_POINT('Ctrl Pts',(182.054128735413,-98.1938898754271,7.23957135137055));
#11748=CARTESIAN_POINT('Ctrl Pts',(182.019797972336,-98.1861481485064,7.29193280230235));
#11749=CARTESIAN_POINT('Ctrl Pts',(181.984254524329,-98.1781329561944,7.34614384633112));
#11750=CARTESIAN_POINT('Ctrl Pts',(181.945504886714,-98.1692457721482,7.39812353373273));
#11751=CARTESIAN_POINT('Ctrl Pts',(181.903835712397,-98.1595645577478,7.4474831457466));
#11752=CARTESIAN_POINT('Ctrl Pts',(181.86358140907,-98.1502120676294,7.49516675903231));
#11753=CARTESIAN_POINT('Ctrl Pts',(181.820602968163,-98.1401186901203,7.54040508000163));
#11754=CARTESIAN_POINT('Ctrl Pts',(181.77519756323,-98.1293652479152,7.58288234059229));
#11755=CARTESIAN_POINT('Ctrl Pts',(181.729795506846,-98.1186125987529,7.62535646857855));
#11756=CARTESIAN_POINT('Ctrl Pts',(181.681967138101,-98.1072000621289,7.66506966704235));
#11757=CARTESIAN_POINT('Ctrl Pts',(181.632043435027,-98.0952176545868,7.7017447746351));
#11758=CARTESIAN_POINT('Ctrl Pts',(181.58212286751,-98.0832359996237,7.73841757877463));
#11759=CARTESIAN_POINT('Ctrl Pts',(181.530107551825,-98.0706846331619,7.77205243513192));
#11760=CARTESIAN_POINT('Ctrl Pts',(181.476357642043,-98.0576615067919,7.80241463298139));
#11761=CARTESIAN_POINT('Ctrl Pts',(181.422610520341,-98.0446390559491,7.83277525590263));
#11762=CARTESIAN_POINT('Ctrl Pts',(181.367129332216,-98.0311449887105,7.85986336242282));
#11763=CARTESIAN_POINT('Ctrl Pts',(181.310298377643,-98.0172838236615,7.88348994590897));
#11764=CARTESIAN_POINT('Ctrl Pts',(181.253459928326,-98.003420830632,7.90711964521806));
#11765=CARTESIAN_POINT('Ctrl Pts',(181.195271723868,-97.9891907428668,7.92728675339519));
#11766=CARTESIAN_POINT('Ctrl Pts',(181.136137058143,-97.9747032447478,7.943850517873));
#11767=CARTESIAN_POINT('Ctrl Pts',(181.077009493136,-97.9602174862454,7.96041229342226));
#11768=CARTESIAN_POINT('Ctrl Pts',(181.016936077037,-97.9454744833395,7.97337148367017));
#11769=CARTESIAN_POINT('Ctrl Pts',(180.956333161746,-97.9305874718205,7.9826376640415));
#11770=CARTESIAN_POINT('Ctrl Pts',(180.895728696308,-97.9157000795103,7.99190408143015));
#11771=CARTESIAN_POINT('Ctrl Pts',(180.834595096765,-97.9006687778802,7.99747723942461));
#11772=CARTESIAN_POINT('Ctrl Pts',(180.773356134155,-97.8856088205139,7.99931824854477));
#11773=CARTESIAN_POINT('Ctrl Pts',(180.758238777673,-97.8818911425129,7.99977271723543));
#11774=CARTESIAN_POINT('Ctrl Pts',(180.743115019715,-97.8781717234935,8.));
#11775=CARTESIAN_POINT('Ctrl Pts',(180.727991261574,-97.8744523044246,8.));
#11776=CARTESIAN_POINT('Origin',(180.076580115367,-100.582175104423,6.4));
#11777=CARTESIAN_POINT('',(179.941709636837,-105.70661996066,6.4));
#11778=CARTESIAN_POINT('Origin',(178.45696333698,-105.106905158355,6.4));
#11779=CARTESIAN_POINT('',(181.582982760042,-101.121388487153,6.4));
#11780=CARTESIAN_POINT('Origin',(176.786623749642,-104.432226005762,3.));
#11781=CARTESIAN_POINT('',(179.536623749642,-104.432226005762,3.));
#11782=CARTESIAN_POINT('Origin',(176.786623749642,-104.432226005762,3.));
#11783=CARTESIAN_POINT('',(179.536623749642,-104.432226005762,3.));
#11784=CARTESIAN_POINT('Origin',(150.,-48.2624086628824,6.4));
#11785=CARTESIAN_POINT('',(146.797069892324,-46.1028374073755,7.92407291711337));
#11786=CARTESIAN_POINT('Ctrl Pts',(146.796886310398,-46.1025138579197,7.92417932161627));
#11787=CARTESIAN_POINT('Ctrl Pts',(146.501797931359,-46.2849299298259,7.9697387464403));
#11788=CARTESIAN_POINT('Ctrl Pts',(146.217203425179,-46.4859143272876,7.99962801103369));
#11789=CARTESIAN_POINT('Ctrl Pts',(145.941560732487,-46.7027973084667,7.99999885891002));
#11790=CARTESIAN_POINT('Ctrl Pts',(145.939867588427,-46.7041303952728,8.));
#11791=CARTESIAN_POINT('Ctrl Pts',(145.938174870075,-46.7054640222762,8.));
#11792=CARTESIAN_POINT('',(152.75,-48.2624086628824,6.4));
#11793=CARTESIAN_POINT('Origin',(154.35,-48.2624086628824,6.4));
#11794=CARTESIAN_POINT('Origin',(150.,-48.2624086628824,6.4));
#11795=CARTESIAN_POINT('',(153.210188270872,-46.1068919805581,7.92526886448655));
#11796=CARTESIAN_POINT('Ctrl Pts',(154.061825129925,-46.7054640222768,8.));
#11797=CARTESIAN_POINT('Ctrl Pts',(154.06013213135,-46.7041301744965,8.));
#11798=CARTESIAN_POINT('Ctrl Pts',(154.058438706699,-46.7027968669132,7.99999885853198));
#11799=CARTESIAN_POINT('Ctrl Pts',(153.784991225332,-46.4876411830565,7.99963090328709));
#11800=CARTESIAN_POINT('Ctrl Pts',(153.502746113553,-46.2881405860848,7.97021234331259));
#11801=CARTESIAN_POINT('Ctrl Pts',(153.210188270872,-46.1068919805581,7.92526886448655));
#11802=CARTESIAN_POINT('',(150.000000000013,-45.1861563653853,7.36828032633561));
#11803=CARTESIAN_POINT('Ctrl Pts',(153.210188270872,-46.1068919805581,7.92526886448655));
#11804=CARTESIAN_POINT('Ctrl Pts',(152.698792963512,-45.8208931854378,7.84126226077024));
#11805=CARTESIAN_POINT('Ctrl Pts',(152.185843130044,-45.6022733108746,7.70242306062405));
#11806=CARTESIAN_POINT('Ctrl Pts',(151.234390857572,-45.319778724446,7.48028987470054));
#11807=CARTESIAN_POINT('Ctrl Pts',(150.671006341161,-45.1996975862163,7.35046720089063));
#11808=CARTESIAN_POINT('Ctrl Pts',(150.000000000013,-45.1861563653853,7.36828032633561));
#11809=CARTESIAN_POINT('Ctrl Pts',(150.000000000013,-45.1861563653853,7.36828032633561));
#11810=CARTESIAN_POINT('Ctrl Pts',(149.720188722528,-45.1918030874298,7.36085220966645));
#11811=CARTESIAN_POINT('Ctrl Pts',(149.235400777862,-45.2092491683009,7.38192992124305));
#11812=CARTESIAN_POINT('Ctrl Pts',(147.963883245431,-45.5408440045618,7.66064481304604));
#11813=CARTESIAN_POINT('Ctrl Pts',(147.38062259965,-45.7772190165672,7.82762629606911));
#11814=CARTESIAN_POINT('Ctrl Pts',(146.797069892324,-46.1028374073755,7.92407291711338));
#11815=CARTESIAN_POINT('Origin',(145.981730058172,-46.6997771885187,6.4));
#11816=CARTESIAN_POINT('',(146.69480518496,-44.9930933209946,6.4));
#11817=CARTESIAN_POINT('Ctrl Pts',(146.69480518496,-44.9930933209946,6.40000000000001));
#11818=CARTESIAN_POINT('Ctrl Pts',(146.696597718206,-44.9930209432053,6.46307287707346));
#11819=CARTESIAN_POINT('Ctrl Pts',(146.698540893456,-44.9966794171315,6.526145548663));
#11820=CARTESIAN_POINT('Ctrl Pts',(146.700633659489,-45.0040427078868,6.58877787670443));
#11821=CARTESIAN_POINT('Ctrl Pts',(146.702726367392,-45.0114057941177,6.65140846505658));
#11822=CARTESIAN_POINT('Ctrl Pts',(146.704968655803,-45.0224734426856,6.71359832629323));
#11823=CARTESIAN_POINT('Ctrl Pts',(146.707357386036,-45.0371679198142,6.77491350689593));
#11824=CARTESIAN_POINT('Ctrl Pts',(146.709746056448,-45.0518620289516,6.83622715199292));
#11825=CARTESIAN_POINT('Ctrl Pts',(146.712281157454,-45.0701826885908,6.89666576087954));
#11826=CARTESIAN_POINT('Ctrl Pts',(146.714957507102,-45.0920015607269,6.95580762114808));
#11827=CARTESIAN_POINT('Ctrl Pts',(146.717634441878,-45.1138252030978,7.01496241153332));
#11828=CARTESIAN_POINT('Ctrl Pts',(146.720452681373,-45.1391484468126,7.07281949999886));
#11829=CARTESIAN_POINT('Ctrl Pts',(146.723405067641,-45.1677940156641,7.12897501061132));
#11830=CARTESIAN_POINT('Ctrl Pts',(146.726357222606,-45.1964373402977,7.18512612175766));
#11831=CARTESIAN_POINT('Ctrl Pts',(146.729443495742,-45.2284022817213,7.23957555592987));
#11832=CARTESIAN_POINT('Ctrl Pts',(146.732654858503,-45.263465235844,7.29194328402054));
#11833=CARTESIAN_POINT('Ctrl Pts',(146.735866004814,-45.2985258266852,7.34430748246893));
#11834=CARTESIAN_POINT('Ctrl Pts',(146.739202214623,-45.3366837831763,7.39458991451624));
#11835=CARTESIAN_POINT('Ctrl Pts',(146.742652715561,-45.3776723130862,7.44243968179903));
#11836=CARTESIAN_POINT('Ctrl Pts',(146.746103021671,-45.4186585286445,7.49028674732152));
#11837=CARTESIAN_POINT('Ctrl Pts',(146.749667595187,-45.4624747301002,7.53570111136263));
#11838=CARTESIAN_POINT('Ctrl Pts',(146.753334070778,-45.5088146734305,7.57836588331849));
#11839=CARTESIAN_POINT('Ctrl Pts',(146.75700118762,-45.5551627214278,7.62103811716883));
#11840=CARTESIAN_POINT('Ctrl Pts',(146.760770230011,-45.6040350926335,7.66095951782485));
#11841=CARTESIAN_POINT('Ctrl Pts',(146.764627403258,-45.6550901429667,7.69785142602829));
#11842=CARTESIAN_POINT('Ctrl Pts',(146.768484042482,-45.7061381247623,7.73473822657173));
#11843=CARTESIAN_POINT('Ctrl Pts',(146.77242877468,-45.7593678474875,7.76859613404523));
#11844=CARTESIAN_POINT('Ctrl Pts',(146.77644658123,-45.8144073547572,7.79918887886938));
#11845=CARTESIAN_POINT('Ctrl Pts',(146.780464739075,-45.8694516743817,7.82978429855651));
#11846=CARTESIAN_POINT('Ctrl Pts',(146.784555969561,-45.9263057362015,7.85711378453424));
#11847=CARTESIAN_POINT('Ctrl Pts',(146.788704230056,-45.9845722228511,7.88098659102182));
#11848=CARTESIAN_POINT('Ctrl Pts',(146.791469120327,-46.0234078847393,7.89689824614957));
#11849=CARTESIAN_POINT('Ctrl Pts',(146.794259325184,-46.0628704964161,7.91127523130213));
#11850=CARTESIAN_POINT('Ctrl Pts',(146.797069892324,-46.1028374073755,7.92407291711337));
#11851=CARTESIAN_POINT('',(143.390696242404,-45.4244981454045,6.4));
#11852=CARTESIAN_POINT('',(145.774582413961,-45.1132432766537,6.4));
#11853=CARTESIAN_POINT('Ctrl Pts',(143.390696242404,-45.4244981454045,6.4));
#11854=CARTESIAN_POINT('Ctrl Pts',(143.3927319048,-45.4242323567778,6.46307827445426));
#11855=CARTESIAN_POINT('Ctrl Pts',(143.39525106683,-45.4276696687509,6.52615634333671));
#11856=CARTESIAN_POINT('Ctrl Pts',(143.398250353927,-45.4347842356786,6.58879395573894));
#11857=CARTESIAN_POINT('Ctrl Pts',(143.401249536266,-45.4418985541115,6.65142938035974));
#11858=CARTESIAN_POINT('Ctrl Pts',(143.404728803815,-45.4526898222305,6.7136239710822));
#11859=CARTESIAN_POINT('Ctrl Pts',(143.408678081193,-45.467080873186,6.77494367345817));
#11860=CARTESIAN_POINT('Ctrl Pts',(143.412627231434,-45.4814714608561,6.83626140179293));
#11861=CARTESIAN_POINT('Ctrl Pts',(143.417046348739,-45.4994615038155,6.89670389859514));
#11862=CARTESIAN_POINT('Ctrl Pts',(143.421918799151,-45.5209236033956,6.95584936433714));
#11863=CARTESIAN_POINT('Ctrl Pts',(143.42679110603,-45.5423850707393,7.01499308775568));
#11864=CARTESIAN_POINT('Ctrl Pts',(143.432116700794,-45.5673182483384,7.07283947125177));
#11865=CARTESIAN_POINT('Ctrl Pts',(143.437872624541,-45.5955472950727,7.12898485607504));
#11866=CARTESIAN_POINT('Ctrl Pts',(143.443628394465,-45.6237755873987,7.18512874043844));
#11867=CARTESIAN_POINT('Ctrl Pts',(143.449814446107,-45.6552993868569,7.23957135137057));
#11868=CARTESIAN_POINT('Ctrl Pts',(143.456401817366,-45.6898968740875,7.29193280230237));
#11869=CARTESIAN_POINT('Ctrl Pts',(143.463221878059,-45.725716467895,7.34614384633114));
#11870=CARTESIAN_POINT('Ctrl Pts',(143.47047211356,-45.7648307500076,7.39812353373275));
#11871=CARTESIAN_POINT('Ctrl Pts',(143.478114063618,-45.8069451551944,7.44748314574661));
#11872=CARTESIAN_POINT('Ctrl Pts',(143.485496532329,-45.8476295716384,7.49516675903233));
#11873=CARTESIAN_POINT('Ctrl Pts',(143.493244498875,-45.8911133185415,7.54040508000164));
#11874=CARTESIAN_POINT('Ctrl Pts',(143.501318091448,-45.9370910196293,7.58288234059229));
#11875=CARTESIAN_POINT('Ctrl Pts',(143.509391088612,-45.983065329963,7.62535646857855));
#11876=CARTESIAN_POINT('Ctrl Pts',(143.517789624368,-46.0315329248283,7.66506966704235));
#11877=CARTESIAN_POINT('Ctrl Pts',(143.526469291359,-46.0821536903898,7.7017447746351));
#11878=CARTESIAN_POINT('Ctrl Pts',(143.535148413206,-46.1327712766133,7.73841757877464));
#11879=CARTESIAN_POINT('Ctrl Pts',(143.544108587642,-46.1855414311909,7.77205243513192));
#11880=CARTESIAN_POINT('Ctrl Pts',(143.553301492756,-46.2400940589176,7.80241463298139));
#11881=CARTESIAN_POINT('Ctrl Pts',(143.562493921022,-46.2946438569258,7.83277525590264));
#11882=CARTESIAN_POINT('Ctrl Pts',(143.571919009169,-46.3509755858431,7.85986336242283));
#11883=CARTESIAN_POINT('Ctrl Pts',(143.581525195626,-46.408694338072,7.88348994590898));
#11884=CARTESIAN_POINT('Ctrl Pts',(143.591132648926,-46.4664207021255,7.90711964521808));
#11885=CARTESIAN_POINT('Ctrl Pts',(143.60092119902,-46.5255340778731,7.92728675339519));
#11886=CARTESIAN_POINT('Ctrl Pts',(143.610836735926,-46.5856200395397,7.94385051787301));
#11887=CARTESIAN_POINT('Ctrl Pts',(143.620751082202,-46.6456987862591,7.96041229342226));
#11888=CARTESIAN_POINT('Ctrl Pts',(143.630792333422,-46.7067494918798,7.97337148367017));
#11889=CARTESIAN_POINT('Ctrl Pts',(143.640904627606,-46.7683443121691,7.9826376640415));
#11890=CARTESIAN_POINT('Ctrl Pts',(143.65101718045,-46.8299407079768,7.99190408143015));
#11891=CARTESIAN_POINT('Ctrl Pts',(143.661200727275,-46.8920808432893,7.99747723942461));
#11892=CARTESIAN_POINT('Ctrl Pts',(143.671398410673,-46.9543292499474,7.99931824854477));
#11893=CARTESIAN_POINT('Ctrl Pts',(143.673915795172,-46.96969579624,7.99977271723543));
#11894=CARTESIAN_POINT('Ctrl Pts',(143.676434038558,-46.985068920706,8.));
#11895=CARTESIAN_POINT('Ctrl Pts',(143.678952281969,-47.0004420453589,8.));
#11896=CARTESIAN_POINT('Origin',(149.262672568307,-46.4907133083168,6.4));
#11897=CARTESIAN_POINT('',(150.000000000014,-44.8596382263324,6.4));
#11898=CARTESIAN_POINT('Origin',(150.000000000013,-46.4609419611795,6.4));
#11899=CARTESIAN_POINT('',(149.198121364823,-44.8920159817009,6.4));
#11900=CARTESIAN_POINT('Origin',(150.,-48.2624086628824,3.));
#11901=CARTESIAN_POINT('',(152.75,-48.2624086628824,3.));
#11902=CARTESIAN_POINT('Origin',(150.,-48.2624086628824,3.));
#11903=CARTESIAN_POINT('',(152.75,-48.2624086628824,3.));
#11904=CARTESIAN_POINT('Origin',(118.367707509621,-79.4701776821164,6.4));
#11905=CARTESIAN_POINT('',(116.955475640022,-77.724149387714,6.4));
#11906=CARTESIAN_POINT('Origin',(118.538440690828,-77.9647916822633,6.4));
#11907=CARTESIAN_POINT('',(116.492193983485,-81.8089893397998,6.4));
#11908=CARTESIAN_POINT('',(116.777899637873,-79.2898698039528,6.4));
#11909=CARTESIAN_POINT('Origin',(118.088805014083,-81.9293125095744,6.4));
#11910=CARTESIAN_POINT('Origin',(118.849490069068,-76.3368837664768,6.4));
#11911=CARTESIAN_POINT('',(117.711993874268,-73.7648358249168,6.4));
#11912=CARTESIAN_POINT('Origin',(119.272033685237,-74.1254596465575,6.4));
#11913=CARTESIAN_POINT('',(117.277921044386,-76.0365992336426,6.4));
#11914=CARTESIAN_POINT('Origin',(119.50927708986,-73.2531493838363,6.4));
#11915=CARTESIAN_POINT('',(118.749859486322,-69.9487515541775,6.4));
#11916=CARTESIAN_POINT('Origin',(120.277353219009,-70.4290426775988,6.4));
#11917=CARTESIAN_POINT('',(117.965359100823,-72.8332479154804,6.4));
#11918=CARTESIAN_POINT('Origin',(120.353794961,-70.2154870686565,6.4));
#11919=CARTESIAN_POINT('',(120.058291363163,-66.2933800393398,6.4));
#11920=CARTESIAN_POINT('Origin',(121.54303766302,-66.8930948416448,6.4));
#11921=CARTESIAN_POINT('',(118.847392316325,-69.6762736859263,6.4));
#11922=CARTESIAN_POINT('Origin',(121.394927820244,-67.2212047943798,6.4));
#11923=CARTESIAN_POINT('',(121.627833048125,-62.8163508398219,6.4));
#11924=CARTESIAN_POINT('Origin',(123.058763199882,-63.5352853609416,6.4));
#11925=CARTESIAN_POINT('',(119.93662010404,-66.562920201774,6.4));
#11926=CARTESIAN_POINT('Origin',(122.650747466327,-64.2696233692346,6.4));
#11927=CARTESIAN_POINT('',(123.450524660118,-59.5359093813008,6.4));
#11928=CARTESIAN_POINT('Origin',(124.815379003876,-60.3737657312896,6.4));
#11929=CARTESIAN_POINT('',(121.252136394203,-63.492521658433,6.4));
#11930=CARTESIAN_POINT('Origin',(124.130667441626,-61.3876612150187,6.4));
#11931=CARTESIAN_POINT('',(125.488121592699,-56.5187114230604,6.4));
#11932=CARTESIAN_POINT('Origin',(126.779998221305,-57.4646304667229,6.4));
#11933=CARTESIAN_POINT('',(122.804711003063,-60.4922062898373,6.4));
#11934=CARTESIAN_POINT('Origin',(125.241351542579,-59.4065224488112,6.4));
#11935=CARTESIAN_POINT('',(126.722717371977,-54.9605553642015,6.4));
#11936=CARTESIAN_POINT('Origin',(127.945075345604,-55.9942123665359,6.4));
#11937=CARTESIAN_POINT('',(123.987291777327,-58.4128755773443,6.4));
#11938=CARTESIAN_POINT('Origin',(126.386851309673,-57.7219988292196,6.4));
#11939=CARTESIAN_POINT('',(127.996652262953,-53.5479937503301,6.4));
#11940=CARTESIAN_POINT('Origin',(129.149721611504,-54.6584792097176,6.4));
#11941=CARTESIAN_POINT('',(125.198681064216,-56.6504338672082,6.4));
#11942=CARTESIAN_POINT('Origin',(127.666777714545,-56.1006607753274,6.4));
#11943=CARTESIAN_POINT('',(129.33944454536,-52.2421113901797,6.4));
#11944=CARTESIAN_POINT('Origin',(130.416717724742,-53.4263095760862,6.4));
#11945=CARTESIAN_POINT('',(126.551281095717,-54.9536353643696,6.4));
#11946=CARTESIAN_POINT('Origin',(129.077583471214,-54.5653731261788,6.4));
#11947=CARTESIAN_POINT('',(130.745884423325,-51.045797879294,6.4));
#11948=CARTESIAN_POINT('Origin',(131.74162465612,-52.2993477432299,6.4));
#11949=CARTESIAN_POINT('',(128.040923672833,-53.3466293210986,6.4));
#11950=CARTESIAN_POINT('Origin',(130.6092304535,-53.1384504000024,6.4));
#11951=CARTESIAN_POINT('',(132.209467972961,-49.9612843396922,6.4));
#11952=CARTESIAN_POINT('Origin',(133.118989276106,-51.2787223202984,6.4));
#11953=CARTESIAN_POINT('',(129.656652242317,-51.8529175332194,6.4));
#11954=CARTESIAN_POINT('Origin',(132.245514608419,-51.83952115541,6.4));
#11955=CARTESIAN_POINT('',(133.722670808986,-48.9897594413491,6.4));
#11956=CARTESIAN_POINT('Origin',(134.542558850288,-50.3647448594345,6.4));
#11957=CARTESIAN_POINT('',(131.381088546888,-50.4931305790366,6.4));
#11958=CARTESIAN_POINT('Origin',(133.96527417857,-50.6835875998579,6.4));
#11959=CARTESIAN_POINT('',(135.277373530624,-48.1310744621775,6.4));
#11960=CARTESIAN_POINT('Origin',(136.005613848327,-49.5566782541392,6.4));
#11961=CARTESIAN_POINT('',(133.191716534102,-49.28301322815,6.4));
#11962=CARTESIAN_POINT('Origin',(135.744373498508,-49.6796423321679,6.4));
#11963=CARTESIAN_POINT('',(136.865334833995,-47.3836317422856,6.4));
#11964=CARTESIAN_POINT('Origin',(137.501339626646,-48.8526501763854,6.4));
#11965=CARTESIAN_POINT('',(135.062973741112,-48.2319910030763,6.4));
#11966=CARTESIAN_POINT('Origin',(137.557762153095,-48.8302950773611,6.4));
#11967=CARTESIAN_POINT('',(138.478634396029,-46.7444283294798,6.4));
#11968=CARTESIAN_POINT('Origin',(139.023173121215,-48.2496864204022,6.4));
#11969=CARTESIAN_POINT('',(136.96840186751,-47.3427956811343,6.4));
#11970=CARTESIAN_POINT('Origin',(139.429644715007,-48.1163435596186,6.4));
#11971=CARTESIAN_POINT('',(140.206087030235,-46.1777381114393,6.4));
#11972=CARTESIAN_POINT('Origin',(140.640370050727,-47.719165546803,6.4));
#11973=CARTESIAN_POINT('',(138.930915477496,-46.596057682669,6.4));
#11974=CARTESIAN_POINT('Origin',(152.389925338418,-46.5574408758043,6.4));
#11975=CARTESIAN_POINT('',(153.305194815048,-44.9930933209954,6.4));
#11976=CARTESIAN_POINT('Origin',(153.169073125307,-46.5889008191585,6.4));
#11977=CARTESIAN_POINT('',(152.454476541903,-44.9587435491884,6.4));
#11978=CARTESIAN_POINT('Origin',(147.142476744909,-122.808810038105,6.4));
#11979=CARTESIAN_POINT('',(144.459204440974,-124.396045521885,6.4));
#11980=CARTESIAN_POINT('',(149.999999996999,-124.42244096783,6.4));
#11981=CARTESIAN_POINT('',(147.134854692467,-124.408791883101,6.4));
#11982=CARTESIAN_POINT('Ctrl Pts',(149.999999996999,-124.42244096783,6.40000000000001));
#11983=CARTESIAN_POINT('Ctrl Pts',(149.99980870272,-124.422440056535,6.46307827445427));
#11984=CARTESIAN_POINT('Ctrl Pts',(149.999635198939,-124.418704656059,6.52615634333673));
#11985=CARTESIAN_POINT('Ctrl Pts',(149.999479361487,-124.411260831122,6.58879395573897));
#11986=CARTESIAN_POINT('Ctrl Pts',(149.999323529478,-124.40381726618,6.65142938035976));
#11987=CARTESIAN_POINT('Ctrl Pts',(149.999185362331,-124.392665584633,6.71362397108223));
#11988=CARTESIAN_POINT('Ctrl Pts',(149.99906448932,-124.37788360742,6.77494367345819));
#11989=CARTESIAN_POINT('Ctrl Pts',(149.998943620201,-124.363102106077,6.83626140179296));
#11990=CARTESIAN_POINT('Ctrl Pts',(149.998840043644,-124.344690639392,6.89670389859519));
#11991=CARTESIAN_POINT('Ctrl Pts',(149.998753147599,-124.322777685902,6.95584936433719));
#11992=CARTESIAN_POINT('Ctrl Pts',(149.998666254114,-124.300865377929,7.01499308775572));
#11993=CARTESIAN_POINT('Ctrl Pts',(149.998596039477,-124.275451932454,7.07283947125179));
#11994=CARTESIAN_POINT('Ctrl Pts',(149.998541658909,-124.246714681076,7.12898485607504));
#11995=CARTESIAN_POINT('Ctrl Pts',(149.998487279794,-124.217978197688,7.18512874043842));
#11996=CARTESIAN_POINT('Ctrl Pts',(149.998448733008,-124.185918273469,7.23957135137055));
#11997=CARTESIAN_POINT('Ctrl Pts',(149.998424952885,-124.150758607987,7.29193280230234));
#11998=CARTESIAN_POINT('Ctrl Pts',(149.998400332762,-124.114356977788,7.34614384633111));
#11999=CARTESIAN_POINT('Ctrl Pts',(149.998391541036,-124.074632732526,7.39812353373272));
#12000=CARTESIAN_POINT('Ctrl Pts',(149.998397162551,-124.031882934255,7.44748314574659));
#12001=CARTESIAN_POINT('Ctrl Pts',(149.998402593187,-123.99058469941,7.4951667590323));
#12002=CARTESIAN_POINT('Ctrl Pts',(149.998421472414,-123.946463406149,7.54040508000162));
#12003=CARTESIAN_POINT('Ctrl Pts',(149.998452333136,-123.899827019205,7.58288234059227));
#12004=CARTESIAN_POINT('Ctrl Pts',(149.998483191583,-123.853194071593,7.62535646857853));
#12005=CARTESIAN_POINT('Ctrl Pts',(149.998526028308,-123.804046705628,7.66506966704232));
#12006=CARTESIAN_POINT('Ctrl Pts',(149.998579209331,-123.752727918052,7.70174477463507));
#12007=CARTESIAN_POINT('Ctrl Pts',(149.998632387015,-123.701412353655,7.73841757877461));
#12008=CARTESIAN_POINT('Ctrl Pts',(149.998695906102,-123.647925975094,7.77205243513191));
#12009=CARTESIAN_POINT('Ctrl Pts',(149.998767988577,-123.592642014611,7.80241463298138));
#12010=CARTESIAN_POINT('Ctrl Pts',(149.998840067313,-123.537360921783,7.83277525590262));
#12011=CARTESIAN_POINT('Ctrl Pts',(149.998920706831,-123.480282793869,7.85986336242281));
#12012=CARTESIAN_POINT('Ctrl Pts',(149.999008009909,-123.421805885821,7.88348994590896));
#12013=CARTESIAN_POINT('Ctrl Pts',(149.9990953245,-123.363321265965,7.90711964521806));
#12014=CARTESIAN_POINT('Ctrl Pts',(149.999189302596,-123.303437877692,7.92728675339518));
#12015=CARTESIAN_POINT('Ctrl Pts',(149.999287953205,-123.242573659571,7.943850517873));
#12016=CARTESIAN_POINT('Ctrl Pts',(149.999386591968,-123.181716749849,7.96041229342225));
#12017=CARTESIAN_POINT('Ctrl Pts',(149.999489900233,-123.119879642613,7.97337148367016));
#12018=CARTESIAN_POINT('Ctrl Pts',(149.999595822542,-123.057493808631,7.9826376640415));
#12019=CARTESIAN_POINT('Ctrl Pts',(149.999701747561,-122.995106378897,7.99190408143014));
#12020=CARTESIAN_POINT('Ctrl Pts',(149.999810284821,-122.932170600761,7.99747723942461));
#12021=CARTESIAN_POINT('Ctrl Pts',(149.999919342241,-122.869125633539,7.99931824854477));
#12022=CARTESIAN_POINT('Ctrl Pts',(149.999946263989,-122.853562449526,7.99977271723543));
#12023=CARTESIAN_POINT('Ctrl Pts',(149.999973217339,-122.837992631581,8.));
#12024=CARTESIAN_POINT('Ctrl Pts',(150.000000170691,-122.822422813447,8.));
#12025=CARTESIAN_POINT('Origin',(144.514142940232,-122.796289084722,6.4));
#12026=CARTESIAN_POINT('Origin',(155.670324740619,-46.9154796434868,6.4));
#12027=CARTESIAN_POINT('',(156.60930342937,-45.4244981025505,6.4));
#12028=CARTESIAN_POINT('Origin',(156.320834363561,-47.0004141884858,6.4));
#12029=CARTESIAN_POINT('',(155.877472384832,-45.3289457316219,6.4));
#12030=CARTESIAN_POINT('Origin',(159.096179596499,-47.656852695356,6.4));
#12031=CARTESIAN_POINT('',(159.793913655503,-46.1777380083455,6.4));
#12032=CARTESIAN_POINT('Origin',(159.359630702961,-47.7191654660004,6.4));
#12033=CARTESIAN_POINT('',(159.464458261004,-46.0998135740522,6.4));
#12034=CARTESIAN_POINT('Origin',(161.434083108325,-48.399688834708,6.4));
#12035=CARTESIAN_POINT('',(161.521367616408,-46.7444286616102,6.4));
#12036=CARTESIAN_POINT('Origin',(160.976828672323,-48.2496866807228,6.4));
#12037=CARTESIAN_POINT('',(161.932812345836,-46.8794029577587,6.4));
#12038=CARTESIAN_POINT('Origin',(163.248893301496,-49.149899337701,6.4));
#12039=CARTESIAN_POINT('',(163.13466613013,-47.3836321960913,6.4));
#12040=CARTESIAN_POINT('Origin',(162.498661129021,-48.852650532072,6.4));
#12041=CARTESIAN_POINT('',(163.838254015048,-47.6624001110387,6.4));
#12042=CARTESIAN_POINT('Origin',(165.049606935423,-50.0533635896203,6.4));
#12043=CARTESIAN_POINT('',(164.722625215202,-48.1310738718472,6.4));
#12044=CARTESIAN_POINT('Origin',(163.994385168673,-49.5566777914482,6.4));
#12045=CARTESIAN_POINT('',(165.731006692821,-48.6057122605294,6.4));
#12046=CARTESIAN_POINT('Origin',(166.812072014479,-51.112925939248,6.4));
#12047=CARTESIAN_POINT('',(166.27732902453,-48.989758692428,6.4));
#12048=CARTESIAN_POINT('Origin',(165.457441235445,-50.3647442724452,6.4));
#12049=CARTESIAN_POINT('',(167.585629134784,-49.7123512780376,6.4));
#12050=CARTESIAN_POINT('Origin',(168.51108780961,-52.3252836045939,6.4));
#12051=CARTESIAN_POINT('',(167.790533027054,-49.9612843397022,6.4));
#12052=CARTESIAN_POINT('Origin',(166.881011723908,-51.2787223203078,6.4));
#12053=CARTESIAN_POINT('',(169.375513871141,-50.978893028221,6.4));
#12054=CARTESIAN_POINT('Origin',(170.122562321334,-53.6807071698174,6.4));
#12055=CARTESIAN_POINT('',(169.254116576692,-51.0457978793069,6.4));
#12056=CARTESIAN_POINT('Origin',(168.258376343896,-52.2993477432425,6.4));
#12057=CARTESIAN_POINT('',(171.075140532518,-52.3951743030349,6.4));
#12058=CARTESIAN_POINT('Origin',(171.625638178392,-55.1635304860777,6.4));
#12059=CARTESIAN_POINT('',(170.660557875872,-52.2421125990758,6.4));
#12060=CARTESIAN_POINT('Origin',(169.583284389197,-53.4263105235998,6.4));
#12061=CARTESIAN_POINT('',(172.662297976774,-53.9447866809982,6.4));
#12062=CARTESIAN_POINT('Origin',(173.004623753354,-56.753609380703,6.4));
#12063=CARTESIAN_POINT('',(172.003347601551,-53.5479937888776,6.4));
#12064=CARTESIAN_POINT('Origin',(170.850278282299,-54.658479239933,6.4));
#12065=CARTESIAN_POINT('',(174.120120949959,-55.6065845316411,6.4));
#12066=CARTESIAN_POINT('Origin',(174.250111898808,-58.4282711323216,6.4));
#12067=CARTESIAN_POINT('',(173.277282428251,-54.9605538499946,6.4));
#12068=CARTESIAN_POINT('Origin',(172.054924714036,-55.9942111797277,6.4));
#12069=CARTESIAN_POINT('',(175.438281585325,-57.3567055505471,6.4));
#12070=CARTESIAN_POINT('Origin',(175.375947660956,-60.1856008744064,6.4));
#12071=CARTESIAN_POINT('',(174.511880035084,-56.5187122153723,6.4));
#12072=CARTESIAN_POINT('Origin',(173.220003270742,-57.4646310877248,6.4));
#12073=CARTESIAN_POINT('',(176.630007426209,-59.1919540029402,6.4));
#12074=CARTESIAN_POINT('Origin',(176.888132935884,-62.8962646307751,6.4));
#12075=CARTESIAN_POINT('',(176.549475250479,-59.5359094056114,6.4));
#12076=CARTESIAN_POINT('Origin',(175.184620926051,-60.373765750344,6.4));
#12077=CARTESIAN_POINT('',(178.214089618739,-62.000810067332,6.4));
#12078=CARTESIAN_POINT('Origin',(178.260597623721,-65.9098393059783,6.4));
#12079=CARTESIAN_POINT('',(178.372167525127,-62.8163498944422,6.4));
#12080=CARTESIAN_POINT('Origin',(176.94123746564,-63.5352846199674,6.4));
#12081=CARTESIAN_POINT('',(179.659208478375,-65.1327372037773,6.4));
#12082=CARTESIAN_POINT('Origin',(179.389844022238,-68.9597193941403,6.4));
#12083=CARTESIAN_POINT('',(179.941709636838,-66.2933800393428,6.4));
#12084=CARTESIAN_POINT('Origin',(178.456963336981,-66.8930948416478,6.4));
#12085=CARTESIAN_POINT('',(180.848151738441,-68.3014348015345,6.4));
#12086=CARTESIAN_POINT('Origin',(180.300421977421,-72.0431728260752,6.4));
#12087=CARTESIAN_POINT('',(181.250141513679,-69.9487515541787,6.4));
#12088=CARTESIAN_POINT('Origin',(179.722647780992,-70.4290426776002,6.4));
#12089=CARTESIAN_POINT('',(181.806824622096,-71.5039594433449,6.4));
#12090=CARTESIAN_POINT('Origin',(181.00965685396,-75.1611920258506,6.4));
#12091=CARTESIAN_POINT('',(182.288007401317,-73.7648368382035,6.4));
#12092=CARTESIAN_POINT('Origin',(180.727967530762,-74.1254604407546,6.4));
#12093=CARTESIAN_POINT('',(182.553574842997,-74.7412905574948,6.4));
#12094=CARTESIAN_POINT('Origin',(181.528769718252,-78.316544928539,6.4));
#12095=CARTESIAN_POINT('',(183.044524283726,-77.7241494126971,6.4));
#12096=CARTESIAN_POINT('Origin',(181.461559249407,-77.9647917018469,6.4));
#12097=CARTESIAN_POINT('',(183.100338828032,-78.016260841074,6.4));
#12098=CARTESIAN_POINT('Origin',(181.863933725108,-81.5125929227887,6.4));
#12099=CARTESIAN_POINT('',(183.507806977637,-81.8089883037254,6.4));
#12100=CARTESIAN_POINT('Origin',(181.911195955445,-81.9293116975155,6.4));
#12101=CARTESIAN_POINT('',(183.453741546403,-81.3322845997681,6.4));
#12102=CARTESIAN_POINT('Origin',(182.017115493401,-84.7520174461816,6.4));
#12103=CARTESIAN_POINT('',(183.665070986699,-86.0000000000035,6.4));
#12104=CARTESIAN_POINT('Origin',(182.063944935521,-86.0000000000032,6.4));
#12105=CARTESIAN_POINT('',(183.61599023416,-84.6920210849347,6.4));
#12106=CARTESIAN_POINT('Origin',(181.989309230537,-87.989006349351,6.4));
#12107=CARTESIAN_POINT('',(183.507806977637,-90.1910116962812,6.4));
#12108=CARTESIAN_POINT('',(183.588183971296,-88.0490027105981,6.4));
#12109=CARTESIAN_POINT('Origin',(181.911195955445,-90.0706883024908,6.4));
#12110=CARTESIAN_POINT('Origin',(181.784173842331,-91.1906629410596,6.4));
#12111=CARTESIAN_POINT('',(183.044524283722,-94.2758505873246,6.4));
#12112=CARTESIAN_POINT('',(183.373981663625,-91.3709712640807,6.4));
#12113=CARTESIAN_POINT('Origin',(181.461559249404,-94.0352082981751,6.4));
#12114=CARTESIAN_POINT('Origin',(181.400551671018,-94.3544980296526,6.4));
#12115=CARTESIAN_POINT('',(182.972120780798,-94.654782117118,6.4));
#12116=CARTESIAN_POINT('Origin',(179.113709131169,-103.65200636533,6.4));
#12117=CARTESIAN_POINT('',(178.372167525129,-109.183650105554,6.4));
#12118=CARTESIAN_POINT('Origin',(176.941237465641,-108.464715380029,6.4));
#12119=CARTESIAN_POINT('',(180.572016847372,-104.310290957936,6.4));
#12120=CARTESIAN_POINT('Origin',(177.925114718023,-106.693955268931,6.4));
#12121=CARTESIAN_POINT('',(176.549475250479,-112.46409059439,6.4));
#12122=CARTESIAN_POINT('Origin',(175.184620926051,-111.626234249657,6.4));
#12123=CARTESIAN_POINT('',(179.323725572676,-107.471057371132,6.4));
#12124=CARTESIAN_POINT('Origin',(176.484935196837,-109.700775976787,6.4));
#12125=CARTESIAN_POINT('',(174.484886791554,-115.521258401911,6.4));
#12126=CARTESIAN_POINT('',(177.810891879692,-110.59623054023,6.4));
#12127=CARTESIAN_POINT('Origin',(173.198846404191,-114.56669723393,6.4));
#12128=CARTESIAN_POINT('Origin',(175.256534850037,-112.038045351866,6.4));
#12129=CARTESIAN_POINT('',(173.147977905814,-117.16415880158,6.4));
#12130=CARTESIAN_POINT('',(176.4975581708,-113.04792708619,6.4));
#12131=CARTESIAN_POINT('Origin',(171.953910250503,-116.096574195833,6.4));
#12132=CARTESIAN_POINT('Origin',(173.73420014441,-114.282481258226,6.4));
#12133=CARTESIAN_POINT('',(171.703259692012,-118.636308431514,6.4));
#12134=CARTESIAN_POINT('',(174.876160369691,-115.403162677665,6.4));
#12135=CARTESIAN_POINT('Origin',(170.615771109955,-117.460121094971,6.4));
#12136=CARTESIAN_POINT('Origin',(171.89708834984,-116.385982334346,6.4));
#12137=CARTESIAN_POINT('',(170.157236581802,-119.932352296223,6.4));
#12138=CARTESIAN_POINT('',(172.924978959498,-117.612131140395,6.4));
#12139=CARTESIAN_POINT('Origin',(169.189866077629,-118.655468988931,6.4));
#12140=CARTESIAN_POINT('Origin',(169.784061067848,-118.249802695409,6.4));
#12141=CARTESIAN_POINT('',(168.53123028558,-121.042452445652,6.4));
#12142=CARTESIAN_POINT('',(170.686209504819,-119.571214136888,6.4));
#12143=CARTESIAN_POINT('Origin',(167.693245791401,-119.677235268214,6.4));
#12144=CARTESIAN_POINT('Origin',(167.47864967668,-119.795025695051,6.4));
#12145=CARTESIAN_POINT('',(166.853185991905,-121.963520163305,6.4));
#12146=CARTESIAN_POINT('',(168.248527932636,-121.19762594851,6.4));
#12147=CARTESIAN_POINT('Origin',(166.148152480142,-120.525327046914,6.4));
#12148=CARTESIAN_POINT('Origin',(165.092118617214,-120.983804576499,6.4));
#12149=CARTESIAN_POINT('',(165.152943635726,-122.701681071323,6.4));
#12150=CARTESIAN_POINT('',(165.729299963761,-122.451455737918,6.4));
#12151=CARTESIAN_POINT('Origin',(164.578313011786,-121.206873488334,6.4));
#12152=CARTESIAN_POINT('Origin',(162.737509736559,-121.825914485217,6.4));
#12153=CARTESIAN_POINT('',(163.457307051455,-123.27190417751,6.4));
#12154=CARTESIAN_POINT('',(163.247505868812,-123.34245790533,6.4));
#12155=CARTESIAN_POINT('Origin',(163.005075256546,-121.735935274264,6.4));
#12156=CARTESIAN_POINT('Origin',(160.456686055187,-122.381940169823,6.4));
#12157=CARTESIAN_POINT('',(161.68628672915,-123.720849651668,6.4));
#12158=CARTESIAN_POINT('',(160.849843210884,-123.932884221337,6.4));
#12159=CARTESIAN_POINT('Origin',(161.366083544469,-122.151412105361,6.4));
#12160=CARTESIAN_POINT('Origin',(157.160856319924,-122.8052974751,6.4));
#12161=CARTESIAN_POINT('',(158.604689011521,-124.200017971329,6.4));
#12162=CARTESIAN_POINT('',(157.406691689931,-124.386298730904,6.4));
#12163=CARTESIAN_POINT('Origin',(158.430336144167,-122.607901653204,6.4));
#12164=CARTESIAN_POINT('Origin',(153.946028042567,-122.89480727136,6.4));
#12165=CARTESIAN_POINT('',(155.540796649696,-124.396045521648,6.4));
#12166=CARTESIAN_POINT('',(154.048187018089,-124.491542548017,6.4));
#12167=CARTESIAN_POINT('Origin',(155.485858130844,-122.796289084535,6.4));
#12168=CARTESIAN_POINT('Origin',(150.087125957605,-122.822007758845,6.4));
#12169=CARTESIAN_POINT('',(150.094748008607,-124.421989603848,6.4));
#12170=CARTESIAN_POINT('Origin',(144.522026675092,-122.796793485149,6.4));
#12171=CARTESIAN_POINT('',(141.395310848063,-124.200017970852,6.4));
#12172=CARTESIAN_POINT('',(144.419867740081,-124.393528764398,6.4));
#12173=CARTESIAN_POINT('Origin',(141.56966374578,-122.60790165283,6.4));
#12174=CARTESIAN_POINT('Origin',(141.298344523215,-122.565713268137,6.4));
#12175=CARTESIAN_POINT('',(138.313714044143,-123.720849594198,6.4));
#12176=CARTESIAN_POINT('',(141.052509053488,-124.146714508435,6.4));
#12177=CARTESIAN_POINT('Origin',(138.633917277843,-122.151412060318,6.4));
#12178=CARTESIAN_POINT('Origin',(138.657805264028,-122.157467554515,6.4));
#12179=CARTESIAN_POINT('',(136.542694909254,-123.271904421046,6.4));
#12180=CARTESIAN_POINT('',(138.264648108332,-123.708411606028,6.4));
#12181=CARTESIAN_POINT('Origin',(136.994926496444,-121.735935465145,6.4));
#12182=CARTESIAN_POINT('Origin',(142.496124264508,-47.2802331228135,6.4));
#12183=CARTESIAN_POINT('',(142.127845461064,-45.7231940343722,6.4));
#12184=CARTESIAN_POINT('Origin',(136.414677151259,-121.540804448205,6.4));
#12185=CARTESIAN_POINT('',(134.847056103911,-122.701681072766,6.4));
#12186=CARTESIAN_POINT('',(135.904681424641,-123.057348004728,6.4));
#12187=CARTESIAN_POINT('Origin',(135.421686784147,-121.206873489465,6.4));
#12188=CARTESIAN_POINT('Origin',(134.057755557533,-120.614721654922,6.4));
#12189=CARTESIAN_POINT('',(133.146815275295,-121.963520155129,6.4));
#12190=CARTESIAN_POINT('',(133.420573722321,-122.082372604186,6.4));
#12191=CARTESIAN_POINT('Origin',(133.851848729288,-120.525327040507,6.4));
#12192=CARTESIAN_POINT('Origin',(131.682335555989,-119.334496336637,6.4));
#12193=CARTESIAN_POINT('',(131.468770929683,-121.04245327533,6.4));
#12194=CARTESIAN_POINT('',(130.912457856523,-120.73709689555,6.4));
#12195=CARTESIAN_POINT('Origin',(132.306755161105,-119.677235918503,6.4));
#12196=CARTESIAN_POINT('Origin',(129.402936125089,-117.694752853535,6.4));
#12197=CARTESIAN_POINT('',(129.842763418199,-119.932352296224,6.4));
#12198=CARTESIAN_POINT('',(128.500787688118,-119.016164295014,6.4));
#12199=CARTESIAN_POINT('Origin',(130.810133922372,-118.655468988932,6.4));
#12200=CARTESIAN_POINT('Origin',(127.329900388697,-115.737960648155,6.4));
#12201=CARTESIAN_POINT('',(128.296740307989,-118.636308431515,6.4));
#12202=CARTESIAN_POINT('',(126.302009779039,-116.964109454204,6.4));
#12203=CARTESIAN_POINT('Origin',(129.384228890045,-117.460121094971,6.4));
#12204=CARTESIAN_POINT('Origin',(125.54344029655,-113.546405982539,6.4));
#12205=CARTESIAN_POINT('',(126.852020699306,-117.164157380217,6.4));
#12206=CARTESIAN_POINT('',(124.40148007127,-114.667087401978,6.4));
#12207=CARTESIAN_POINT('Origin',(128.046088656214,-116.096573081793,6.4));
#12208=CARTESIAN_POINT('Origin',(124.075007327465,-111.216585874759,6.4));
#12209=CARTESIAN_POINT('',(125.515113732473,-115.52125753631,6.4));
#12210=CARTESIAN_POINT('',(122.833983464317,-112.226466942557,6.4));
#12211=CARTESIAN_POINT('Origin',(126.80115422275,-114.566696555488,6.4));
#12212=CARTESIAN_POINT('Origin',(122.482772346691,-108.172196852921,6.4));
#12213=CARTESIAN_POINT('',(121.156815908128,-109.067651778102,6.4));
#12214=CARTESIAN_POINT('Origin',(119.269204946213,-98.7544893470043,6.4));
#12215=CARTESIAN_POINT('',(118.749859486323,-102.051248445824,6.4));
#12216=CARTESIAN_POINT('Origin',(120.277353219009,-101.570957322402,6.4));
#12217=CARTESIAN_POINT('',(117.762802301538,-99.2937027297345,6.4));
#12218=CARTESIAN_POINT('Origin',(118.646852785393,-95.575839085619,6.4));
#12219=CARTESIAN_POINT('',(117.71199387427,-98.2351641750927,6.4));
#12220=CARTESIAN_POINT('Origin',(119.272033685239,-97.8745403534521,6.4));
#12221=CARTESIAN_POINT('',(117.102934796355,-95.9957405539752,6.4));
#12222=CARTESIAN_POINT('Origin',(118.221190200664,-92.3748462647832,6.4));
#12223=CARTESIAN_POINT('',(116.955475640023,-94.2758506122948,6.4));
#12224=CARTESIAN_POINT('',(116.649621175982,-92.6751307976175,6.4));
#12225=CARTESIAN_POINT('Origin',(118.538440690829,-94.0352083177453,6.4));
#12226=CARTESIAN_POINT('Origin',(117.984185587075,-89.148238675169,6.4));
#12227=CARTESIAN_POINT('',(116.492193983486,-90.1910106602092,6.4));
#12228=CARTESIAN_POINT('',(116.394377715327,-89.328546553333,6.4));
#12229=CARTESIAN_POINT('Origin',(118.088805014083,-90.0706874904341,6.4));
#12230=CARTESIAN_POINT('Origin',(117.932059764932,-85.8935005012131,6.4));
#12231=CARTESIAN_POINT('',(116.334930013301,-86.0000000000045,6.4));
#12232=CARTESIAN_POINT('',(116.333185024173,-85.9534968624602,6.4));
#12233=CARTESIAN_POINT('Origin',(117.936056064479,-86.0000000000044,6.4));
#12234=CARTESIAN_POINT('Origin',(118.061517491691,-82.6565121160804,6.4));
#12235=CARTESIAN_POINT('',(116.462642750932,-82.5965157548335,6.4));
#12236=CARTESIAN_POINT('Origin',(125.488121592699,-56.5187114230604,0.));
#12237=CARTESIAN_POINT('',(125.488121592699,-56.5187114230604,0.));
#12238=CARTESIAN_POINT('',(125.488121592699,-56.5187114230604,0.));
#12239=CARTESIAN_POINT('',(123.450524660118,-59.5359093813008,0.));
#12240=CARTESIAN_POINT('',(123.450524660118,-59.5359093813008,0.));
#12241=CARTESIAN_POINT('',(123.450524660118,-59.5359093813008,0.));
#12242=CARTESIAN_POINT('Origin',(126.722717371977,-54.9605553642015,0.));
#12243=CARTESIAN_POINT('',(126.722717371977,-54.9605553642015,0.));
#12244=CARTESIAN_POINT('',(126.722717371977,-54.9605553642015,0.));
#12245=CARTESIAN_POINT('',(125.488121592699,-56.5187114230604,0.));
#12246=CARTESIAN_POINT('Origin',(127.996652262953,-53.5479937503301,0.));
#12247=CARTESIAN_POINT('',(127.996652262953,-53.5479937503301,0.));
#12248=CARTESIAN_POINT('',(127.996652262953,-53.5479937503301,0.));
#12249=CARTESIAN_POINT('',(126.722717371977,-54.9605553642015,0.));
#12250=CARTESIAN_POINT('Origin',(129.33944454536,-52.2421113901797,0.));
#12251=CARTESIAN_POINT('',(129.33944454536,-52.2421113901797,0.));
#12252=CARTESIAN_POINT('',(129.33944454536,-52.2421113901797,0.));
#12253=CARTESIAN_POINT('',(127.996652262953,-53.5479937503301,0.));
#12254=CARTESIAN_POINT('Origin',(130.745884423325,-51.045797879294,0.));
#12255=CARTESIAN_POINT('',(130.745884423325,-51.045797879294,0.));
#12256=CARTESIAN_POINT('',(130.745884423325,-51.045797879294,0.));
#12257=CARTESIAN_POINT('',(129.33944454536,-52.2421113901797,0.));
#12258=CARTESIAN_POINT('Origin',(132.209467972961,-49.9612843396922,0.));
#12259=CARTESIAN_POINT('',(132.209467972961,-49.9612843396922,0.));
#12260=CARTESIAN_POINT('',(132.209467972961,-49.9612843396922,0.));
#12261=CARTESIAN_POINT('',(130.745884423325,-51.045797879294,0.));
#12262=CARTESIAN_POINT('Origin',(133.722670808986,-48.9897594413491,0.));
#12263=CARTESIAN_POINT('',(133.722670808986,-48.9897594413491,0.));
#12264=CARTESIAN_POINT('',(133.722670808986,-48.9897594413491,0.));
#12265=CARTESIAN_POINT('',(132.209467972961,-49.9612843396922,0.));
#12266=CARTESIAN_POINT('Origin',(135.277373530624,-48.1310744621775,0.));
#12267=CARTESIAN_POINT('',(135.277373530624,-48.1310744621775,0.));
#12268=CARTESIAN_POINT('',(135.277373530624,-48.1310744621775,0.));
#12269=CARTESIAN_POINT('',(133.722670808986,-48.9897594413491,0.));
#12270=CARTESIAN_POINT('Origin',(136.865334833995,-47.3836317422856,0.));
#12271=CARTESIAN_POINT('',(136.865334833995,-47.3836317422856,0.));
#12272=CARTESIAN_POINT('',(136.865334833995,-47.3836317422856,0.));
#12273=CARTESIAN_POINT('',(135.277373530624,-48.1310744621775,0.));
#12274=CARTESIAN_POINT('Origin',(138.478634396029,-46.7444283294798,0.));
#12275=CARTESIAN_POINT('',(138.478634396029,-46.7444283294798,0.));
#12276=CARTESIAN_POINT('',(138.478634396029,-46.7444283294798,0.));
#12277=CARTESIAN_POINT('',(136.865334833995,-47.3836317422856,0.));
#12278=CARTESIAN_POINT('Origin',(140.206087030235,-46.1777381114393,0.));
#12279=CARTESIAN_POINT('',(140.206087030235,-46.1777381114393,0.));
#12280=CARTESIAN_POINT('',(140.206087030235,-46.1777381114393,0.));
#12281=CARTESIAN_POINT('',(138.478634396029,-46.7444283294798,0.));
#12282=CARTESIAN_POINT('Origin',(143.390696242404,-45.4244981454045,0.));
#12283=CARTESIAN_POINT('',(143.390696242404,-45.4244981454045,0.));
#12284=CARTESIAN_POINT('',(143.390696242404,-45.4244981454045,0.));
#12285=CARTESIAN_POINT('',(140.206087030235,-46.1777381114393,0.));
#12286=CARTESIAN_POINT('Origin',(146.69480518496,-44.9930933209946,0.));
#12287=CARTESIAN_POINT('',(146.69480518496,-44.9930933209946,0.));
#12288=CARTESIAN_POINT('',(146.69480518496,-44.9930933209946,0.));
#12289=CARTESIAN_POINT('',(143.390696242404,-45.4244981454045,0.));
#12290=CARTESIAN_POINT('Origin',(150.000000000014,-44.8596382263324,0.));
#12291=CARTESIAN_POINT('',(150.000000000014,-44.8596382263324,0.));
#12292=CARTESIAN_POINT('',(150.000000000014,-44.8596382263324,0.));
#12293=CARTESIAN_POINT('',(146.69480518496,-44.9930933209946,0.));
#12294=CARTESIAN_POINT('Origin',(153.305194815048,-44.9930933209954,0.));
#12295=CARTESIAN_POINT('',(153.305194815048,-44.9930933209954,0.));
#12296=CARTESIAN_POINT('',(153.305194815048,-44.9930933209954,0.));
#12297=CARTESIAN_POINT('',(150.000000000014,-44.8596382263324,0.));
#12298=CARTESIAN_POINT('Origin',(156.60930342937,-45.4244981025505,0.));
#12299=CARTESIAN_POINT('',(156.60930342937,-45.4244981025505,0.));
#12300=CARTESIAN_POINT('',(156.60930342937,-45.4244981025505,0.));
#12301=CARTESIAN_POINT('',(153.305194815048,-44.9930933209954,0.));
#12302=CARTESIAN_POINT('Origin',(159.793913655503,-46.1777380083455,0.));
#12303=CARTESIAN_POINT('',(159.793913655503,-46.1777380083455,0.));
#12304=CARTESIAN_POINT('',(159.793913655503,-46.1777380083455,0.));
#12305=CARTESIAN_POINT('',(156.60930342937,-45.4244981025505,0.));
#12306=CARTESIAN_POINT('Origin',(161.521367616408,-46.7444286616102,0.));
#12307=CARTESIAN_POINT('',(161.521367616408,-46.7444286616102,0.));
#12308=CARTESIAN_POINT('',(161.521367616408,-46.7444286616102,0.));
#12309=CARTESIAN_POINT('',(159.793913655503,-46.1777380083455,0.));
#12310=CARTESIAN_POINT('Origin',(163.13466613013,-47.3836321960913,0.));
#12311=CARTESIAN_POINT('',(163.13466613013,-47.3836321960913,0.));
#12312=CARTESIAN_POINT('',(163.13466613013,-47.3836321960913,0.));
#12313=CARTESIAN_POINT('',(161.521367616408,-46.7444286616102,0.));
#12314=CARTESIAN_POINT('Origin',(164.722625215202,-48.1310738718472,0.));
#12315=CARTESIAN_POINT('',(164.722625215202,-48.1310738718472,0.));
#12316=CARTESIAN_POINT('',(164.722625215202,-48.1310738718472,0.));
#12317=CARTESIAN_POINT('',(163.13466613013,-47.3836321960913,0.));
#12318=CARTESIAN_POINT('Origin',(166.27732902453,-48.989758692428,0.));
#12319=CARTESIAN_POINT('',(166.27732902453,-48.989758692428,0.));
#12320=CARTESIAN_POINT('',(166.27732902453,-48.989758692428,0.));
#12321=CARTESIAN_POINT('',(164.722625215202,-48.1310738718472,0.));
#12322=CARTESIAN_POINT('Origin',(167.790533027054,-49.9612843397022,0.));
#12323=CARTESIAN_POINT('',(167.790533027054,-49.9612843397022,0.));
#12324=CARTESIAN_POINT('',(167.790533027054,-49.9612843397022,0.));
#12325=CARTESIAN_POINT('',(166.27732902453,-48.989758692428,0.));
#12326=CARTESIAN_POINT('Origin',(169.254116576692,-51.0457978793069,0.));
#12327=CARTESIAN_POINT('',(169.254116576692,-51.0457978793069,0.));
#12328=CARTESIAN_POINT('',(169.254116576692,-51.0457978793069,0.));
#12329=CARTESIAN_POINT('',(167.790533027054,-49.9612843397022,0.));
#12330=CARTESIAN_POINT('Origin',(170.660557875872,-52.2421125990758,0.));
#12331=CARTESIAN_POINT('',(170.660557875872,-52.2421125990758,0.));
#12332=CARTESIAN_POINT('',(170.660557875872,-52.2421125990758,0.));
#12333=CARTESIAN_POINT('',(169.254116576692,-51.0457978793069,0.));
#12334=CARTESIAN_POINT('Origin',(172.003347601551,-53.5479937888776,0.));
#12335=CARTESIAN_POINT('',(172.003347601551,-53.5479937888776,0.));
#12336=CARTESIAN_POINT('',(172.003347601551,-53.5479937888776,0.));
#12337=CARTESIAN_POINT('',(170.660557875872,-52.2421125990758,0.));
#12338=CARTESIAN_POINT('Origin',(173.277282428251,-54.9605538499946,0.));
#12339=CARTESIAN_POINT('',(173.277282428251,-54.9605538499946,0.));
#12340=CARTESIAN_POINT('',(173.277282428251,-54.9605538499946,0.));
#12341=CARTESIAN_POINT('',(172.003347601551,-53.5479937888776,0.));
#12342=CARTESIAN_POINT('Origin',(174.511880035084,-56.5187122153723,0.));
#12343=CARTESIAN_POINT('',(174.511880035084,-56.5187122153723,0.));
#12344=CARTESIAN_POINT('',(174.511880035084,-56.5187122153723,0.));
#12345=CARTESIAN_POINT('',(173.277282428251,-54.9605538499946,0.));
#12346=CARTESIAN_POINT('Origin',(176.549475250479,-59.5359094056114,0.));
#12347=CARTESIAN_POINT('',(176.549475250479,-59.5359094056114,0.));
#12348=CARTESIAN_POINT('',(176.549475250479,-59.5359094056114,0.));
#12349=CARTESIAN_POINT('',(174.511880035084,-56.5187122153723,0.));
#12350=CARTESIAN_POINT('Origin',(178.372167525127,-62.8163498944422,0.));
#12351=CARTESIAN_POINT('',(178.372167525127,-62.8163498944422,0.));
#12352=CARTESIAN_POINT('',(178.372167525127,-62.8163498944422,0.));
#12353=CARTESIAN_POINT('',(176.549475250479,-59.5359094056114,0.));
#12354=CARTESIAN_POINT('Origin',(179.941709636838,-66.2933800393428,0.));
#12355=CARTESIAN_POINT('',(179.941709636838,-66.2933800393428,0.));
#12356=CARTESIAN_POINT('',(179.941709636838,-66.2933800393428,0.));
#12357=CARTESIAN_POINT('',(178.372167525127,-62.8163498944422,0.));
#12358=CARTESIAN_POINT('Origin',(181.250141513679,-69.9487515541787,0.));
#12359=CARTESIAN_POINT('',(181.250141513679,-69.9487515541787,0.));
#12360=CARTESIAN_POINT('',(181.250141513679,-69.9487515541787,0.));
#12361=CARTESIAN_POINT('',(179.941709636838,-66.2933800393428,0.));
#12362=CARTESIAN_POINT('Origin',(182.288007401317,-73.7648368382035,0.));
#12363=CARTESIAN_POINT('',(182.288007401317,-73.7648368382035,0.));
#12364=CARTESIAN_POINT('',(182.288007401317,-73.7648368382035,0.));
#12365=CARTESIAN_POINT('',(181.250141513679,-69.9487515541787,0.));
#12366=CARTESIAN_POINT('Origin',(183.044524283726,-77.7241494126971,0.));
#12367=CARTESIAN_POINT('',(183.044524283726,-77.7241494126971,0.));
#12368=CARTESIAN_POINT('',(183.044524283726,-77.7241494126971,0.));
#12369=CARTESIAN_POINT('',(182.288007401317,-73.7648368382035,0.));
#12370=CARTESIAN_POINT('Origin',(183.507806977637,-81.8089883037254,0.));
#12371=CARTESIAN_POINT('',(183.507806977637,-81.8089883037254,0.));
#12372=CARTESIAN_POINT('',(183.507806977637,-81.8089883037254,0.));
#12373=CARTESIAN_POINT('',(183.044524283726,-77.7241494126971,0.));
#12374=CARTESIAN_POINT('Origin',(183.665070986699,-86.0000000000035,0.));
#12375=CARTESIAN_POINT('',(183.665070986699,-86.0000000000035,0.));
#12376=CARTESIAN_POINT('',(183.665070986699,-86.0000000000035,0.));
#12377=CARTESIAN_POINT('',(183.507806977637,-81.8089883037254,0.));
#12378=CARTESIAN_POINT('Origin',(183.507806977637,-90.1910116962812,0.));
#12379=CARTESIAN_POINT('',(183.507806977637,-90.1910116962812,0.));
#12380=CARTESIAN_POINT('',(183.507806977637,-90.1910116962812,0.));
#12381=CARTESIAN_POINT('',(183.665070986699,-86.0000000000035,0.));
#12382=CARTESIAN_POINT('Origin',(183.044524283722,-94.2758505873246,0.));
#12383=CARTESIAN_POINT('',(183.044524283722,-94.2758505873246,0.));
#12384=CARTESIAN_POINT('',(183.044524283722,-94.2758505873246,0.));
#12385=CARTESIAN_POINT('',(183.507806977637,-90.1910116962812,0.));
#12386=CARTESIAN_POINT('Origin',(182.288007401314,-98.2351631618085,0.));
#12387=CARTESIAN_POINT('',(182.288007401314,-98.2351631618085,0.));
#12388=CARTESIAN_POINT('',(182.288007401314,-98.2351631618085,0.));
#12389=CARTESIAN_POINT('',(183.044524283722,-94.2758505873246,0.));
#12390=CARTESIAN_POINT('Origin',(181.250141513676,-102.051248445829,0.));
#12391=CARTESIAN_POINT('',(181.250141513676,-102.051248445829,0.));
#12392=CARTESIAN_POINT('',(181.250141513676,-102.051248445829,0.));
#12393=CARTESIAN_POINT('',(182.288007401314,-98.2351631618085,0.));
#12394=CARTESIAN_POINT('Origin',(179.941709636837,-105.70661996066,0.));
#12395=CARTESIAN_POINT('',(179.941709636837,-105.70661996066,0.));
#12396=CARTESIAN_POINT('',(179.941709636837,-105.70661996066,0.));
#12397=CARTESIAN_POINT('',(181.250141513676,-102.051248445829,0.));
#12398=CARTESIAN_POINT('Origin',(122.739434218014,-86.,0.));
#12399=CARTESIAN_POINT('',(122.878638105876,-82.2902820188906,0.));
#12400=CARTESIAN_POINT('',(122.739434218014,-86.,0.));
#12401=CARTESIAN_POINT('',(122.878638105876,-82.2902820188906,0.));
#12402=CARTESIAN_POINT('Origin',(123.213377250359,-104.432226005762,3.));
#12403=CARTESIAN_POINT('',(124.913377250359,-104.432226005762,3.));
#12404=CARTESIAN_POINT('Origin',(123.213377250359,-104.432226005762,3.));
#12405=CARTESIAN_POINT('Origin',(176.786623749642,-104.432226005762,3.));
#12406=CARTESIAN_POINT('',(178.486623749642,-104.432226005762,3.));
#12407=CARTESIAN_POINT('Origin',(176.786623749642,-104.432226005762,3.));
#12408=CARTESIAN_POINT('Origin',(150.,-48.2624086628824,3.));
#12409=CARTESIAN_POINT('',(151.7,-48.2624086628824,3.));
#12410=CARTESIAN_POINT('Origin',(150.,-48.2624086628824,3.));
#12411=CARTESIAN_POINT('Origin',(123.213377250359,-104.432226005762,0.));
#12412=CARTESIAN_POINT('',(124.913377250359,-104.432226005762,0.));
#12413=CARTESIAN_POINT('Origin',(123.213377250359,-104.432226005762,0.));
#12414=CARTESIAN_POINT('',(124.913377250359,-104.432226005762,0.));
#12415=CARTESIAN_POINT('Origin',(176.786623749642,-104.432226005762,0.));
#12416=CARTESIAN_POINT('',(178.486623749642,-104.432226005762,0.));
#12417=CARTESIAN_POINT('Origin',(176.786623749642,-104.432226005762,0.));
#12418=CARTESIAN_POINT('',(178.486623749642,-104.432226005762,0.));
#12419=CARTESIAN_POINT('Origin',(150.,-48.2624086628824,0.));
#12420=CARTESIAN_POINT('',(151.7,-48.2624086628824,0.));
#12421=CARTESIAN_POINT('Origin',(150.,-48.2624086628824,0.));
#12422=CARTESIAN_POINT('',(151.7,-48.2624086628824,0.));
#12423=CARTESIAN_POINT('Origin',(176.047847919097,-75.2073312484053,0.));
#12424=CARTESIAN_POINT('',(176.047847919097,-75.2073312484053,0.));
#12425=CARTESIAN_POINT('',(176.047847919097,-75.2073312484053,0.));
#12426=CARTESIAN_POINT('',(176.047847919097,-75.2073312484053,0.));
#12427=CARTESIAN_POINT('Origin',(175.140166582929,-71.8699160478616,0.));
#12428=CARTESIAN_POINT('',(175.140166582929,-71.8699160478616,0.));
#12429=CARTESIAN_POINT('',(175.140166582929,-71.8699160478616,0.));
#12430=CARTESIAN_POINT('',(175.140166582929,-71.8699160478616,0.));
#12431=CARTESIAN_POINT('Origin',(174.00272443741,-68.6922392485595,0.));
#12432=CARTESIAN_POINT('',(174.00272443741,-68.6922392485595,0.));
#12433=CARTESIAN_POINT('',(174.00272443741,-68.6922392485595,0.));
#12434=CARTESIAN_POINT('',(174.00272443741,-68.6922392485595,0.));
#12435=CARTESIAN_POINT('Origin',(172.64844728718,-65.6920887965468,0.));
#12436=CARTESIAN_POINT('',(172.64844728718,-65.6920887965468,0.));
#12437=CARTESIAN_POINT('',(172.64844728718,-65.6920887965468,0.));
#12438=CARTESIAN_POINT('',(172.64844728718,-65.6920887965468,0.));
#12439=CARTESIAN_POINT('Origin',(171.090057952767,-62.8873347845419,0.));
#12440=CARTESIAN_POINT('',(171.090057952767,-62.8873347845419,0.));
#12441=CARTESIAN_POINT('',(171.090057952767,-62.8873347845419,0.));
#12442=CARTESIAN_POINT('',(171.090057952767,-62.8873347845419,0.));
#12443=CARTESIAN_POINT('Origin',(169.344372977714,-60.3023877047797,0.));
#12444=CARTESIAN_POINT('',(169.344372977714,-60.3023877047797,0.));
#12445=CARTESIAN_POINT('',(169.344372977714,-60.3023877047797,0.));
#12446=CARTESIAN_POINT('',(169.344372977714,-60.3023877047797,0.));
#12447=CARTESIAN_POINT('Origin',(168.387851571394,-59.0951831689302,0.));
#12448=CARTESIAN_POINT('',(168.387851571394,-59.0951831689302,0.));
#12449=CARTESIAN_POINT('',(168.387851571394,-59.0951831689302,0.));
#12450=CARTESIAN_POINT('',(168.387851571394,-59.0951831689302,0.));
#12451=CARTESIAN_POINT('Origin',(167.391070324538,-57.9899355930959,0.));
#12452=CARTESIAN_POINT('',(167.391070324538,-57.9899355930959,0.));
#12453=CARTESIAN_POINT('',(167.391070324538,-57.9899355930959,0.));
#12454=CARTESIAN_POINT('',(167.391070324538,-57.9899355930959,0.));
#12455=CARTESIAN_POINT('Origin',(166.351463929192,-56.9789042971912,0.));
#12456=CARTESIAN_POINT('',(166.351463929192,-56.9789042971912,0.));
#12457=CARTESIAN_POINT('',(166.351463929192,-56.9789042971912,0.));
#12458=CARTESIAN_POINT('',(166.351463929192,-56.9789042971912,0.));
#12459=CARTESIAN_POINT('Origin',(165.271155645522,-56.0599973350599,0.));
#12460=CARTESIAN_POINT('',(165.271155645522,-56.0599973350599,0.));
#12461=CARTESIAN_POINT('',(165.271155645522,-56.0599973350599,0.));
#12462=CARTESIAN_POINT('',(165.271155645522,-56.0599973350599,0.));
#12463=CARTESIAN_POINT('Origin',(164.152447814459,-55.2310362621169,0.));
#12464=CARTESIAN_POINT('',(164.152447814459,-55.2310362621169,0.));
#12465=CARTESIAN_POINT('',(164.152447814459,-55.2310362621169,0.));
#12466=CARTESIAN_POINT('',(164.152447814459,-55.2310362621169,0.));
#12467=CARTESIAN_POINT('Origin',(162.997777868178,-54.4897010124893,0.));
#12468=CARTESIAN_POINT('',(162.997777868178,-54.4897010124893,0.));
#12469=CARTESIAN_POINT('',(162.997777868178,-54.4897010124893,0.));
#12470=CARTESIAN_POINT('',(162.997777868178,-54.4897010124893,0.));
#12471=CARTESIAN_POINT('Origin',(161.809665029081,-53.8334895502492,0.));
#12472=CARTESIAN_POINT('',(161.809665029081,-53.8334895502492,0.));
#12473=CARTESIAN_POINT('',(161.809665029081,-53.8334895502492,0.));
#12474=CARTESIAN_POINT('',(161.809665029081,-53.8334895502492,0.));
#12475=CARTESIAN_POINT('Origin',(160.590646125717,-53.2597055400231,0.));
#12476=CARTESIAN_POINT('',(160.590646125717,-53.2597055400231,0.));
#12477=CARTESIAN_POINT('',(160.590646125717,-53.2597055400231,0.));
#12478=CARTESIAN_POINT('',(160.590646125717,-53.2597055400231,0.));
#12479=CARTESIAN_POINT('Origin',(159.343211840071,-52.7654607380607,0.));
#12480=CARTESIAN_POINT('',(159.343211840071,-52.7654607380607,0.));
#12481=CARTESIAN_POINT('',(159.343211840071,-52.7654607380607,0.));
#12482=CARTESIAN_POINT('',(159.343211840071,-52.7654607380607,0.));
#12483=CARTESIAN_POINT('Origin',(158.056781845348,-52.3434478389679,0.));
#12484=CARTESIAN_POINT('',(158.056781845348,-52.3434478389679,0.));
#12485=CARTESIAN_POINT('',(158.056781845348,-52.3434478389679,0.));
#12486=CARTESIAN_POINT('',(158.056781845348,-52.3434478389679,0.));
#12487=CARTESIAN_POINT('Origin',(155.45542716613,-51.7281624462904,0.));
#12488=CARTESIAN_POINT('',(155.45542716613,-51.7281624462904,0.));
#12489=CARTESIAN_POINT('',(155.45542716613,-51.7281624462904,0.));
#12490=CARTESIAN_POINT('',(155.45542716613,-51.7281624462904,0.));
#12491=CARTESIAN_POINT('Origin',(152.760708056088,-51.3763233136481,0.));
#12492=CARTESIAN_POINT('',(152.760708056088,-51.3763233136481,0.));
#12493=CARTESIAN_POINT('',(152.760708056088,-51.3763233136481,0.));
#12494=CARTESIAN_POINT('',(152.760708056088,-51.3763233136481,0.));
#12495=CARTESIAN_POINT('Origin',(150.,-51.2648531657206,0.));
#12496=CARTESIAN_POINT('',(150.,-51.2648531657206,0.));
#12497=CARTESIAN_POINT('',(150.,-51.2648531657206,0.));
#12498=CARTESIAN_POINT('',(150.,-51.2648531657206,0.));
#12499=CARTESIAN_POINT('Origin',(147.239291943912,-51.3763233136481,0.));
#12500=CARTESIAN_POINT('',(147.239291943912,-51.3763233136481,0.));
#12501=CARTESIAN_POINT('',(147.239291943912,-51.3763233136481,0.));
#12502=CARTESIAN_POINT('',(147.239291943912,-51.3763233136481,0.));
#12503=CARTESIAN_POINT('Origin',(144.544572789513,-51.7281624520819,0.));
#12504=CARTESIAN_POINT('',(144.544572789513,-51.7281624520819,0.));
#12505=CARTESIAN_POINT('',(144.544572789513,-51.7281624520819,0.));
#12506=CARTESIAN_POINT('',(144.544572789513,-51.7281624520819,0.));
#12507=CARTESIAN_POINT('Origin',(141.943219112192,-52.3434478528978,0.));
#12508=CARTESIAN_POINT('',(141.943219112192,-52.3434478528978,0.));
#12509=CARTESIAN_POINT('',(141.943219112192,-52.3434478528978,0.));
#12510=CARTESIAN_POINT('',(141.943219112192,-52.3434478528978,0.));
#12511=CARTESIAN_POINT('Origin',(140.656789296759,-52.7654606931737,0.));
#12512=CARTESIAN_POINT('',(140.656789296759,-52.7654606931737,0.));
#12513=CARTESIAN_POINT('',(140.656789296759,-52.7654606931737,0.));
#12514=CARTESIAN_POINT('',(140.656789296759,-52.7654606931737,0.));
#12515=CARTESIAN_POINT('Origin',(139.409354004592,-53.2597054786878,0.));
#12516=CARTESIAN_POINT('',(139.409354004592,-53.2597054786878,0.));
#12517=CARTESIAN_POINT('',(139.409354004592,-53.2597054786878,0.));
#12518=CARTESIAN_POINT('',(139.409354004592,-53.2597054786878,0.));
#12519=CARTESIAN_POINT('Origin',(138.190334801435,-53.8334896300242,0.));
#12520=CARTESIAN_POINT('',(138.190334801435,-53.8334896300242,0.));
#12521=CARTESIAN_POINT('',(138.190334801435,-53.8334896300242,0.));
#12522=CARTESIAN_POINT('',(138.190334801435,-53.8334896300242,0.));
#12523=CARTESIAN_POINT('Origin',(137.002222974186,-54.4897011136968,0.));
#12524=CARTESIAN_POINT('',(137.002222974186,-54.4897011136968,0.));
#12525=CARTESIAN_POINT('',(137.002222974186,-54.4897011136968,0.));
#12526=CARTESIAN_POINT('',(137.002222974186,-54.4897011136968,0.));
#12527=CARTESIAN_POINT('Origin',(135.847553185534,-55.2310362621213,0.));
#12528=CARTESIAN_POINT('',(135.847553185534,-55.2310362621213,0.));
#12529=CARTESIAN_POINT('',(135.847553185534,-55.2310362621213,0.));
#12530=CARTESIAN_POINT('',(135.847553185534,-55.2310362621213,0.));
#12531=CARTESIAN_POINT('Origin',(134.728845354503,-56.0599973350401,0.));
#12532=CARTESIAN_POINT('',(134.728845354503,-56.0599973350401,0.));
#12533=CARTESIAN_POINT('',(134.728845354503,-56.0599973350401,0.));
#12534=CARTESIAN_POINT('',(134.728845354503,-56.0599973350401,0.));
#12535=CARTESIAN_POINT('Origin',(133.648537262886,-56.9789041338086,0.));
#12536=CARTESIAN_POINT('',(133.648537262886,-56.9789041338086,0.));
#12537=CARTESIAN_POINT('',(133.648537262886,-56.9789041338086,0.));
#12538=CARTESIAN_POINT('',(133.648537262886,-56.9789041338086,0.));
#12539=CARTESIAN_POINT('Origin',(132.608929657155,-57.9899355878829,0.));
#12540=CARTESIAN_POINT('',(132.608929657155,-57.9899355878829,0.));
#12541=CARTESIAN_POINT('',(132.608929657155,-57.9899355878829,0.));
#12542=CARTESIAN_POINT('',(132.608929657155,-57.9899355878829,0.));
#12543=CARTESIAN_POINT('Origin',(131.612149266483,-59.0951833735411,0.));
#12544=CARTESIAN_POINT('',(131.612149266483,-59.0951833735411,0.));
#12545=CARTESIAN_POINT('',(131.612149266483,-59.0951833735411,0.));
#12546=CARTESIAN_POINT('',(131.612149266483,-59.0951833735411,0.));
#12547=CARTESIAN_POINT('Origin',(130.655628107121,-60.302387597711,0.));
#12548=CARTESIAN_POINT('',(130.655628107121,-60.302387597711,0.));
#12549=CARTESIAN_POINT('',(130.655628107121,-60.302387597711,0.));
#12550=CARTESIAN_POINT('',(130.655628107121,-60.302387597711,0.));
#12551=CARTESIAN_POINT('Origin',(128.909942035151,-62.8873347812569,0.));
#12552=CARTESIAN_POINT('',(128.909942035151,-62.8873347812569,0.));
#12553=CARTESIAN_POINT('',(128.909942035151,-62.8873347812569,0.));
#12554=CARTESIAN_POINT('',(128.909942035151,-62.8873347812569,0.));
#12555=CARTESIAN_POINT('Origin',(127.351553655152,-65.6920889243004,0.));
#12556=CARTESIAN_POINT('',(127.351553655152,-65.6920889243004,0.));
#12557=CARTESIAN_POINT('',(127.351553655152,-65.6920889243004,0.));
#12558=CARTESIAN_POINT('',(127.351553655152,-65.6920889243004,0.));
#12559=CARTESIAN_POINT('Origin',(125.99727656259,-68.6922392485594,0.));
#12560=CARTESIAN_POINT('',(125.99727656259,-68.6922392485594,0.));
#12561=CARTESIAN_POINT('',(125.99727656259,-68.6922392485594,0.));
#12562=CARTESIAN_POINT('',(125.99727656259,-68.6922392485594,0.));
#12563=CARTESIAN_POINT('Origin',(124.859834417071,-71.8699160478614,0.));
#12564=CARTESIAN_POINT('',(124.859834417071,-71.8699160478614,0.));
#12565=CARTESIAN_POINT('',(124.859834417071,-71.8699160478614,0.));
#12566=CARTESIAN_POINT('',(124.859834417071,-71.8699160478614,0.));
#12567=CARTESIAN_POINT('Origin',(123.952153118144,-75.2073311114748,0.));
#12568=CARTESIAN_POINT('',(123.952153118144,-75.2073311114748,0.));
#12569=CARTESIAN_POINT('',(123.952153118144,-75.2073311114748,0.));
#12570=CARTESIAN_POINT('',(123.952153118144,-75.2073311114748,0.));
#12571=CARTESIAN_POINT('Origin',(123.287335843246,-78.6867185659066,0.));
#12572=CARTESIAN_POINT('',(123.287335843246,-78.6867185659066,0.));
#12573=CARTESIAN_POINT('',(123.287335843246,-78.6867185659066,0.));
#12574=CARTESIAN_POINT('',(123.287335843246,-78.6867185659066,0.));
#12575=CARTESIAN_POINT('Origin',(122.878638105876,-82.2902820188906,0.));
#12576=CARTESIAN_POINT('',(122.878638105876,-82.2902820188906,0.));
#12577=CARTESIAN_POINT('Origin',(178.372167525129,-109.183650105554,0.));
#12578=CARTESIAN_POINT('',(178.372167525129,-109.183650105554,0.));
#12579=CARTESIAN_POINT('',(178.372167525129,-109.183650105554,0.));
#12580=CARTESIAN_POINT('',(179.941709636837,-105.70661996066,0.));
#12581=CARTESIAN_POINT('Origin',(176.549475250479,-112.46409059439,0.));
#12582=CARTESIAN_POINT('',(176.549475250479,-112.46409059439,0.));
#12583=CARTESIAN_POINT('',(176.549475250479,-112.46409059439,0.));
#12584=CARTESIAN_POINT('',(178.372167525129,-109.183650105554,0.));
#12585=CARTESIAN_POINT('Origin',(174.484886791554,-115.521258401911,0.));
#12586=CARTESIAN_POINT('',(174.484886791554,-115.521258401911,0.));
#12587=CARTESIAN_POINT('',(174.484886791554,-115.521258401911,0.));
#12588=CARTESIAN_POINT('',(176.549475250479,-112.46409059439,0.));
#12589=CARTESIAN_POINT('Origin',(173.147977905814,-117.16415880158,0.));
#12590=CARTESIAN_POINT('',(173.147977905814,-117.16415880158,0.));
#12591=CARTESIAN_POINT('',(173.147977905814,-117.16415880158,0.));
#12592=CARTESIAN_POINT('',(174.484886791554,-115.521258401911,0.));
#12593=CARTESIAN_POINT('Origin',(171.703259692012,-118.636308431514,0.));
#12594=CARTESIAN_POINT('',(171.703259692012,-118.636308431514,0.));
#12595=CARTESIAN_POINT('',(171.703259692012,-118.636308431514,0.));
#12596=CARTESIAN_POINT('',(173.147977905814,-117.16415880158,0.));
#12597=CARTESIAN_POINT('Origin',(170.157236581802,-119.932352296223,0.));
#12598=CARTESIAN_POINT('',(170.157236581802,-119.932352296223,0.));
#12599=CARTESIAN_POINT('',(170.157236581802,-119.932352296223,0.));
#12600=CARTESIAN_POINT('',(171.703259692012,-118.636308431514,0.));
#12601=CARTESIAN_POINT('Origin',(168.53123028558,-121.042452445652,0.));
#12602=CARTESIAN_POINT('',(168.53123028558,-121.042452445652,0.));
#12603=CARTESIAN_POINT('',(168.53123028558,-121.042452445652,0.));
#12604=CARTESIAN_POINT('',(170.157236581802,-119.932352296223,0.));
#12605=CARTESIAN_POINT('Origin',(166.853185991905,-121.963520163305,0.));
#12606=CARTESIAN_POINT('',(166.853185991905,-121.963520163305,0.));
#12607=CARTESIAN_POINT('',(166.853185991905,-121.963520163305,0.));
#12608=CARTESIAN_POINT('',(168.53123028558,-121.042452445652,0.));
#12609=CARTESIAN_POINT('Origin',(165.152943635726,-122.701681071323,0.));
#12610=CARTESIAN_POINT('',(165.152943635726,-122.701681071323,0.));
#12611=CARTESIAN_POINT('',(165.152943635726,-122.701681071323,0.));
#12612=CARTESIAN_POINT('',(166.853185991905,-121.963520163305,0.));
#12613=CARTESIAN_POINT('Origin',(163.457307051455,-123.27190417751,0.));
#12614=CARTESIAN_POINT('',(163.457307051455,-123.27190417751,0.));
#12615=CARTESIAN_POINT('',(163.457307051455,-123.27190417751,0.));
#12616=CARTESIAN_POINT('',(165.152943635726,-122.701681071323,0.));
#12617=CARTESIAN_POINT('Origin',(161.68628672915,-123.720849651668,0.));
#12618=CARTESIAN_POINT('',(161.68628672915,-123.720849651668,0.));
#12619=CARTESIAN_POINT('',(161.68628672915,-123.720849651668,0.));
#12620=CARTESIAN_POINT('',(163.457307051455,-123.27190417751,0.));
#12621=CARTESIAN_POINT('Origin',(158.604689011521,-124.200017971329,0.));
#12622=CARTESIAN_POINT('',(158.604689011521,-124.200017971329,0.));
#12623=CARTESIAN_POINT('',(158.604689011521,-124.200017971329,0.));
#12624=CARTESIAN_POINT('',(161.68628672915,-123.720849651668,0.));
#12625=CARTESIAN_POINT('Origin',(155.540796649696,-124.396045521648,0.));
#12626=CARTESIAN_POINT('',(155.540796649696,-124.396045521648,0.));
#12627=CARTESIAN_POINT('',(155.540796649696,-124.396045521648,0.));
#12628=CARTESIAN_POINT('',(158.604689011521,-124.200017971329,0.));
#12629=CARTESIAN_POINT('Origin',(149.999999996999,-124.42244096783,0.));
#12630=CARTESIAN_POINT('',(149.999999996999,-124.42244096783,0.));
#12631=CARTESIAN_POINT('',(149.999999996999,-124.42244096783,0.));
#12632=CARTESIAN_POINT('',(155.540796649696,-124.396045521648,0.));
#12633=CARTESIAN_POINT('Origin',(144.459204440974,-124.396045521885,0.));
#12634=CARTESIAN_POINT('',(144.459204440974,-124.396045521885,0.));
#12635=CARTESIAN_POINT('',(144.459204440974,-124.396045521885,0.));
#12636=CARTESIAN_POINT('',(149.999999996999,-124.42244096783,0.));
#12637=CARTESIAN_POINT('Origin',(141.395310848063,-124.200017970852,0.));
#12638=CARTESIAN_POINT('',(141.395310848063,-124.200017970852,0.));
#12639=CARTESIAN_POINT('',(141.395310848063,-124.200017970852,0.));
#12640=CARTESIAN_POINT('',(144.459204440974,-124.396045521885,0.));
#12641=CARTESIAN_POINT('Origin',(138.313714044143,-123.720849594198,0.));
#12642=CARTESIAN_POINT('',(138.313714044143,-123.720849594198,0.));
#12643=CARTESIAN_POINT('',(138.313714044143,-123.720849594198,0.));
#12644=CARTESIAN_POINT('',(141.395310848063,-124.200017970852,0.));
#12645=CARTESIAN_POINT('Origin',(136.542694909254,-123.271904421046,0.));
#12646=CARTESIAN_POINT('',(136.542694909254,-123.271904421046,0.));
#12647=CARTESIAN_POINT('',(136.542694909254,-123.271904421046,0.));
#12648=CARTESIAN_POINT('',(138.313714044143,-123.720849594198,0.));
#12649=CARTESIAN_POINT('Origin',(134.847056103911,-122.701681072766,0.));
#12650=CARTESIAN_POINT('',(134.847056103911,-122.701681072766,0.));
#12651=CARTESIAN_POINT('',(134.847056103911,-122.701681072766,0.));
#12652=CARTESIAN_POINT('',(136.542694909254,-123.271904421046,0.));
#12653=CARTESIAN_POINT('Origin',(133.146815275295,-121.963520155129,0.));
#12654=CARTESIAN_POINT('',(133.146815275295,-121.963520155129,0.));
#12655=CARTESIAN_POINT('',(133.146815275295,-121.963520155129,0.));
#12656=CARTESIAN_POINT('',(134.847056103911,-122.701681072766,0.));
#12657=CARTESIAN_POINT('Origin',(131.468770929683,-121.04245327533,0.));
#12658=CARTESIAN_POINT('',(131.468770929683,-121.04245327533,0.));
#12659=CARTESIAN_POINT('',(131.468770929683,-121.04245327533,0.));
#12660=CARTESIAN_POINT('',(133.146815275295,-121.963520155129,0.));
#12661=CARTESIAN_POINT('Origin',(129.842763418199,-119.932352296224,0.));
#12662=CARTESIAN_POINT('',(129.842763418199,-119.932352296224,0.));
#12663=CARTESIAN_POINT('',(129.842763418199,-119.932352296224,0.));
#12664=CARTESIAN_POINT('',(131.468770929683,-121.04245327533,0.));
#12665=CARTESIAN_POINT('Origin',(128.296740307989,-118.636308431515,0.));
#12666=CARTESIAN_POINT('',(128.296740307989,-118.636308431515,0.));
#12667=CARTESIAN_POINT('',(128.296740307989,-118.636308431515,0.));
#12668=CARTESIAN_POINT('',(129.842763418199,-119.932352296224,0.));
#12669=CARTESIAN_POINT('Origin',(126.852020699306,-117.164157380217,0.));
#12670=CARTESIAN_POINT('',(126.852020699306,-117.164157380217,0.));
#12671=CARTESIAN_POINT('',(126.852020699306,-117.164157380217,0.));
#12672=CARTESIAN_POINT('',(128.296740307989,-118.636308431515,0.));
#12673=CARTESIAN_POINT('Origin',(125.515113732473,-115.52125753631,0.));
#12674=CARTESIAN_POINT('',(125.515113732473,-115.52125753631,0.));
#12675=CARTESIAN_POINT('',(125.515113732473,-115.52125753631,0.));
#12676=CARTESIAN_POINT('',(126.852020699306,-117.164157380217,0.));
#12677=CARTESIAN_POINT('Origin',(123.450524660126,-112.464090618712,0.));
#12678=CARTESIAN_POINT('',(123.450524660126,-112.464090618712,0.));
#12679=CARTESIAN_POINT('',(123.450524660126,-112.464090618712,0.));
#12680=CARTESIAN_POINT('',(125.515113732473,-115.52125753631,0.));
#12681=CARTESIAN_POINT('Origin',(121.62783304813,-109.183649160187,0.));
#12682=CARTESIAN_POINT('',(121.62783304813,-109.183649160187,0.));
#12683=CARTESIAN_POINT('',(121.62783304813,-109.183649160187,0.));
#12684=CARTESIAN_POINT('',(123.450524660126,-112.464090618712,0.));
#12685=CARTESIAN_POINT('Origin',(120.058291363167,-105.706619960671,0.));
#12686=CARTESIAN_POINT('',(120.058291363167,-105.706619960671,0.));
#12687=CARTESIAN_POINT('',(120.058291363167,-105.706619960671,0.));
#12688=CARTESIAN_POINT('',(121.62783304813,-109.183649160187,0.));
#12689=CARTESIAN_POINT('Origin',(118.749859486323,-102.051248445824,0.));
#12690=CARTESIAN_POINT('',(118.749859486323,-102.051248445824,0.));
#12691=CARTESIAN_POINT('',(118.749859486323,-102.051248445824,0.));
#12692=CARTESIAN_POINT('',(120.058291363167,-105.706619960671,0.));
#12693=CARTESIAN_POINT('Origin',(117.71199387427,-98.2351641750927,0.));
#12694=CARTESIAN_POINT('',(117.71199387427,-98.2351641750927,0.));
#12695=CARTESIAN_POINT('',(117.71199387427,-98.2351641750927,0.));
#12696=CARTESIAN_POINT('',(118.749859486323,-102.051248445824,0.));
#12697=CARTESIAN_POINT('Origin',(116.955475640023,-94.2758506122948,0.));
#12698=CARTESIAN_POINT('',(116.955475640023,-94.2758506122948,0.));
#12699=CARTESIAN_POINT('',(116.955475640023,-94.2758506122948,0.));
#12700=CARTESIAN_POINT('',(117.71199387427,-98.2351641750927,0.));
#12701=CARTESIAN_POINT('Origin',(116.492193983486,-90.1910106602092,0.));
#12702=CARTESIAN_POINT('',(116.492193983486,-90.1910106602092,0.));
#12703=CARTESIAN_POINT('',(116.492193983486,-90.1910106602092,0.));
#12704=CARTESIAN_POINT('',(116.955475640023,-94.2758506122948,0.));
#12705=CARTESIAN_POINT('Origin',(116.334930013301,-86.0000000000045,0.));
#12706=CARTESIAN_POINT('',(116.334930013301,-86.0000000000045,0.));
#12707=CARTESIAN_POINT('',(116.334930013301,-86.0000000000045,0.));
#12708=CARTESIAN_POINT('',(116.492193983486,-90.1910106602092,0.));
#12709=CARTESIAN_POINT('Origin',(116.492193983485,-81.8089893397998,0.));
#12710=CARTESIAN_POINT('',(116.492193983485,-81.8089893397998,0.));
#12711=CARTESIAN_POINT('',(116.492193983485,-81.8089893397998,0.));
#12712=CARTESIAN_POINT('',(116.334930013301,-86.0000000000045,0.));
#12713=CARTESIAN_POINT('Origin',(116.955475640022,-77.724149387714,0.));
#12714=CARTESIAN_POINT('',(116.955475640022,-77.724149387714,0.));
#12715=CARTESIAN_POINT('',(116.955475640022,-77.724149387714,0.));
#12716=CARTESIAN_POINT('',(116.492193983485,-81.8089893397998,0.));
#12717=CARTESIAN_POINT('Origin',(117.711993874268,-73.7648358249168,0.));
#12718=CARTESIAN_POINT('',(117.711993874268,-73.7648358249168,0.));
#12719=CARTESIAN_POINT('',(117.711993874268,-73.7648358249168,0.));
#12720=CARTESIAN_POINT('',(116.955475640022,-77.724149387714,0.));
#12721=CARTESIAN_POINT('Origin',(118.749859486322,-69.9487515541775,0.));
#12722=CARTESIAN_POINT('',(118.749859486322,-69.9487515541775,0.));
#12723=CARTESIAN_POINT('',(118.749859486322,-69.9487515541775,0.));
#12724=CARTESIAN_POINT('',(117.711993874268,-73.7648358249168,0.));
#12725=CARTESIAN_POINT('Origin',(120.058291363163,-66.2933800393398,0.));
#12726=CARTESIAN_POINT('',(120.058291363163,-66.2933800393398,0.));
#12727=CARTESIAN_POINT('',(120.058291363163,-66.2933800393398,0.));
#12728=CARTESIAN_POINT('',(118.749859486322,-69.9487515541775,0.));
#12729=CARTESIAN_POINT('Origin',(121.627833048125,-62.8163508398219,0.));
#12730=CARTESIAN_POINT('',(121.627833048125,-62.8163508398219,0.));
#12731=CARTESIAN_POINT('',(121.627833048125,-62.8163508398219,0.));
#12732=CARTESIAN_POINT('',(120.058291363163,-66.2933800393398,0.));
#12733=CARTESIAN_POINT('Origin',(123.450524660118,-59.5359093813008,0.));
#12734=CARTESIAN_POINT('',(121.627833048125,-62.8163508398219,0.));
#12735=CARTESIAN_POINT('Origin',(150.0000005,-84.6410395970813,0.));
#12736=CARTESIAN_POINT('Origin',(138.95,-100.65,8.));
#12737=CARTESIAN_POINT('',(138.95,-100.65,4.195));
#12738=CARTESIAN_POINT('',(138.95,-104.35,4.195));
#12739=CARTESIAN_POINT('',(138.95,-101.575,4.195));
#12740=CARTESIAN_POINT('',(138.95,-100.65,8.));
#12741=CARTESIAN_POINT('',(138.95,-104.35,8.));
#12742=CARTESIAN_POINT('Origin',(138.35,-104.35,8.));
#12743=CARTESIAN_POINT('',(138.35,-104.95,4.195));
#12744=CARTESIAN_POINT('Origin',(138.35,-104.35,4.195));
#12745=CARTESIAN_POINT('',(138.35,-104.95,8.));
#12746=CARTESIAN_POINT('Origin',(138.35,-104.95,8.));
#12747=CARTESIAN_POINT('',(134.65,-104.95,4.195));
#12748=CARTESIAN_POINT('',(144.175,-104.95,4.195));
#12749=CARTESIAN_POINT('',(134.65,-104.95,8.));
#12750=CARTESIAN_POINT('Origin',(134.65,-104.35,8.));
#12751=CARTESIAN_POINT('',(134.05,-104.35,4.195));
#12752=CARTESIAN_POINT('Origin',(134.65,-104.35,4.195));
#12753=CARTESIAN_POINT('',(134.05,-104.35,8.));
#12754=CARTESIAN_POINT('Origin',(134.05,-104.35,8.));
#12755=CARTESIAN_POINT('',(134.05,-100.65,4.195));
#12756=CARTESIAN_POINT('',(134.05,-103.425,4.195));
#12757=CARTESIAN_POINT('',(134.05,-100.65,8.));
#12758=CARTESIAN_POINT('Origin',(138.35,-100.65,8.));
#12759=CARTESIAN_POINT('',(138.35,-100.05,4.195));
#12760=CARTESIAN_POINT('Origin',(138.35,-100.65,4.195));
#12761=CARTESIAN_POINT('',(138.35,-100.05,8.));
#12762=CARTESIAN_POINT('Origin',(134.65,-100.05,8.));
#12763=CARTESIAN_POINT('',(134.65,-100.05,4.195));
#12764=CARTESIAN_POINT('',(142.325,-100.05,4.195));
#12765=CARTESIAN_POINT('',(134.65,-100.05,8.));
#12766=CARTESIAN_POINT('Origin',(134.65,-100.65,8.));
#12767=CARTESIAN_POINT('Origin',(134.65,-100.65,4.195));
#12768=CARTESIAN_POINT('Origin',(152.45,-100.65,8.));
#12769=CARTESIAN_POINT('',(152.45,-100.65,4.195));
#12770=CARTESIAN_POINT('',(152.45,-104.35,4.195));
#12771=CARTESIAN_POINT('',(152.45,-101.575,4.195));
#12772=CARTESIAN_POINT('',(152.45,-100.65,8.));
#12773=CARTESIAN_POINT('',(152.45,-104.35,8.));
#12774=CARTESIAN_POINT('Origin',(151.85,-104.35,8.));
#12775=CARTESIAN_POINT('',(151.85,-104.95,4.195));
#12776=CARTESIAN_POINT('Origin',(151.85,-104.35,4.195));
#12777=CARTESIAN_POINT('',(151.85,-104.95,8.));
#12778=CARTESIAN_POINT('Origin',(151.85,-104.95,8.));
#12779=CARTESIAN_POINT('',(148.15,-104.95,4.195));
#12780=CARTESIAN_POINT('',(150.925,-104.95,4.195));
#12781=CARTESIAN_POINT('',(148.15,-104.95,8.));
#12782=CARTESIAN_POINT('Origin',(148.15,-104.35,8.));
#12783=CARTESIAN_POINT('',(147.55,-104.35,4.195));
#12784=CARTESIAN_POINT('Origin',(148.15,-104.35,4.195));
#12785=CARTESIAN_POINT('',(147.55,-104.35,8.));
#12786=CARTESIAN_POINT('Origin',(147.55,-104.35,8.));
#12787=CARTESIAN_POINT('',(147.55,-100.65,4.195));
#12788=CARTESIAN_POINT('',(147.55,-103.425,4.195));
#12789=CARTESIAN_POINT('',(147.55,-100.65,8.));
#12790=CARTESIAN_POINT('Origin',(151.85,-100.65,8.));
#12791=CARTESIAN_POINT('',(151.85,-100.05,4.195));
#12792=CARTESIAN_POINT('Origin',(151.85,-100.65,4.195));
#12793=CARTESIAN_POINT('',(151.85,-100.05,8.));
#12794=CARTESIAN_POINT('Origin',(148.15,-100.05,8.));
#12795=CARTESIAN_POINT('',(148.15,-100.05,4.195));
#12796=CARTESIAN_POINT('',(149.075,-100.05,4.195));
#12797=CARTESIAN_POINT('',(148.15,-100.05,8.));
#12798=CARTESIAN_POINT('Origin',(148.15,-100.65,8.));
#12799=CARTESIAN_POINT('Origin',(148.15,-100.65,4.195));
#12800=CARTESIAN_POINT('Origin',(165.95,-100.65,8.));
#12801=CARTESIAN_POINT('',(165.95,-100.65,4.195));
#12802=CARTESIAN_POINT('',(165.95,-104.35,4.195));
#12803=CARTESIAN_POINT('',(165.95,-101.575,4.195));
#12804=CARTESIAN_POINT('',(165.95,-100.65,8.));
#12805=CARTESIAN_POINT('',(165.95,-104.35,8.));
#12806=CARTESIAN_POINT('Origin',(165.35,-104.35,8.));
#12807=CARTESIAN_POINT('',(165.35,-104.95,4.195));
#12808=CARTESIAN_POINT('Origin',(165.35,-104.35,4.195));
#12809=CARTESIAN_POINT('',(165.35,-104.95,8.));
#12810=CARTESIAN_POINT('Origin',(165.35,-104.95,8.));
#12811=CARTESIAN_POINT('',(161.65,-104.95,4.195));
#12812=CARTESIAN_POINT('',(157.675,-104.95,4.195));
#12813=CARTESIAN_POINT('',(161.65,-104.95,8.));
#12814=CARTESIAN_POINT('Origin',(161.65,-104.35,8.));
#12815=CARTESIAN_POINT('',(161.05,-104.35,4.195));
#12816=CARTESIAN_POINT('Origin',(161.65,-104.35,4.195));
#12817=CARTESIAN_POINT('',(161.05,-104.35,8.));
#12818=CARTESIAN_POINT('Origin',(161.05,-104.35,8.));
#12819=CARTESIAN_POINT('',(161.05,-100.65,4.195));
#12820=CARTESIAN_POINT('',(161.05,-103.425,4.195));
#12821=CARTESIAN_POINT('',(161.05,-100.65,8.));
#12822=CARTESIAN_POINT('Origin',(165.35,-100.65,8.));
#12823=CARTESIAN_POINT('',(165.35,-100.05,4.195));
#12824=CARTESIAN_POINT('Origin',(165.35,-100.65,4.195));
#12825=CARTESIAN_POINT('',(165.35,-100.05,8.));
#12826=CARTESIAN_POINT('Origin',(161.65,-100.05,8.));
#12827=CARTESIAN_POINT('',(161.65,-100.05,4.195));
#12828=CARTESIAN_POINT('',(155.825,-100.05,4.195));
#12829=CARTESIAN_POINT('',(161.65,-100.05,8.));
#12830=CARTESIAN_POINT('Origin',(161.65,-100.65,8.));
#12831=CARTESIAN_POINT('Origin',(161.65,-100.65,4.195));
#12832=CARTESIAN_POINT('Origin',(150.,-102.5,4.195));
#12833=CARTESIAN_POINT('',(131.25,-100.65,4.195));
#12834=CARTESIAN_POINT('',(134.65,-97.25,4.195));
#12835=CARTESIAN_POINT('Origin',(134.65,-100.65,4.195));
#12836=CARTESIAN_POINT('',(131.25,-101.575,4.195));
#12837=CARTESIAN_POINT('',(165.35,-97.25,4.195));
#12838=CARTESIAN_POINT('Origin',(165.35,-100.65,4.195));
#12839=CARTESIAN_POINT('',(157.675,-97.25,4.195));
#12840=CARTESIAN_POINT('Origin',(131.25,-100.65,8.));
#12841=CARTESIAN_POINT('',(131.25,-100.65,8.));
#12842=CARTESIAN_POINT('Origin',(134.65,-100.65,8.));
#12843=CARTESIAN_POINT('',(134.65,-97.25,8.));
#12844=CARTESIAN_POINT('Origin',(134.65,-96.2500000000003,8.));
#12845=CARTESIAN_POINT('',(134.65,-96.25,7.1));
#12846=CARTESIAN_POINT('',(134.65,-96.25,8.));
#12847=CARTESIAN_POINT('',(165.35,-96.25,7.1));
#12848=CARTESIAN_POINT('',(142.32500025,-96.2500000000002,7.1));
#12849=CARTESIAN_POINT('',(165.35,-96.25,8.));
#12850=CARTESIAN_POINT('Origin',(165.35,-100.65,8.));
#12851=CARTESIAN_POINT('Origin',(165.35,-100.65,7.1));
#12852=CARTESIAN_POINT('Origin',(165.35,-97.25,8.));
#12853=CARTESIAN_POINT('',(165.35,-97.25,8.));
#12854=CARTESIAN_POINT('Origin',(165.35,-100.65,8.));
#12855=CARTESIAN_POINT('Origin',(134.65,-100.65,8.));
#12856=CARTESIAN_POINT('',(130.25,-100.65,7.1));
#12857=CARTESIAN_POINT('',(130.25,-100.65,8.));
#12858=CARTESIAN_POINT('Origin',(134.65,-100.65,7.1));
#12859=CARTESIAN_POINT('Origin',(130.25,-104.35,8.));
#12860=CARTESIAN_POINT('',(130.25,-94.4968053781812,7.1));
#12861=CARTESIAN_POINT('Origin',(150.0000005,-84.6436107563624,7.1));
#12862=CARTESIAN_POINT('',(134.8,-92.85,7.1));
#12863=CARTESIAN_POINT('',(165.2,-92.85,7.1));
#12864=CARTESIAN_POINT('',(157.60000025,-92.85,7.1));
#12865=CARTESIAN_POINT('',(165.2,-70.45,7.1));
#12866=CARTESIAN_POINT('',(165.2,-77.5468053781812,7.1));
#12867=CARTESIAN_POINT('',(134.8,-70.45,7.1));
#12868=CARTESIAN_POINT('',(142.40000025,-70.45,7.1));
#12869=CARTESIAN_POINT('',(134.8,-88.7468053781812,7.1));
#12870=CARTESIAN_POINT('Origin',(163.7,-71.95,8.));
#12871=CARTESIAN_POINT('',(136.3,-71.95,7.1));
#12872=CARTESIAN_POINT('',(163.7,-71.95,7.1));
#12873=CARTESIAN_POINT('',(156.85000025,-71.95,7.1));
#12874=CARTESIAN_POINT('',(136.3,-71.95,6.6));
#12875=CARTESIAN_POINT('',(136.3,-71.95,8.));
#12876=CARTESIAN_POINT('',(163.7,-71.95,6.6));
#12877=CARTESIAN_POINT('',(136.3,-71.95,6.6));
#12878=CARTESIAN_POINT('',(163.7,-71.95,8.));
#12879=CARTESIAN_POINT('Origin',(136.3,-71.95,8.));
#12880=CARTESIAN_POINT('',(136.3,-91.35,7.1));
#12881=CARTESIAN_POINT('',(136.3,-78.2968053781812,7.1));
#12882=CARTESIAN_POINT('',(136.3,-91.35,6.6));
#12883=CARTESIAN_POINT('',(136.3,-91.35,8.));
#12884=CARTESIAN_POINT('',(136.3,-91.35,6.6));
#12885=CARTESIAN_POINT('Origin',(165.2,-70.45,8.));
#12886=CARTESIAN_POINT('',(165.2,-92.85,6.6));
#12887=CARTESIAN_POINT('',(165.2,-92.85,8.));
#12888=CARTESIAN_POINT('',(165.2,-70.45,6.6));
#12889=CARTESIAN_POINT('',(165.2,-70.45,6.6));
#12890=CARTESIAN_POINT('',(165.2,-70.45,8.));
#12891=CARTESIAN_POINT('Origin',(165.2,-92.85,8.));
#12892=CARTESIAN_POINT('',(134.8,-92.85,6.6));
#12893=CARTESIAN_POINT('',(134.8,-92.85,8.));
#12894=CARTESIAN_POINT('',(165.2,-92.85,6.6));
#12895=CARTESIAN_POINT('Origin',(163.7,-91.35,8.));
#12896=CARTESIAN_POINT('',(163.7,-91.35,7.1));
#12897=CARTESIAN_POINT('',(163.7,-87.9968053781812,7.1));
#12898=CARTESIAN_POINT('',(163.7,-91.35,6.6));
#12899=CARTESIAN_POINT('',(163.7,-71.95,6.6));
#12900=CARTESIAN_POINT('',(163.7,-91.35,8.));
#12901=CARTESIAN_POINT('Origin',(136.3,-91.35,8.));
#12902=CARTESIAN_POINT('',(143.15000025,-91.35,7.1));
#12903=CARTESIAN_POINT('',(163.7,-91.35,6.6));
#12904=CARTESIAN_POINT('Origin',(134.8,-70.45,8.));
#12905=CARTESIAN_POINT('',(134.8,-70.45,6.6));
#12906=CARTESIAN_POINT('',(134.8,-70.45,6.6));
#12907=CARTESIAN_POINT('',(134.8,-70.45,8.));
#12908=CARTESIAN_POINT('Origin',(134.8,-92.85,8.));
#12909=CARTESIAN_POINT('',(134.8,-92.85,6.6));
#12910=CARTESIAN_POINT('Origin',(150.,-81.65,6.6));
#12911=CARTESIAN_POINT('Origin',(150.0000005,-84.6436107563624,7.1));
#12912=UNCERTAINTY_MEASURE_WITH_UNIT(LENGTH_MEASURE(0.01),#12916,
'DISTANCE_ACCURACY_VALUE',
'Maximum model space distance between geometric entities at asserted c
onnectivities');
#12913=UNCERTAINTY_MEASURE_WITH_UNIT(LENGTH_MEASURE(0.01),#12916,
'DISTANCE_ACCURACY_VALUE',
'Maximum model space distance between geometric entities at asserted c
onnectivities');
#12914=(
GEOMETRIC_REPRESENTATION_CONTEXT(3)
GLOBAL_UNCERTAINTY_ASSIGNED_CONTEXT((#12912))
GLOBAL_UNIT_ASSIGNED_CONTEXT((#12916,#12918,#12919))
REPRESENTATION_CONTEXT('','3D')
);
#12915=(
GEOMETRIC_REPRESENTATION_CONTEXT(3)
GLOBAL_UNCERTAINTY_ASSIGNED_CONTEXT((#12913))
GLOBAL_UNIT_ASSIGNED_CONTEXT((#12916,#12918,#12919))
REPRESENTATION_CONTEXT('','3D')
);
#12916=(
LENGTH_UNIT()
NAMED_UNIT(*)
SI_UNIT(.MILLI.,.METRE.)
);
#12917=(
LENGTH_UNIT()
NAMED_UNIT(*)
SI_UNIT($,.METRE.)
);
#12918=(
NAMED_UNIT(*)
PLANE_ANGLE_UNIT()
SI_UNIT($,.RADIAN.)
);
#12919=(
NAMED_UNIT(*)
SI_UNIT($,.STERADIAN.)
SOLID_ANGLE_UNIT()
);
#12920=SHAPE_DEFINITION_REPRESENTATION(#12921,#12922);
#12921=PRODUCT_DEFINITION_SHAPE('',$,#12924);
#12922=SHAPE_REPRESENTATION('',(#7725),#12914);
#12923=PRODUCT_DEFINITION_CONTEXT('part definition',#12928,'design');
#12924=PRODUCT_DEFINITION('2026-05-28-21-48-32-096','top',#12925,#12923);
#12925=PRODUCT_DEFINITION_FORMATION('',$,#12930);
#12926=PRODUCT_RELATED_PRODUCT_CATEGORY('top','top',(#12930));
#12927=APPLICATION_PROTOCOL_DEFINITION('international standard',
'automotive_design',2009,#12928);
#12928=APPLICATION_CONTEXT(
'Core Data for Automotive Mechanical Design Process');
#12929=PRODUCT_CONTEXT('part definition',#12928,'mechanical');
#12930=PRODUCT('2026-05-28-21-48-32-096','top',$,(#12929));
#12931=PRESENTATION_STYLE_ASSIGNMENT((#12933));
#12932=PRESENTATION_STYLE_ASSIGNMENT((#12934));
#12933=SURFACE_STYLE_USAGE(.BOTH.,#12935);
#12934=SURFACE_STYLE_USAGE(.BOTH.,#12936);
#12935=SURFACE_SIDE_STYLE('',(#12937));
#12936=SURFACE_SIDE_STYLE('',(#12938));
#12937=SURFACE_STYLE_FILL_AREA(#12939);
#12938=SURFACE_STYLE_FILL_AREA(#12940);
#12939=FILL_AREA_STYLE('Opaque(218,205,0)',(#12941));
#12940=FILL_AREA_STYLE('Opaque(212,171,33)',(#12942));
#12941=FILL_AREA_STYLE_COLOUR('Opaque(218,205,0)',#12943);
#12942=FILL_AREA_STYLE_COLOUR('Opaque(212,171,33)',#12944);
#12943=COLOUR_RGB('Opaque(218,205,0)',0.854901960784314,0.803921568627451,
0.);
#12944=COLOUR_RGB('Opaque(212,171,33)',1.,0.87843137254902,0.470588235294118);
ENDSEC;
END-ISO-10303-21;
